product_id,product_name,product_url,reviewer_name,rating,sentiment,confidence,score,roberta_label,method,title,review_text,date,verified_purchase,helpful_count
5274004645,,https://www.walmart.com/ip/Kenmore-Energy-Efficient-Refrigerator-Black/5274004645?classType=VARIANT&adsRedirect=true,Anonymous,,neutral,0.7093,0.5,neutral,roberta,Kenmore Refrigerator,"[This review was collected as part of a promotion.] Did not Ike too small, seems too low on the shelf. Freedom portion tiny. Won't have room for extras like leftovers or storing ahead for parties.",,False,0
5274004645,,https://www.walmart.com/ip/Kenmore-Energy-Efficient-Refrigerator-Black/5274004645?classType=VARIANT&adsRedirect=true,Anonymous,,neutral,0.5247,0.5,neutral,roberta,Nice but dated,[This review was collected as part of a promotion.] Looks nice but seems smaller than I would like. Has nice features with hidden handles. But seems dated with ice inside and freezer on top.,,False,0
2037622238,,https://www.walmart.com/ip/Simzlife-126-Can-Beverage-Refrigerator-and-Cooler-with-Glass-Door-for-Home-18-9-in-W-31-5-in-H/2037622238?classType=VARIANT&athbdg=L1103&adsRedirect=true,Anonymous,,neutral,0.5767,0.5,neutral,roberta,Not as pictured,"I purchased this mainly because in the photo it shows the tall bottles on bottom. BUT that rack is not adjustable to accommodate tall bottles so you have to remove a rack above that to make bottles fit. So what you receive is NOT AS PICTURED. The weight of the cans and bottles will cause the racks to sag in the center, which makes them unstable when opening the door so you have to be very careful you don't knock them all over when opening. I put a Gatorade bottle in the middle of bottom to stabilize the rack above with the bottles. It does cool nicely and it is convenient. I haven't decided if I'm going to keep this item.",,False,0
2037622238,,https://www.walmart.com/ip/Simzlife-126-Can-Beverage-Refrigerator-and-Cooler-with-Glass-Door-for-Home-18-9-in-W-31-5-in-H/2037622238?classType=VARIANT&athbdg=L1103&adsRedirect=true,Anonymous,,neutral,0.5085,0.5,neutral,roberta,,"This fridge fits about 9/2 gallons/tall quarts of milk for our small coffee shop. There's plenty of room for all the other items. I removed a star because the door sometimes doesn't shut so temperature goes up… That has been super frustrating. If the seal on the door was stronger, it would be helpful.",,False,0
2037622238,,https://www.walmart.com/ip/Simzlife-126-Can-Beverage-Refrigerator-and-Cooler-with-Glass-Door-for-Home-18-9-in-W-31-5-in-H/2037622238?classType=VARIANT&athbdg=L1103&adsRedirect=true,Anonymous,,neutral,0.4499,0.5,neutral,roberta,,Love it but...the glass front glass is constantly wet from condensation. we wipe it down everyday. we luve in humid environment so you may not have this problem.,,False,0
2037622238,,https://www.walmart.com/ip/Simzlife-126-Can-Beverage-Refrigerator-and-Cooler-with-Glass-Door-for-Home-18-9-in-W-31-5-in-H/2037622238?classType=VARIANT&athbdg=L1103&adsRedirect=true,Anonymous,,neutral,0.4374,0.5,neutral,roberta,Small but spaces,"the space is very good, get cold really fast. the only problem i seems to have was the top get very hot not sure why ?",,False,0
2037622238,,https://www.walmart.com/ip/Simzlife-126-Can-Beverage-Refrigerator-and-Cooler-with-Glass-Door-for-Home-18-9-in-W-31-5-in-H/2037622238?classType=VARIANT&athbdg=L1103&adsRedirect=true,Anonymous,,neutral,0.6121,0.5,neutral,roberta,,Wanted to acquire something convenient for my family to find quick refreshments. This keeps them out of my refrigerator.,,False,0
2037622238,,https://www.walmart.com/ip/Simzlife-126-Can-Beverage-Refrigerator-and-Cooler-with-Glass-Door-for-Home-18-9-in-W-31-5-in-H/2037622238?classType=VARIANT&athbdg=L1103&adsRedirect=true,Anonymous,,neutral,0.6405,0.5,neutral,roberta,It's okay,Does not get as cold as the setting. But because it's lowest setting is 32 you can get it somewhat cold. (I like my drinks cold) Makes some strange meaning and groaning noises.,,False,0
2037622238,,https://www.walmart.com/ip/Simzlife-126-Can-Beverage-Refrigerator-and-Cooler-with-Glass-Door-for-Home-18-9-in-W-31-5-in-H/2037622238?classType=VARIANT&athbdg=L1103&adsRedirect=true,Anonymous,,neutral,0.8727,0.5,neutral,roberta,,Says it get to 34 degrees. It only got to 42 degrees when set to 34 degrees,,False,0
2037622238,,https://www.walmart.com/ip/Simzlife-126-Can-Beverage-Refrigerator-and-Cooler-with-Glass-Door-for-Home-18-9-in-W-31-5-in-H/2037622238?classType=VARIANT&athbdg=L1103&adsRedirect=true,Anonymous,,neutral,0.7036,0.5,neutral,roberta,Child lock,Product states there is a child lock. The beverage cooler I received has no lock at all,,False,0
2037622238,,https://www.walmart.com/ip/Simzlife-126-Can-Beverage-Refrigerator-and-Cooler-with-Glass-Door-for-Home-18-9-in-W-31-5-in-H/2037622238?classType=VARIANT&athbdg=L1103&adsRedirect=true,Anonymous,,neutral,0.5831,0.5,neutral,roberta,,Seems to keep in high 30's instead of 32 degrees. After a month of use it runs louder you can hear from other room. Okay considering the price.,,False,0
2037622238,,https://www.walmart.com/ip/Simzlife-126-Can-Beverage-Refrigerator-and-Cooler-with-Glass-Door-for-Home-18-9-in-W-31-5-in-H/2037622238?classType=VARIANT&athbdg=L1103&adsRedirect=true,Anonymous,,neutral,0.4968,0.5,neutral,roberta,,I only bought this off brand because it has a picture showing lower temp down to 32F. It only goes to 34F.,,False,0
2037622238,,https://www.walmart.com/ip/Simzlife-126-Can-Beverage-Refrigerator-and-Cooler-with-Glass-Door-for-Home-18-9-in-W-31-5-in-H/2037622238?classType=VARIANT&athbdg=L1103&adsRedirect=true,Anonymous,,neutral,0.6928,0.5,neutral,roberta,Will Not Get Cold,"I followed all the instructions in the manual and when I finally plugged in the refrigerator, the temperature went up instead of down to 43 which is what I set it at.",,False,0
2037622238,,https://www.walmart.com/ip/Simzlife-126-Can-Beverage-Refrigerator-and-Cooler-with-Glass-Door-for-Home-18-9-in-W-31-5-in-H/2037622238?classType=VARIANT&athbdg=L1103&adsRedirect=true,Anonymous,,neutral,0.4476,0.5,neutral,roberta,"Beverage Cooler Good, switching hinge side not so","Got the cooler last week, switching the door hinge side was a bit of an issue due to poor build quality. New hinge holes filled with insulation, chrome plastic hole cover impossible to remove without destroying it. So mow I have an open hole. So far fridg seems to work well.",,False,0
2037622238,,https://www.walmart.com/ip/Simzlife-126-Can-Beverage-Refrigerator-and-Cooler-with-Glass-Door-for-Home-18-9-in-W-31-5-in-H/2037622238?classType=VARIANT&athbdg=L1103&adsRedirect=true,Anonymous,,neutral,0.5149,0.5,neutral,roberta,Sleek and clean,Adjustable wire shelving great for cans or glass bottles but not so great for bottle water. Only way was to lay them down.,,False,0
2037622238,,https://www.walmart.com/ip/Simzlife-126-Can-Beverage-Refrigerator-and-Cooler-with-Glass-Door-for-Home-18-9-in-W-31-5-in-H/2037622238?classType=VARIANT&athbdg=L1103&adsRedirect=true,Anonymous,,neutral,0.8172,0.5,neutral,roberta,,"The description states that the temperature will go as low as 34, but I have had the settings as low as it goes for a couple days now and it will not go lower than 43 on the thermometer that I put inside.",,False,0
2037622238,,https://www.walmart.com/ip/Simzlife-126-Can-Beverage-Refrigerator-and-Cooler-with-Glass-Door-for-Home-18-9-in-W-31-5-in-H/2037622238?classType=VARIANT&athbdg=L1103&adsRedirect=true,Anonymous,,neutral,0.684,0.5,neutral,roberta,Defective,The outside of the glass has condensation on it even though the appliance is inside.,,False,0
2037622238,,https://www.walmart.com/ip/Simzlife-126-Can-Beverage-Refrigerator-and-Cooler-with-Glass-Door-for-Home-18-9-in-W-31-5-in-H/2037622238?classType=VARIANT&athbdg=L1103&adsRedirect=true,Anonymous,,neutral,0.6967,0.5,neutral,roberta,Mini-fridge glass door review,Is exactly as advertised,,False,0
2037622238,,https://www.walmart.com/ip/Simzlife-126-Can-Beverage-Refrigerator-and-Cooler-with-Glass-Door-for-Home-18-9-in-W-31-5-in-H/2037622238?classType=VARIANT&athbdg=L1103&adsRedirect=true,Anonymous,,neutral,0.6431,0.5,neutral,roberta,size not as described,states that its 18.9 inches wide. It is really 17.5 inches wide. If that matters don't buy. If it doesn't then I think its a fine fridge.,,False,0
2037622238,,https://www.walmart.com/ip/Simzlife-126-Can-Beverage-Refrigerator-and-Cooler-with-Glass-Door-for-Home-18-9-in-W-31-5-in-H/2037622238?classType=VARIANT&athbdg=L1103&adsRedirect=true,Anonymous,,neutral,0.5401,0.5,neutral,roberta,What i expected,It is just what I expected...little smaller than i thought..but keeps everything cold..as expected. The only thing i would change..make the light come on when you open the door and go off when you close...just like a grown up fridge.,,False,0
2037622238,,https://www.walmart.com/ip/Simzlife-126-Can-Beverage-Refrigerator-and-Cooler-with-Glass-Door-for-Home-18-9-in-W-31-5-in-H/2037622238?classType=VARIANT&athbdg=L1103&adsRedirect=true,Anonymous,,neutral,0.6177,0.5,neutral,roberta,Nice Size,Question. How do you stop it from fogging up,,False,0
2037622238,,https://www.walmart.com/ip/Simzlife-126-Can-Beverage-Refrigerator-and-Cooler-with-Glass-Door-for-Home-18-9-in-W-31-5-in-H/2037622238?classType=VARIANT&athbdg=L1103&adsRedirect=true,Anonymous,,neutral,0.4985,0.5,neutral,roberta,not bad,The only thing i duslike is the glass door stays foggy,,False,0
8329670261,,https://www.walmart.com/ip/4-5-Cu-ft-Mini-Refrigerator-with-Freezer-Small-Refrigerator-for-Office-Kitchen-Dorm-and-Bedroom-2-Doors-Mini-Fridge-with-Adjustable-Shelves-Sliver/8329670261?classType=VARIANT&adsRedirect=true,Anonymous,,neutral,0.529,0.5,neutral,roberta,refrig portion not cooling,"nice size, freezing is spacious, however, refrig portion not cooling",,False,0
15059306168,,https://www.walmart.com/ip/MS-3-2CF-2D-SS-FRIG/15059306168?classType=REGULAR&athbdg=L1103&from=/search,Anonymous,,neutral,0.6844,0.5,neutral,roberta,,"The item was left at the front of my house instead of the back door. Luckily, I got it safely in the back before someone could try and take.",,False,0
15059306168,,https://www.walmart.com/ip/MS-3-2CF-2D-SS-FRIG/15059306168?classType=REGULAR&athbdg=L1103&from=/search,Anonymous,,neutral,0.8755,0.5,neutral,roberta,,Separate door for freezer. Used for dorm room cool very quickly and starting freezing for ice quickly.,,False,0
15059306168,,https://www.walmart.com/ip/MS-3-2CF-2D-SS-FRIG/15059306168?classType=REGULAR&athbdg=L1103&from=/search,Anonymous,,neutral,0.6762,0.5,neutral,roberta,,"Interior fridge space is the same as a smaller mini fridge, just has a larger freezer which is roomy",,False,0
15059306168,,https://www.walmart.com/ip/MS-3-2CF-2D-SS-FRIG/15059306168?classType=REGULAR&athbdg=L1103&from=/search,Anonymous,,neutral,0.6448,0.5,neutral,roberta,,"********* refrigerator used to cost 40 and lasted 20 years, i bought this one as the old one died only 2 years old, we will see how long it lasts.",,False,0
15059306168,,https://www.walmart.com/ip/MS-3-2CF-2D-SS-FRIG/15059306168?classType=REGULAR&athbdg=L1103&from=/search,Anonymous,,neutral,0.6035,0.5,neutral,roberta,,"2 separate doors, a capacious ""dedicated"" fridge is worth additional price vs. single door with 'freezer box'. Never had much luck with those.",,False,0
15059306168,,https://www.walmart.com/ip/MS-3-2CF-2D-SS-FRIG/15059306168?classType=REGULAR&athbdg=L1103&from=/search,Anonymous,,neutral,0.5868,0.5,neutral,roberta,,There were no surprises upon arrival. Exactly as description stated. No assembly needed. Just plug in and go.,,False,0
15059306168,,https://www.walmart.com/ip/MS-3-2CF-2D-SS-FRIG/15059306168?classType=REGULAR&athbdg=L1103&from=/search,Anonymous,,neutral,0.4865,0.5,neutral,roberta,,"a little too small, we would have liked a spot for a gallon of milk.",,False,0
15059306168,,https://www.walmart.com/ip/MS-3-2CF-2D-SS-FRIG/15059306168?classType=REGULAR&athbdg=L1103&from=/search,Anonymous,,neutral,0.5323,0.5,neutral,roberta,,"It works for the dorm this was purchased for, but it does not get as cold as I would like.",,False,0
15059306168,,https://www.walmart.com/ip/MS-3-2CF-2D-SS-FRIG/15059306168?classType=REGULAR&athbdg=L1103&from=/search,Anonymous,,neutral,0.5313,0.5,neutral,roberta,,Everything was what I expected. Some prices are higher than other local stores.,,False,0
2465807248,,https://www.walmart.com/ip/Hamilton-Beach-15-6-cu-Ft-Side-by-side-Stainless-Refrigerator/2465807248?classType=REGULAR&from=/search,Anonymous,,neutral,0.4639,0.5,neutral,roberta,,Unpacked and found the top was already dented in and a piece broke off due to it. Everything else was perfectly fine though.,,False,0
2465807248,,https://www.walmart.com/ip/Hamilton-Beach-15-6-cu-Ft-Side-by-side-Stainless-Refrigerator/2465807248?classType=REGULAR&from=/search,Anonymous,,neutral,0.5506,0.5,neutral,roberta,,The fridge itself is fine. It is not the size/dimensions listed which caused me to have to hire someone to cut some of my cabinets to fit it. Had your listing been correct- that would have solved this issue.,,False,0
2465807248,,https://www.walmart.com/ip/Hamilton-Beach-15-6-cu-Ft-Side-by-side-Stainless-Refrigerator/2465807248?classType=REGULAR&from=/search,Anonymous,,neutral,0.5211,0.5,neutral,roberta,,"the Gamilton Beach refrigerator was delivered to me at my pront porch, because the delivery guy had a hard time getting it to the porch .so when i opened the box in my living rooom so i could just roll it to the kitten i notice the it had been damaged.becaue my old refrigerator is not working i had no choice but to keep it., other than thati can say its a good size for the price.. the freezer work very wll .just hope it last for a feww years. im greatfull it got her early .",,False,0
2465807248,,https://www.walmart.com/ip/Hamilton-Beach-15-6-cu-Ft-Side-by-side-Stainless-Refrigerator/2465807248?classType=REGULAR&from=/search,Anonymous,,neutral,0.6882,0.5,neutral,roberta,Refridgerator drop and go?,Make sure you let the delivery requests be known. Change your preferences to not drop and go. Unless you are strong and have help.,,False,0
2465807248,,https://www.walmart.com/ip/Hamilton-Beach-15-6-cu-Ft-Side-by-side-Stainless-Refrigerator/2465807248?classType=REGULAR&from=/search,Anonymous,,neutral,0.7671,0.5,neutral,roberta,Scratches and Dent,Scratches/small dent on the door.,,False,0
2465807248,,https://www.walmart.com/ip/Hamilton-Beach-15-6-cu-Ft-Side-by-side-Stainless-Refrigerator/2465807248?classType=REGULAR&from=/search,Anonymous,,neutral,0.8998,0.5,neutral,roberta,,am leaving back to Europe at the 16th of December 2023- Can You deliver the fridge before? I am coming back to Florida in February 2024. Please answer as soon as possible.,,False,0
2465807248,,https://www.walmart.com/ip/Hamilton-Beach-15-6-cu-Ft-Side-by-side-Stainless-Refrigerator/2465807248?classType=REGULAR&from=/search,Anonymous,,neutral,0.7257,0.5,neutral,roberta,Damage,Came with the back smashed on 7/15/2024 and sent it rite back.,,False,0
9152107924,,https://www.walmart.com/ip/WANAI-3-5-Cu-ft-Fridge-with-Freezer-2-Door-Compact-Refrigerator-Adjustable-Thermostat-Silver-New/9152107924?classType=VARIANT&adsRedirect=true,Anonymous,,neutral,0.5242,0.5,neutral,roberta,,The fridge and freezer are nice however there was a dent in the top of the refrigerator/freezer when we took it out of the box.,,False,0
9152107924,,https://www.walmart.com/ip/WANAI-3-5-Cu-ft-Fridge-with-Freezer-2-Door-Compact-Refrigerator-Adjustable-Thermostat-Silver-New/9152107924?classType=VARIANT&adsRedirect=true,Anonymous,,neutral,0.5178,0.5,neutral,roberta,Mini is Correct,Much smaller than the picture it looks like you can put so much in the freezer and fridge so untrue I could’ve gotten the taller one for a few more dollars,,False,0
9152107924,,https://www.walmart.com/ip/WANAI-3-5-Cu-ft-Fridge-with-Freezer-2-Door-Compact-Refrigerator-Adjustable-Thermostat-Silver-New/9152107924?classType=VARIANT&adsRedirect=true,Anonymous,,neutral,0.8486,0.5,neutral,roberta,Refrigerator,I’ll let you know after I have it up and running for a little while,,False,0
6260009995,,https://www.walmart.com/ip/Arctic-King-7-1-Cu-ft-Upright-Convertible-Freezer-Refrigerator-White/6260009995?classType=VARIANT&athbdg=L1600&from=/search,Anonymous,,neutral,0.4769,0.5,neutral,roberta,7cubic ft freezer,"Bought this May 5 had it by the next week let it sit for 24 hours and then plugged it in and it's been freezing ever since I started loading it up immediately when I knew it was freezing I put a bowl of water in it and it just started freezing I knew it was good. Anyways, it's been a great extra freezer for my deer meat, and a few veggies and things. I would definitely recommend this freezer.",,False,0
6260009995,,https://www.walmart.com/ip/Arctic-King-7-1-Cu-ft-Upright-Convertible-Freezer-Refrigerator-White/6260009995?classType=VARIANT&athbdg=L1600&from=/search,Anonymous,,neutral,0.4721,0.5,neutral,roberta,Be there to except the Delivery.,"BE there when it's delivered ! The delivery was early by two days, But Walmart didn't call or bring it to our Attention, Delivery, dropped it off at our garage, and Drove off!, no alert , no call, no customer acceptance/examination (puncture in lower right side of box) nothing. Our neighbor called to let us no there was a delivery left in front of garage (which we can not see from our front door) I could have seen the hole and NOT excepted/Refused delivery. Now that I see, the Freezer Does, have a Puncture through side. In lieu of scheduling another Pick-up/ delivery, I would Accept a $40.00 Walmart Gift Card, and leave it at that, and you would end up with a Happy customer! Now, I'd be leery of Deliveries, next time. Thank you, FSR,VA",,False,0
6260009995,,https://www.walmart.com/ip/Arctic-King-7-1-Cu-ft-Upright-Convertible-Freezer-Refrigerator-White/6260009995?classType=VARIANT&athbdg=L1600&from=/search,Anonymous,,neutral,0.6875,0.5,neutral,roberta,Needs a door handle,"Nice little unit. No handle on side of door. If top is used for handle, door will be twisted in no time. I put a handle on side of door at midpoint. 2 screws",,False,0
6260009995,,https://www.walmart.com/ip/Arctic-King-7-1-Cu-ft-Upright-Convertible-Freezer-Refrigerator-White/6260009995?classType=VARIANT&athbdg=L1600&from=/search,Anonymous,,neutral,0.5021,0.5,neutral,roberta,functional with useful features and a dent,it came with a dent on the top back left. useful features to change the side where the door opened. inexpensive but still would expect it to come without a dent.,,False,0
6260009995,,https://www.walmart.com/ip/Arctic-King-7-1-Cu-ft-Upright-Convertible-Freezer-Refrigerator-White/6260009995?classType=VARIANT&athbdg=L1600&from=/search,Anonymous,,neutral,0.5093,0.5,neutral,roberta,Arrived damaged,"The freezer worked well right away. I have not tried the refrigerator feature. It was packaged well without any damage to the box or packing materials. The door has a pretty significant dent. A number of the other reviews noted damage to their units, so clearly this is an issue that the manufacturer needs to address.",,False,0
6260009995,,https://www.walmart.com/ip/Arctic-King-7-1-Cu-ft-Upright-Convertible-Freezer-Refrigerator-White/6260009995?classType=VARIANT&athbdg=L1600&from=/search,Anonymous,,neutral,0.6006,0.5,neutral,roberta,If you dont mind challenges. Buy it.,"The unit arrived in a box. box seemed fine. The top right door and hinge were pretty damaged. I needed the hinge to be on the left side, and the unit came with additional left hinge. After switching hinges I realized the door wouldn't close. I used rope to hold door shut to test refrigerator setting. It took a couple tries but I got the unit cooling at 36 degrees fahrenheit. Also the door seals once it is cooling. For me it was a win. I dont care if the door looks damaged. The unit keeps my food cold. The price is right. Dont purchase if you aren't willing to work for a win.",,False,0
6260009995,,https://www.walmart.com/ip/Arctic-King-7-1-Cu-ft-Upright-Convertible-Freezer-Refrigerator-White/6260009995?classType=VARIANT&athbdg=L1600&from=/search,Anonymous,,neutral,0.4711,0.5,neutral,roberta,Delivery Problems,I think the product is good and it was definitely checked before shipping. Maybe it was due to shipping. The refrigerator I received had a dent on the corner.,,False,0
6260009995,,https://www.walmart.com/ip/Arctic-King-7-1-Cu-ft-Upright-Convertible-Freezer-Refrigerator-White/6260009995?classType=VARIANT&athbdg=L1600&from=/search,Anonymous,,neutral,0.642,0.5,neutral,roberta,saved money!,"The same item was for sale at Lowe's but with. $100 delivery charge added. Free shipping meant FedEx left it in my front yard. If I had wanted it unpackaged and installed in my house by somebody else, a delivery charge might have been reasonable. But I own a hand cart and did all that myself. It's not that heavy; I am a 75 year old 5'3"" female, and having FedEx leave it in front of the house for free was not a problem for me.",,False,0
6260009995,,https://www.walmart.com/ip/Arctic-King-7-1-Cu-ft-Upright-Convertible-Freezer-Refrigerator-White/6260009995?classType=VARIANT&athbdg=L1600&from=/search,Anonymous,,neutral,0.6476,0.5,neutral,roberta,,"Purchased online on 12/26, delivered on 12/30. The carton did not have any outward damage. When I removed the shipping carton every side of the freezer had multiple dents, and one puncture right through the side. Thee unit was definitely damaged before it was shipped.",,False,0
6260009995,,https://www.walmart.com/ip/Arctic-King-7-1-Cu-ft-Upright-Convertible-Freezer-Refrigerator-White/6260009995?classType=VARIANT&athbdg=L1600&from=/search,Anonymous,,neutral,0.4786,0.5,neutral,roberta,"Arrived damaged, but spacious inside.","Arrived in a box that looked like the bottom had fallen completely out of it and had then been taped back together with packaging tape. Once opened, I discovered there was damage to the bottom/back of the freezer. Fortunately it seems to be exterior only damage. Despite arriving in less than new condition, the freezer appears to be working well. It has a spacious interior with stylish glass shelving. I'm liking it so far.",,False,0
6260009995,,https://www.walmart.com/ip/Arctic-King-7-1-Cu-ft-Upright-Convertible-Freezer-Refrigerator-White/6260009995?classType=VARIANT&athbdg=L1600&from=/search,Anonymous,,neutral,0.5562,0.5,neutral,roberta,Poor Delivery Service,"I received an email that I would received the merchandise( Upright freezer) I ordered on Dec. 8th. Well, on Dec. 1st; as I was preparing my day take handle business, I came downstairs( finding my daughter already down there)to check the weather and when I opened the door there was a huge box sitting in front of the door of my apartment. I was startled but also glad to get my freezer. Had to change my whole day because of the early delivery. The maintenance dept at my apt complex saw the box in front of my door came over and offered to bring the box inside my apt. Wow, was I grateful and appreciative for their help. I was able to open the box, take the freezer out to find a damaged dent on the left side of the freezer( if your standing in front of the freezer). I did take pictures of the damaged area. I was able to get the freezer in my kitchen, wipe it down and clean it and place everything perspectively according to the directions given. As I was reading the direction, I noticed that there were pieces (screws) missing that was suppose to be with the merchandise. If I wanted to switch sides of the door to open to the other direction I am not able to do so because of the missing pieces. I truly hope I will never have to go through an experience like this again because it would be hard for me to recommend ordering huge items from Walmart.com to anyone wondering if they would have the same or similar experience. Thats not fair to the customer to pay large amounts of money to receive damaged merchandise at delivery. I am an honest person and I practice treating people like I desire to be treated. Although this experience left a bad taste in my mouth, I am currently using the freezer and it seems to be working fine so far. I really like this freezer, it was just what I was looking for and at a reasonable price. Walmart.com, I have been ordering merchandise for several years now and would like to continue doing business with your company, but I would recommend better delivery service ethics for better customer service, because you may not get a more positive or understanding person on an experience like this the next time; there are some pretty mean and nasty people in this world and they can be pretty nasty about an experience like mine. I hope that your delivery service would consider better customer service for the sake of the company. Thank you for the opportunity to express my experience and hope you have a real nice day",,False,0
6260009995,,https://www.walmart.com/ip/Arctic-King-7-1-Cu-ft-Upright-Convertible-Freezer-Refrigerator-White/6260009995?classType=VARIANT&athbdg=L1600&from=/search,Anonymous,,neutral,0.4845,0.5,neutral,roberta,Ours arrived in good shape!,We were worried reading the reviews about major dents and dings since this was a garage-rated freezer we decided the price was right we would risk it and keep it baring it being extremely dented. We received our order in 2 days via fedex from KC to NE and we opened a pristine freezer. I am 6 months pregnant and was able to get it into the garage and hooked up alone. Likely the short distance of shipping to us in the midwest accounted for it being in better shape because the packaging was probably not adequate for a longer trip.,,False,0
6260009995,,https://www.walmart.com/ip/Arctic-King-7-1-Cu-ft-Upright-Convertible-Freezer-Refrigerator-White/6260009995?classType=VARIANT&athbdg=L1600&from=/search,Anonymous,,neutral,0.6128,0.5,neutral,roberta,upright versus chest style freezers.,So Much easier loading and unloading an upright freezer with movable shelves. With a chest type if you want one particular item it's going to be buried on bottom everytime.,,False,0
6260009995,,https://www.walmart.com/ip/Arctic-King-7-1-Cu-ft-Upright-Convertible-Freezer-Refrigerator-White/6260009995?classType=VARIANT&athbdg=L1600&from=/search,Anonymous,,neutral,0.4775,0.5,neutral,roberta,Worth the Price BUT,"The item arrived pretty dinged up. It worked so I kept it. From looking at the comments, this is a common thread. Walmart needs to invest in packing it better because the DeliveryDrivers dont care.",,False,0
6260009995,,https://www.walmart.com/ip/Arctic-King-7-1-Cu-ft-Upright-Convertible-Freezer-Refrigerator-White/6260009995?classType=VARIANT&athbdg=L1600&from=/search,Anonymous,,neutral,0.5712,0.5,neutral,roberta,,Had a issue with getting it to work. I had to take the thermostat cover off the plug came loose during shipping to get it to run. Other than that it's up and running. I do like the fact it has a refrigerator and freezer mode.,,False,0
6260009995,,https://www.walmart.com/ip/Arctic-King-7-1-Cu-ft-Upright-Convertible-Freezer-Refrigerator-White/6260009995?classType=VARIANT&athbdg=L1600&from=/search,Anonymous,,neutral,0.4223,0.5,neutral,roberta,,"This would have been a 5 star review, but there were issues getting it. The freezer itself is perfect for my needs. Small, yet plenty of space for items. Cooled down to 0 degrees within an hour or so after plugging it in. However, my original order was lost somehow (how do you lose a large item like a freezer?). Walmart customer service was pretty good at getting a replacement sent but it took much longer to get than it should have.",,False,0
6260009995,,https://www.walmart.com/ip/Arctic-King-7-1-Cu-ft-Upright-Convertible-Freezer-Refrigerator-White/6260009995?classType=VARIANT&athbdg=L1600&from=/search,Anonymous,,neutral,0.4886,0.5,neutral,roberta,Dents %26 Scratches,"The freezer seems to be working so far, but my concern is that the life of the refrigerator won't be long because of the dents and scratches when it arrived. Plus, It is hard to open the door. The suction is powerful, but I guess that will keep the cold inside 😀. The size is great for us. It is extremely quiet. I don't have it on high, yet everything is rock solid frozen. The 2 star rating is the fear factor of the unknown problems due to the dents on the freezer.",,False,0
6260009995,,https://www.walmart.com/ip/Arctic-King-7-1-Cu-ft-Upright-Convertible-Freezer-Refrigerator-White/6260009995?classType=VARIANT&athbdg=L1600&from=/search,Anonymous,,neutral,0.6582,0.5,neutral,roberta,,It's was just the size we needed without spending a lot more money.,,False,0
6260009995,,https://www.walmart.com/ip/Arctic-King-7-1-Cu-ft-Upright-Convertible-Freezer-Refrigerator-White/6260009995?classType=VARIANT&athbdg=L1600&from=/search,Anonymous,,neutral,0.5379,0.5,neutral,roberta,Exactly as described,Exactly as described. Meets all my requirements,,False,0
6260009995,,https://www.walmart.com/ip/Arctic-King-7-1-Cu-ft-Upright-Convertible-Freezer-Refrigerator-White/6260009995?classType=VARIANT&athbdg=L1600&from=/search,Anonymous,,neutral,0.5247,0.5,neutral,roberta,,I was worried about it being damaged during shipping but despite the box being broken it doesn’t have any damage and is cooling just fine.,,False,0
6260009995,,https://www.walmart.com/ip/Arctic-King-7-1-Cu-ft-Upright-Convertible-Freezer-Refrigerator-White/6260009995?classType=VARIANT&athbdg=L1600&from=/search,Anonymous,,neutral,0.6351,0.5,neutral,roberta,,"First the measurements are in correct. The height is stated at 53.7 and in actuality it is 50. Depth was listed at 24.2 and was 22.5. The width was 24.4 and was 21.75. Which is noted further down but not in the picture. Which to me is false advertising. But the issue was we read the review they received it damaged by FedEx. However, the box came in full tact with a few spots but did not correlate with the damage on the unit! Which leads me to believe prior to being shipped it is already damaged. Not to mention we had challenges with damage inside the unit nothing that would be an issue but still damage on the bottom of the unit.",,False,0
6260009995,,https://www.walmart.com/ip/Arctic-King-7-1-Cu-ft-Upright-Convertible-Freezer-Refrigerator-White/6260009995?classType=VARIANT&athbdg=L1600&from=/search,Anonymous,,neutral,0.5256,0.5,neutral,roberta,DENT,ARRIVED WITH DENT ON TOP . BOX NOT DAMAGED AT ALL SO HAD TO BE PACKED WITH THE DENT .,,False,0
6260009995,,https://www.walmart.com/ip/Arctic-King-7-1-Cu-ft-Upright-Convertible-Freezer-Refrigerator-White/6260009995?classType=VARIANT&athbdg=L1600&from=/search,Anonymous,,neutral,0.6305,0.5,neutral,roberta,Came in looking like it was dropped off the truck.,As stated it looks like it was dropped. Now I have to find a way to get it 35 miles to the closest store. I own a small car. Pictures tell it all,,False,0
6260009995,,https://www.walmart.com/ip/Arctic-King-7-1-Cu-ft-Upright-Convertible-Freezer-Refrigerator-White/6260009995?classType=VARIANT&athbdg=L1600&from=/search,Anonymous,,neutral,0.4899,0.5,neutral,roberta,,just received this and it has a dent top right hand corner.,,False,0
6260009995,,https://www.walmart.com/ip/Arctic-King-7-1-Cu-ft-Upright-Convertible-Freezer-Refrigerator-White/6260009995?classType=VARIANT&athbdg=L1600&from=/search,Anonymous,,neutral,0.6138,0.5,neutral,roberta,,The freezer arrived with a dent on the lower right side and a crease on the back plate,,False,0
6260009995,,https://www.walmart.com/ip/Arctic-King-7-1-Cu-ft-Upright-Convertible-Freezer-Refrigerator-White/6260009995?classType=VARIANT&athbdg=L1600&from=/search,Anonymous,,neutral,0.6182,0.5,neutral,roberta,,well it came with a dent in the top.... but we'll see how it works....,,False,0
6260009995,,https://www.walmart.com/ip/Arctic-King-7-1-Cu-ft-Upright-Convertible-Freezer-Refrigerator-White/6260009995?classType=VARIANT&athbdg=L1600&from=/search,Anonymous,,neutral,0.6334,0.5,neutral,roberta,Things are not always as the seem,"I was a little concerned when my shipment arrived, because the box was obviously retaped with silver duct tape, but upon opening the box the freezer was intact and packing inside was still in place, so waited the appropriate amount of time before proceeding to plug it in, and it works just fine, used a temperature gauge to make sure it was at 0% F before placing any food inside. So it seems it was returned because someone decided it was either to big or to small for their needs who knows in any case it works. Just wasn't expecting to receive a returned item was under the assumption it was new.",,False,0
6260009995,,https://www.walmart.com/ip/Arctic-King-7-1-Cu-ft-Upright-Convertible-Freezer-Refrigerator-White/6260009995?classType=VARIANT&athbdg=L1600&from=/search,Anonymous,,neutral,0.4467,0.5,neutral,roberta,It work for three weeks,I had gotten it and it was fine at first I like that it was small because I’m in a apartment but just the other day I saw water on the floor and I was like what’s this. So then I waited a day and it’s still not on so this freezer isn’t good or at least for me it wasn’t.,,False,0
6260009995,,https://www.walmart.com/ip/Arctic-King-7-1-Cu-ft-Upright-Convertible-Freezer-Refrigerator-White/6260009995?classType=VARIANT&athbdg=L1600&from=/search,Anonymous,,neutral,0.4933,0.5,neutral,roberta,so far so good,"Freezer arrived with a couple of dings and dents, nothing too major, but somewhat disappointing for a new freezer. It definitely gets cold, I will be putting a remote thermostat in it to confirm temperature and so I get an alert if the freezer quits on me, so I dont loose everything inside. The freezer is unusually loud, you can hear the refrigerant running through it, rather loudly when its running. much louder then any other refrigerator or freezer that I have owned. hope thats not a bad sign....",,False,0
6260009995,,https://www.walmart.com/ip/Arctic-King-7-1-Cu-ft-Upright-Convertible-Freezer-Refrigerator-White/6260009995?classType=VARIANT&athbdg=L1600&from=/search,Anonymous,,neutral,0.8007,0.5,neutral,roberta,,The price range and size. Also being delivered to my house.,,False,0
6260009995,,https://www.walmart.com/ip/Arctic-King-7-1-Cu-ft-Upright-Convertible-Freezer-Refrigerator-White/6260009995?classType=VARIANT&athbdg=L1600&from=/search,Anonymous,,neutral,0.3532,0.5,neutral,roberta,,We love the size of the freezer but it arrived damaged.,,False,0
6260009995,,https://www.walmart.com/ip/Arctic-King-7-1-Cu-ft-Upright-Convertible-Freezer-Refrigerator-White/6260009995?classType=VARIANT&athbdg=L1600&from=/search,Anonymous,,neutral,0.5609,0.5,neutral,roberta,Its ok,"Had a large dent in the side worth the price, not enough to hassle with a return",,False,0
6260009995,,https://www.walmart.com/ip/Arctic-King-7-1-Cu-ft-Upright-Convertible-Freezer-Refrigerator-White/6260009995?classType=VARIANT&athbdg=L1600&from=/search,Anonymous,,neutral,0.4883,0.5,neutral,roberta,misinformation,On line it stated this was a frost free; that is not the case,,False,0
6260009995,,https://www.walmart.com/ip/Arctic-King-7-1-Cu-ft-Upright-Convertible-Freezer-Refrigerator-White/6260009995?classType=VARIANT&athbdg=L1600&from=/search,Anonymous,,neutral,0.7315,0.5,neutral,roberta,,"Received the freezer, plugged it in and worked for 24 hours then stopped freezing",,False,0
6260009995,,https://www.walmart.com/ip/Arctic-King-7-1-Cu-ft-Upright-Convertible-Freezer-Refrigerator-White/6260009995?classType=VARIANT&athbdg=L1600&from=/search,Anonymous,,neutral,0.3966,0.5,neutral,roberta,,"Overall a good freezer, but like many others here, my freezer arrived dented (see pics). Be prepared.",,False,0
13273318661,,https://www.walmart.com/ip/Mini-Fridge-for-Bedroom-3-2-Cu-Ft-Small-Refrigerator-with-Freezer-for-Dorm-Office-Compact-Single-Door-Adjustable-Thermostat-Low-Noise-Black/13273318661?classType=VARIANT&from=/search,Anonymous,,neutral,0.7757,0.5,neutral,roberta,,smaller more narrow than the original refrigerator i bought several years ago,,False,0
13273318661,,https://www.walmart.com/ip/Mini-Fridge-for-Bedroom-3-2-Cu-Ft-Small-Refrigerator-with-Freezer-for-Dorm-Office-Compact-Single-Door-Adjustable-Thermostat-Low-Noise-Black/13273318661?classType=VARIANT&from=/search,Anonymous,,neutral,0.7554,0.5,neutral,roberta,Just bought have not yet used,Just bought but have not yet installed,,False,0
13273318661,,https://www.walmart.com/ip/Mini-Fridge-for-Bedroom-3-2-Cu-Ft-Small-Refrigerator-with-Freezer-for-Dorm-Office-Compact-Single-Door-Adjustable-Thermostat-Low-Noise-Black/13273318661?classType=VARIANT&from=/search,Anonymous,,neutral,0.5934,0.5,neutral,roberta,Room mate,"Temp control is cheap , freezer is small and you get what you pay for",,False,0
13273318661,,https://www.walmart.com/ip/Mini-Fridge-for-Bedroom-3-2-Cu-Ft-Small-Refrigerator-with-Freezer-for-Dorm-Office-Compact-Single-Door-Adjustable-Thermostat-Low-Noise-Black/13273318661?classType=VARIANT&from=/search,Anonymous,,neutral,0.5993,0.5,neutral,roberta,"As described, but hums loudly","It's noisy. We've had a mini fridge, and it never made the noises this one does. Louder humming. Works fine, and is as described and pictured.",,False,0
13273318661,,https://www.walmart.com/ip/Mini-Fridge-for-Bedroom-3-2-Cu-Ft-Small-Refrigerator-with-Freezer-for-Dorm-Office-Compact-Single-Door-Adjustable-Thermostat-Low-Noise-Black/13273318661?classType=VARIANT&from=/search,Anonymous,,neutral,0.761,0.5,neutral,roberta,Product does run but freezer drawer doesn't freeze,Does not freeze or maintain a frozen item. It melts in freezer drawer.,,False,0
13273318661,,https://www.walmart.com/ip/Mini-Fridge-for-Bedroom-3-2-Cu-Ft-Small-Refrigerator-with-Freezer-for-Dorm-Office-Compact-Single-Door-Adjustable-Thermostat-Low-Noise-Black/13273318661?classType=VARIANT&from=/search,Anonymous,,neutral,0.8451,0.5,neutral,roberta,,the item makes noises hiwever it is in my game room where only i notice.,,False,0
13273318661,,https://www.walmart.com/ip/Mini-Fridge-for-Bedroom-3-2-Cu-Ft-Small-Refrigerator-with-Freezer-for-Dorm-Office-Compact-Single-Door-Adjustable-Thermostat-Low-Noise-Black/13273318661?classType=VARIANT&from=/search,Anonymous,,neutral,0.6438,0.5,neutral,roberta,,"Received it, followed instructions, fridge makes noises but doesn't work, not cold",,False,0
3689045814,,https://www.walmart.com/ip/Frigidaire-EFR463-Eco-Friendly-4-5-cu-ft-Refrigerator-Platinum/3689045814?classType=REGULAR&athbdg=L1300,Anonymous,,neutral,0.4073,0.5,neutral,roberta,,"The seal along the edges of the refrigerator got loose very quickly and is not sealing If that didn't happen, I would be happier, but it's a good product overall other than that",,False,0
3689045814,,https://www.walmart.com/ip/Frigidaire-EFR463-Eco-Friendly-4-5-cu-ft-Refrigerator-Platinum/3689045814?classType=REGULAR&athbdg=L1300,Anonymous,,neutral,0.4097,0.5,neutral,roberta,I can't find anything to complain about,"I've had it for a month now and wasn't going to submit a rating until I onew how it performed. I've got a remote thermometer inside of it and the temperature is very stable, keeping it at 34 degrees and the freezer 22ish I keep this smaller fridge outdoors in my enclosed carport, not indoors. we've had lows of 26 two days in a row but the remote thermometer still reads 34 in the morning.... maybe 33. Anyway I'm really happy with it. its quiet, so I don't really have any complaints. I'd definitely buy it again.",,False,0
3689045814,,https://www.walmart.com/ip/Frigidaire-EFR463-Eco-Friendly-4-5-cu-ft-Refrigerator-Platinum/3689045814?classType=REGULAR&athbdg=L1300,Anonymous,,neutral,0.6935,0.5,neutral,roberta,"Better Than 4 Stars, but not Quite 5","Okay let's start with how my Mini Fridge arrived. Like all Refrigerators they arrive in an almost open ended box. The fridge sits on a base, then it's covered with a bottomless box & strapped in tightly. Because of this setup my Retro Fridge arrived damaged in 2 different places, it was missing this little plastic piece on the bottom that helps balance the fridge & the cord was forced into the opening on the back, which was extremely difficult to get out without damaging the mechanisms of the fridge. Aside from that, this is a really nice product & we love its functionality. The size is great, both the sections are very spacious for this little guy. It has great features just like a full size fridge. Multiple types of holders on the door, including several for drinks, butter, etc. The main area has 3 shelves inside & a veggie draw. The freezer is spacious as well with 2 separate shelves & ice cube tray. Now when setting up your fridge please be patient & follow directions carefully. You want to take your time allowing the fridge to come to temperature before loading it with food. Pay close attention to the temperature after you begin adding food, so that you can get the temperature right for what you're adding. That being said don't load the fridge with food to quickly, add small amounts at a time so that you don't over work the motor. If you can try to add some items that are already cold or frozen, this will assist your little guy in getting cold easier. After you've found what works for you, be sure to pay attention to both top & bottom sections. Ice will form in the back of the fridge area as well, it's because the freezer is not self defrosting. You'll need to scrape you freezer about every 3 months, but I'd do it a little quicker for better life on your purchase. There's a small hole in the back of the fridge section for water draining, it makes a little noise once in a while but that's completely normal. I'd definitely Recommend this product, with proper care it should last you for years. Thanks",,False,0
3689045814,,https://www.walmart.com/ip/Frigidaire-EFR463-Eco-Friendly-4-5-cu-ft-Refrigerator-Platinum/3689045814?classType=REGULAR&athbdg=L1300,Anonymous,,neutral,0.4848,0.5,neutral,roberta,Scratched and suspicious.,"Received the 4.5 cu in fridge/freezer this morning. Packaging seemed okay but roughed up at the bottom. Once out of the box, I noticed that the freezer door is substantially scratched where it opens, and lessor scratches appear on the side of the refrigerator door. The unit had obviously been scraped by something. The unit seems to work, does cool, been going for about six hours now. However, both sides of the unit are very warm and could be described as hot. I've never known a refrigerator to do that. This concerns me. Doesn't seem to have any dust or dirt on the mechanics, all looks new and there is adequate ventilation. I will probably decide to return the unit because I believe was purchasing a new, undamaged unit, and the heat is an issue.",,False,0
3689045814,,https://www.walmart.com/ip/Frigidaire-EFR463-Eco-Friendly-4-5-cu-ft-Refrigerator-Platinum/3689045814?classType=REGULAR&athbdg=L1300,Anonymous,,neutral,0.4931,0.5,neutral,roberta,Not What it Seems,"1) The description specifically states this is a refrigerator-like unit, as my Granny Strrle, for whom I ordered this unit, then drove more than 300 miles to deliver/install/set it up, requested. Instead, it has an unadvertised freezer, which Granny Steele does not need. 2) Granny Steele says shelving are static and cannot be adjusted. Thus, a standard gallon of milk can not be stored therein rightside up. 3) Upon discovering the erroneous advertisement listed in 1) above, I called Walmart Customer Care and was advised a $25 promo code would be rendered; to date, it has not . 4) The unit sits unused in my Granny Steele's garage, the purchased extended warranty's being wasted, as is the manufacturer warranty. This has proven to be a horrible experience brought on by faulty advertising and the missing $25 promo code. Granny Steele yet wants a mini fridge sans a freezer and is heavily relying upon me to get one for her. I shall gladly do so once my budget concurs. As it is, I paid for the first unit myself with absolute trust in Walmart. However, once bitten ...",,False,0
3689045814,,https://www.walmart.com/ip/Frigidaire-EFR463-Eco-Friendly-4-5-cu-ft-Refrigerator-Platinum/3689045814?classType=REGULAR&athbdg=L1300,Anonymous,,neutral,0.6488,0.5,neutral,roberta,,in one if the pictures it looks like its the Normal size fridge but its not...its shorter than me and in 5 ft,,False,0
3689045814,,https://www.walmart.com/ip/Frigidaire-EFR463-Eco-Friendly-4-5-cu-ft-Refrigerator-Platinum/3689045814?classType=REGULAR&athbdg=L1300,Anonymous,,neutral,0.718,0.5,neutral,roberta,,They left the fridge in the front office and my apartment number is on my adress,,False,0
3689045814,,https://www.walmart.com/ip/Frigidaire-EFR463-Eco-Friendly-4-5-cu-ft-Refrigerator-Platinum/3689045814?classType=REGULAR&athbdg=L1300,Anonymous,,neutral,0.5089,0.5,neutral,roberta,Received damaged but it works,"I receive it damaged with 2 large dents. Fortunately, it still works. I am still waiting for corporate to email me to rectify the issue.",,False,0
3689045814,,https://www.walmart.com/ip/Frigidaire-EFR463-Eco-Friendly-4-5-cu-ft-Refrigerator-Platinum/3689045814?classType=REGULAR&athbdg=L1300,Anonymous,,neutral,0.7716,0.5,neutral,roberta,,Been looking for a fridge for my truck and was on sale,,False,0
3689045814,,https://www.walmart.com/ip/Frigidaire-EFR463-Eco-Friendly-4-5-cu-ft-Refrigerator-Platinum/3689045814?classType=REGULAR&athbdg=L1300,Anonymous,,neutral,0.3699,0.5,neutral,roberta,Thick ice builds up inside of refrigerator,"Its really cute , and big enough to hold basic needs for a couple of people . The only thing I don't like about it is That the inside of the refrigerator gets really thick Ice Buildup quickly about half way up the back wall . The freezer has been just fine . But really unhappy with the refrigerator , Its destroying food on the back of the shelf and creating a mess to deal with .",,False,0
3689045814,,https://www.walmart.com/ip/Frigidaire-EFR463-Eco-Friendly-4-5-cu-ft-Refrigerator-Platinum/3689045814?classType=REGULAR&athbdg=L1300,Anonymous,,neutral,0.487,0.5,neutral,roberta,LOTS OF ROOM,I will briefly explain the three-star rating. The fridge offers an attractive design and is quite roomy. Also is light weight and easy to move. Mine arrived with damage to the top right corner which I believe is due to insufficient packing support. It is also quite a bit louder than my old mini fridge when the compressor is running. Maybe the noise will go away in time but I don't think so. Overall not very impressed with this Frigidare EFR451. Thanks.,,False,0
3689045814,,https://www.walmart.com/ip/Frigidaire-EFR463-Eco-Friendly-4-5-cu-ft-Refrigerator-Platinum/3689045814?classType=REGULAR&athbdg=L1300,Anonymous,,neutral,0.6525,0.5,neutral,roberta,,"The refrigerator works fine, but has a dent in the door.",,False,0
3689045814,,https://www.walmart.com/ip/Frigidaire-EFR463-Eco-Friendly-4-5-cu-ft-Refrigerator-Platinum/3689045814?classType=REGULAR&athbdg=L1300,Anonymous,,neutral,0.6671,0.5,neutral,roberta,Lights on but stopped cooling,Stopped cooling after 4 months,,False,0
3689045814,,https://www.walmart.com/ip/Frigidaire-EFR463-Eco-Friendly-4-5-cu-ft-Refrigerator-Platinum/3689045814?classType=REGULAR&athbdg=L1300,Anonymous,,neutral,0.5076,0.5,neutral,roberta,I got the 18 can small refrigerator,This holds a few soda cans. Also has a plug to take in the car. Don't block the back that's where the fan is. Very lightweight and easy to carry. Small but cold enough. Start cooking at home before you put in the car. It takes a bit to cool off.,,False,0
3689045814,,https://www.walmart.com/ip/Frigidaire-EFR463-Eco-Friendly-4-5-cu-ft-Refrigerator-Platinum/3689045814?classType=REGULAR&athbdg=L1300,Anonymous,,neutral,0.6108,0.5,neutral,roberta,,"Took it out of the box, plugged it in....but it never got cold. Hsving to contact the manufacturer for assistance.",,False,0
3689045814,,https://www.walmart.com/ip/Frigidaire-EFR463-Eco-Friendly-4-5-cu-ft-Refrigerator-Platinum/3689045814?classType=REGULAR&athbdg=L1300,Anonymous,,neutral,0.8985,0.5,neutral,roberta,trying it,picked it up 08/13/2022 we will see how it works for the month then report back,,False,0
3689045814,,https://www.walmart.com/ip/Frigidaire-EFR463-Eco-Friendly-4-5-cu-ft-Refrigerator-Platinum/3689045814?classType=REGULAR&athbdg=L1300,Anonymous,,neutral,0.5611,0.5,neutral,roberta,at least it work,check before you leave the store for damage got home unboxed and damage to the side and back,,False,0
5274004645,,https://www.walmart.com/ip/Kenmore-Energy-Efficient-Refrigerator-Black/5274004645?adsRedirect=true,Anonymous,,neutral,0.5673,0.5,neutral,roberta,18.2 cu top mount freezer refrigerator,"[This review was collected as part of a promotion.] This seems small to me. I am bending too low to grab things out of the fridge. I prefer the ice maker on the outside of the freezer, because it takes up space in the smaller freezer. With kids the fingerprint resistant finish is good to have. It can be easily cleaned, but overall this seems basic.",,False,0
5274004645,,https://www.walmart.com/ip/Kenmore-Energy-Efficient-Refrigerator-Black/5274004645?adsRedirect=true,Anonymous,,neutral,0.5104,0.5,neutral,roberta,"ok looking, small","[This review was collected as part of a promotion.] Plus: fingerprint resistant, ice maker, large shelves, depth inside good Minus: too small for me, like more drawers and dividers and am partial to more door space in fridge Freezer small, don't like hidden handles May be great for an apartment dwelling but not for a family. Or a back up in basement",,False,0
5274004645,,https://www.walmart.com/ip/Kenmore-Energy-Efficient-Refrigerator-Black/5274004645?adsRedirect=true,Anonymous,,neutral,0.7093,0.5,neutral,roberta,Kenmore Refrigerator,"[This review was collected as part of a promotion.] Did not Ike too small, seems too low on the shelf. Freedom portion tiny. Won't have room for extras like leftovers or storing ahead for parties.",,False,0
5274004645,,https://www.walmart.com/ip/Kenmore-Energy-Efficient-Refrigerator-Black/5274004645?adsRedirect=true,Anonymous,,neutral,0.6194,0.5,neutral,roberta,miss,"[This review was collected as part of a promotion.] I like side by side , lots of bending not good Appearance is nice Price is reasonable",,False,0
635599567,,https://www.walmart.com/ip/GPX-Bluetooth-Wireless-CD-FM-Radio-Boombox-Black-BCB119B/635599567?classType=REGULAR&adsRedirect=true,Anonymous,,neutral,0.509,0.5,neutral,roberta,,The item is fine but when I got the order it was 5 days late to received's and My grandson ‘s Birthday stIll wait now to Christmas . But I did receive on the 17th . And I paid for it.,,False,0
635599567,,https://www.walmart.com/ip/GPX-Bluetooth-Wireless-CD-FM-Radio-Boombox-Black-BCB119B/635599567?classType=REGULAR&adsRedirect=true,Anonymous,,neutral,0.5218,0.5,neutral,roberta,Gr8! just pay very close to the measurements,"Boombox isn't the boombox for those of us that grew up in the 70/80's. That said! I live in a 1 bedroom apt. %26 at top volume it fills the kitchen but theres a stark difference in how it sounds when I walk out of it, basically it's great for a small 4/6 gathering if the ppl aren't the loud talkers lol, I use it while preparing meals, but I would need something a lot more for a party over more than a few ppl. Lastly I am 5'5 small hands, and I balance it on 1 hand, although I wouldn't transport it that way, simply trying to have potential buyers picture it, bcuz when you say boombox one would think at i did picture something much bigger Check the pic, I sat my coffee cup beside it for comparison",,False,0
635599567,,https://www.walmart.com/ip/GPX-Bluetooth-Wireless-CD-FM-Radio-Boombox-Black-BCB119B/635599567?classType=REGULAR&adsRedirect=true,Anonymous,,neutral,0.5528,0.5,neutral,roberta,"Pretty average, don't pay full price for it","I was looking for an inexpensive radio to play for my cat while I was at work. I paid $30 for this radio, which I think is fair. The original price of $50 is definitely too high for what you get. The plastic on the radio is pretty cheap. It was easy to connect the bluetooth and the cd player works well, but there is no way of knowing what radio station is playing. Also it says you have to take out the batteries before connecting the ac adaptor, which I thought was kind of weird. Overall, this radio is just pretty average.",,False,0
635599567,,https://www.walmart.com/ip/GPX-Bluetooth-Wireless-CD-FM-Radio-Boombox-Black-BCB119B/635599567?classType=REGULAR&adsRedirect=true,Anonymous,,neutral,0.6365,0.5,neutral,roberta,Stylishly,"[This review was collected as part of a promotion.] I had bought one a couple of years ago, and went online to see if I could find the same one……and I did! It was no longer in any stores that I checked, or bought it before.",,False,0
635599567,,https://www.walmart.com/ip/GPX-Bluetooth-Wireless-CD-FM-Radio-Boombox-Black-BCB119B/635599567?classType=REGULAR&adsRedirect=true,Anonymous,,neutral,0.5443,0.5,neutral,roberta,radio,"Cheaply made and sound isnt very loud. Would be good for office use or home bedroom, or even great for kids.",,False,0
635599567,,https://www.walmart.com/ip/GPX-Bluetooth-Wireless-CD-FM-Radio-Boombox-Black-BCB119B/635599567?classType=REGULAR&adsRedirect=true,Anonymous,,neutral,0.5617,0.5,neutral,roberta,It's ok,[This review was collected as part of a promotion.] It dosent have the best sound but guess you get what you pay for.,,False,0
635599567,,https://www.walmart.com/ip/GPX-Bluetooth-Wireless-CD-FM-Radio-Boombox-Black-BCB119B/635599567?classType=REGULAR&adsRedirect=true,Anonymous,,neutral,0.5021,0.5,neutral,roberta,I,Be very careful what you click on. Sometimes people make mistakes.,,False,0
635599567,,https://www.walmart.com/ip/GPX-Bluetooth-Wireless-CD-FM-Radio-Boombox-Black-BCB119B/635599567?classType=REGULAR&adsRedirect=true,Anonymous,,neutral,0.4788,0.5,neutral,roberta,Does its job,Does the job. Probably wouldn't buy again.,,False,0
635599567,,https://www.walmart.com/ip/GPX-Bluetooth-Wireless-CD-FM-Radio-Boombox-Black-BCB119B/635599567?classType=REGULAR&adsRedirect=true,Anonymous,,neutral,0.551,0.5,neutral,roberta,Hi,[This review was collected as part of a promotion.] I liked the sound quality overall but the it felt to fragile,,False,0
635599567,,https://www.walmart.com/ip/GPX-Bluetooth-Wireless-CD-FM-Radio-Boombox-Black-BCB119B/635599567?classType=REGULAR&adsRedirect=true,Anonymous,,neutral,0.6498,0.5,neutral,roberta,Wireless Boombox model BCB117v1823-02,[This review was collected as part of a promotion.] Works as it should but makes a loud humming/buzzing sound when on like an old fluorescent light in old buildings. Would not be a big issue if listening to music which would drown it out. I purchased it to listen to audiobooks so the buzz can get annoying when listening.,,False,0
635599567,,https://www.walmart.com/ip/GPX-Bluetooth-Wireless-CD-FM-Radio-Boombox-Black-BCB119B/635599567?classType=REGULAR&adsRedirect=true,Anonymous,,neutral,0.4543,0.5,neutral,roberta,BEST IN SIMPLICITY,"[This review was collected as part of a promotion.] My refurbished CD player finally died an unceremonial death so I had to replace it. Just wanted a simple piece of equipment to listen to my cds to help pass the time away. This fit the bill not only in price, but in set-up and simplicity. Speakers snapped in without issue. Sound was surprisingly strong for such a small piece of equipment. Qquite pleased with the purchase.",,False,0
635599567,,https://www.walmart.com/ip/GPX-Bluetooth-Wireless-CD-FM-Radio-Boombox-Black-BCB119B/635599567?classType=REGULAR&adsRedirect=true,Anonymous,,neutral,0.6127,0.5,neutral,roberta,GPX CD BOOMBOX REVIEW,"[This review was collected as part of a promotion.] The boom box arrived yesterday afternoon around 3:pm. I went into our house and openned the box it came in and then openned the CD Boombox box. I read th instructions which were very simple, the the boom box in th electrical outlet and then placed a CD on thre turntable, pushed the button to power and thern listened to the music on th CD. After adjusting the voice it was clear and the backround band blended in the speaker very well. I feel I made a good purchase at a reasonable price",,False,0
635599567,,https://www.walmart.com/ip/GPX-Bluetooth-Wireless-CD-FM-Radio-Boombox-Black-BCB119B/635599567?classType=REGULAR&adsRedirect=true,Anonymous,,neutral,0.5364,0.5,neutral,roberta,Display,[This review was collected as part of a promotion.] Good but it needs to have an AM station too and have the radio displays on it.Don't know what station your listening too.,,False,0
635599567,,https://www.walmart.com/ip/GPX-Bluetooth-Wireless-CD-FM-Radio-Boombox-Black-BCB119B/635599567?classType=REGULAR&adsRedirect=true,Anonymous,,neutral,0.5849,0.5,neutral,roberta,Exactly what I was looking for,[This review was collected as part of a promotion.] My friend bought me CD's of a favorite group but I bought a new car that doesn't have a CD player so I started looking for one.,,False,0
635599567,,https://www.walmart.com/ip/GPX-Bluetooth-Wireless-CD-FM-Radio-Boombox-Black-BCB119B/635599567?classType=REGULAR&adsRedirect=true,Anonymous,,neutral,0.4055,0.5,neutral,roberta,Sound,[This review was collected as part of a promotion.] I just bought this Bluetooth boom box. It sounds great but there is no bass.,,False,0
635599567,,https://www.walmart.com/ip/GPX-Bluetooth-Wireless-CD-FM-Radio-Boombox-Black-BCB119B/635599567?classType=REGULAR&adsRedirect=true,Anonymous,,neutral,0.7521,0.5,neutral,roberta,compact for my use.,[This review was collected as part of a promotion.] could use an extended antenna for hard to reach areas.,,False,0
635599567,,https://www.walmart.com/ip/GPX-Bluetooth-Wireless-CD-FM-Radio-Boombox-Black-BCB119B/635599567?classType=REGULAR&adsRedirect=true,Anonymous,,neutral,0.5751,0.5,neutral,roberta,Could be better,[This review was collected as part of a promotion.] I got this today because it has am feature but has no antenna and is not very loud.,,False,0
635599567,,https://www.walmart.com/ip/GPX-Bluetooth-Wireless-CD-FM-Radio-Boombox-Black-BCB119B/635599567?classType=REGULAR&adsRedirect=true,Anonymous,,neutral,0.6554,0.5,neutral,roberta,Family needed one,[This review was collected as part of a promotion.] I bought it for my wife who has Alzheimer's too help her calm down when she gets upset,,False,0
24842768,,https://www.walmart.com/ip/iLive-IBC233B-Bluetooth-2-0-Boombox-with-CD-AM-FM/24842768?classType=REGULAR&adsRedirect=true,Anonymous,,neutral,0.465,0.5,neutral,roberta,"Good boom box, but not great.","All depends on how loud you wanna ""boom"". On loud volume the sound distorts. Lower is ok. Otherwise it's fine.",,False,0
24842768,,https://www.walmart.com/ip/iLive-IBC233B-Bluetooth-2-0-Boombox-with-CD-AM-FM/24842768?classType=REGULAR&adsRedirect=true,Anonymous,,neutral,0.4502,0.5,neutral,roberta,Doesn't work well as a CD player,"I was very pleased with the blue tooth feature..it worked perfectly. But, my main reason for purchasing this product was to play my CDs. All was fine for the first 10 minutes...then the noise began and shortly after all sound came to an end. I'm returning it.",,False,0
24842768,,https://www.walmart.com/ip/iLive-IBC233B-Bluetooth-2-0-Boombox-with-CD-AM-FM/24842768?classType=REGULAR&adsRedirect=true,Anonymous,,neutral,0.4255,0.5,neutral,roberta,An affordable bluetooth speaker with an AC cord,"I only bought this to have a way to play mp3s using bluetooth. Who listens to CDs or the radio these days? Not me. I never tried the CD player nor the radio, so I have no idea if they even work. But the bluetooth works great and is easy to use. I also love the fact that it comes with an AC cord, so you just plug it in and forget about it. No need to charge it up like most bluetooth speakers. The only problem is that the volume is not super loud. This is fine for a small room or if you are using it at your desk, but this would not work well outside or in a big or noisy room. You would not be able to hear it.",,False,0
24842768,,https://www.walmart.com/ip/iLive-IBC233B-Bluetooth-2-0-Boombox-with-CD-AM-FM/24842768?classType=REGULAR&adsRedirect=true,Anonymous,,neutral,0.5954,0.5,neutral,roberta,"Fm, cd radio",I purchased this item today. I was searching for a portable am/fm radio with Bluetooth. It's not the best option but you get what you pay for. It will do for the time being until I find something with better sounding speakers and faster Bluetooth connection,,False,0
24842768,,https://www.walmart.com/ip/iLive-IBC233B-Bluetooth-2-0-Boombox-with-CD-AM-FM/24842768?classType=REGULAR&adsRedirect=true,Anonymous,,neutral,0.5827,0.5,neutral,roberta,Some reservation,the only problem battery cover hard to close when electric cord is to be used,,False,0
24842768,,https://www.walmart.com/ip/iLive-IBC233B-Bluetooth-2-0-Boombox-with-CD-AM-FM/24842768?classType=REGULAR&adsRedirect=true,Anonymous,,neutral,0.7112,0.5,neutral,roberta,no AM radio and only FM,CD still plays so far..only 1 day try. Will see later on with more CD plays,,False,0
24842768,,https://www.walmart.com/ip/iLive-IBC233B-Bluetooth-2-0-Boombox-with-CD-AM-FM/24842768?classType=REGULAR&adsRedirect=true,Anonymous,,neutral,0.4711,0.5,neutral,roberta,Very loud,[This review was collected as part of a promotion.] I just received my boombox yesterday. I plays quite well but the lowest setting is still quite loud! Certainly no soft easy listening.,,False,0
24842768,,https://www.walmart.com/ip/iLive-IBC233B-Bluetooth-2-0-Boombox-with-CD-AM-FM/24842768?classType=REGULAR&adsRedirect=true,Anonymous,,neutral,0.765,0.5,neutral,roberta,DOA,"Got home, plugged it in....nothing happened. Returned it.",,False,0
5173874536,,https://www.walmart.com/ip/onn-Portable-CD-Boombox-with-Digital-FM-Radio-Navy/5173874536?classType=REGULAR&athbdg=L1200&from=/search,Anonymous,,neutral,0.4613,0.5,neutral,roberta,,"I had searched all over for an am /fm radio to help me sleep during the day ,once again Walmart to the rescue.",,False,0
5173874536,,https://www.walmart.com/ip/onn-Portable-CD-Boombox-with-Digital-FM-Radio-Navy/5173874536?classType=REGULAR&athbdg=L1200&from=/search,Anonymous,,neutral,0.725,0.5,neutral,roberta,,i already had one from an earlier purchase. this is for a bathroom. small %26 easy to fit on shelf.,,False,0
5173874536,,https://www.walmart.com/ip/onn-Portable-CD-Boombox-with-Digital-FM-Radio-Navy/5173874536?classType=REGULAR&athbdg=L1200&from=/search,Anonymous,,neutral,0.5961,0.5,neutral,roberta,,SAID IT WAS DELIVERED BUT I DIDN'T RECEIVE IT. WITH OTHER ITEMS I DID RECEIVE. I THINK DRIVERS KEEP STUFF,,False,0
5173874536,,https://www.walmart.com/ip/onn-Portable-CD-Boombox-with-Digital-FM-Radio-Navy/5173874536?classType=REGULAR&athbdg=L1200&from=/search,Anonymous,,neutral,0.4559,0.5,neutral,roberta,OK,"Bought this for something to listen to while doing inversion. Sound quality is fair at best and the slightest disturbance causes the machine some distress. That said, it is okay for the price.",,False,0
5173874536,,https://www.walmart.com/ip/onn-Portable-CD-Boombox-with-Digital-FM-Radio-Navy/5173874536?classType=REGULAR&athbdg=L1200&from=/search,Anonymous,,neutral,0.6382,0.5,neutral,roberta,,"brought this for my elderly mom, now she hears her music",,False,0
5173874536,,https://www.walmart.com/ip/onn-Portable-CD-Boombox-with-Digital-FM-Radio-Navy/5173874536?classType=REGULAR&athbdg=L1200&from=/search,Anonymous,,neutral,0.4504,0.5,neutral,roberta,,"Was a little bit hard at first to figure out, but I got it done",,False,0
5173874536,,https://www.walmart.com/ip/onn-Portable-CD-Boombox-with-Digital-FM-Radio-Navy/5173874536?classType=REGULAR&athbdg=L1200&from=/search,Anonymous,,neutral,0.4744,0.5,neutral,roberta,,i liked the sound for a small boom box i didn't like the small print for what to put it on. or the power button.,,False,0
5173874536,,https://www.walmart.com/ip/onn-Portable-CD-Boombox-with-Digital-FM-Radio-Navy/5173874536?classType=REGULAR&athbdg=L1200&from=/search,Anonymous,,neutral,0.7052,0.5,neutral,roberta,,"This item was for another household member, I personally haven't used it. No complaints so far from that person.",,False,0
5173874536,,https://www.walmart.com/ip/onn-Portable-CD-Boombox-with-Digital-FM-Radio-Navy/5173874536?classType=REGULAR&athbdg=L1200&from=/search,Anonymous,,neutral,0.5288,0.5,neutral,roberta,,Please don't step on my Blue Suede Shoes! Elvise Presley radio,,False,0
5173874536,,https://www.walmart.com/ip/onn-Portable-CD-Boombox-with-Digital-FM-Radio-Navy/5173874536?classType=REGULAR&athbdg=L1200&from=/search,Anonymous,,neutral,0.7764,0.5,neutral,roberta,,I thought it had a radio with it. I will be returning it,,False,0
5173874536,,https://www.walmart.com/ip/onn-Portable-CD-Boombox-with-Digital-FM-Radio-Navy/5173874536?classType=REGULAR&athbdg=L1200&from=/search,Anonymous,,neutral,0.4839,0.5,neutral,roberta,Have a spare cable,"[This review was collected as part of a promotion.] Sound quality is exceptional, but I find that the power cable it comes with is prone to issues. Cable would slip right out or just wouldn't even work at times. Replaced cable and radio works fine",,False,0
5173874536,,https://www.walmart.com/ip/onn-Portable-CD-Boombox-with-Digital-FM-Radio-Navy/5173874536?classType=REGULAR&athbdg=L1200&from=/search,Anonymous,,neutral,0.5225,0.5,neutral,roberta,Meh,[This review was collected as part of a promotion.] I haven't tried it out so I don't know what to rate it but if you like listening to music then this is the perfect item to get overall I don't really recommend it.,,False,0
5173874536,,https://www.walmart.com/ip/onn-Portable-CD-Boombox-with-Digital-FM-Radio-Navy/5173874536?classType=REGULAR&athbdg=L1200&from=/search,Anonymous,,neutral,0.7954,0.5,neutral,roberta,Blast from the past,"[This review was collected as part of a promotion.] Not sure what to say about this radio/CD player. It's a radio? And if you still have CDs and need a player, then this will probably work for you. It takes 6 C batteries if you want it to be portable; no option to plug into a portable usb battery.",,False,0
193519570,,https://www.walmart.com/ip/Retekess-TR604-AM-FM-Radio-Portable-Radios-with-Best-Reception-AC-or-D-Battery-Powered-Analog-Radio-with-Clear-Dial-and-Large-Knob-for-Home/193519570?classType=VARIANT&from=/search,Anonymous,,neutral,0.6166,0.5,neutral,roberta,wheres the cord.,"I thought it came with a cord. I went through many before I made my decision %26 I chose this one because it had a cord, but there was none in the box!",,False,0
193519570,,https://www.walmart.com/ip/Retekess-TR604-AM-FM-Radio-Portable-Radios-with-Best-Reception-AC-or-D-Battery-Powered-Analog-Radio-with-Clear-Dial-and-Large-Knob-for-Home/193519570?classType=VARIANT&from=/search,Anonymous,,neutral,0.5086,0.5,neutral,roberta,,Not sure how to rate it yet because its a gift for a loved one for Christmas...but the first one was shipped crushed %26 throwed under my truck in the carport when delivered!!!! Had to reorder %26 it was put on my door step when delivered.,,False,0
193519570,,https://www.walmart.com/ip/Retekess-TR604-AM-FM-Radio-Portable-Radios-with-Best-Reception-AC-or-D-Battery-Powered-Analog-Radio-with-Clear-Dial-and-Large-Knob-for-Home/193519570?classType=VARIANT&from=/search,Anonymous,,neutral,0.6657,0.5,neutral,roberta,,I did not receive a radio but got a black hand mirror instead.,,False,0
193519570,,https://www.walmart.com/ip/Retekess-TR604-AM-FM-Radio-Portable-Radios-with-Best-Reception-AC-or-D-Battery-Powered-Analog-Radio-with-Clear-Dial-and-Large-Knob-for-Home/193519570?classType=VARIANT&from=/search,Anonymous,,neutral,0.5035,0.5,neutral,roberta,Old fashion am fm portable radio,"Portable, easy to use. A little static until you move the radio. A bit more expensive than I thought it would be.",,False,0
193519570,,https://www.walmart.com/ip/Retekess-TR604-AM-FM-Radio-Portable-Radios-with-Best-Reception-AC-or-D-Battery-Powered-Analog-Radio-with-Clear-Dial-and-Large-Knob-for-Home/193519570?classType=VARIANT&from=/search,Anonymous,,neutral,0.6576,0.5,neutral,roberta,,Reminded me of my old radio that I had as an adolescent. Bought one for emergencies.,,False,0
193519570,,https://www.walmart.com/ip/Retekess-TR604-AM-FM-Radio-Portable-Radios-with-Best-Reception-AC-or-D-Battery-Powered-Analog-Radio-with-Clear-Dial-and-Large-Knob-for-Home/193519570?classType=VARIANT&from=/search,Anonymous,,neutral,0.5943,0.5,neutral,roberta,,clear sound.my husband listens to friday night high school football,,False,0
193519570,,https://www.walmart.com/ip/Retekess-TR604-AM-FM-Radio-Portable-Radios-with-Best-Reception-AC-or-D-Battery-Powered-Analog-Radio-with-Clear-Dial-and-Large-Knob-for-Home/193519570?classType=VARIANT&from=/search,Anonymous,,neutral,0.5319,0.5,neutral,roberta,great for AM/FM reception,"somewhat false advertising. Advertised as "" Radio, Transistor Shortwave Wireless"". Unit is AM/FM does not, to my knowledge receive ""Shortwave "" signals. I consider 2 meter and above as shortwave.",,False,0
5744045738,,https://www.walmart.com/ip/Boombox-Cassette-CD-Player-Combo-Bluetooth-AM-FM-Radio-Remote-Control-Tape-Recording-AUX-USB-Drive-Stereo-Sound-Headphone-Jack-AC-DC-Powered-LED-Disp/5744045738?classType=VARIANT&adsRedirect=true,Anonymous,,neutral,0.5583,0.5,neutral,roberta,"cassette CD player,recorder","Nice radio and tape player, if anyone uses cassettes or CDs now days, I wanted to use it as a voice recorder also, it wont do that, only records internally on to a cassette, other than that its worth the, $$ ,will play CD s but no recording on them",,False,0
5744045738,,https://www.walmart.com/ip/Boombox-Cassette-CD-Player-Combo-Bluetooth-AM-FM-Radio-Remote-Control-Tape-Recording-AUX-USB-Drive-Stereo-Sound-Headphone-Jack-AC-DC-Powered-LED-Disp/5744045738?classType=VARIANT&adsRedirect=true,Anonymous,,neutral,0.4564,0.5,neutral,roberta,,"I like my little phon i like my little radio, cassette CD player. The only thing wrong is all the directions.",,False,0
5744045738,,https://www.walmart.com/ip/Boombox-Cassette-CD-Player-Combo-Bluetooth-AM-FM-Radio-Remote-Control-Tape-Recording-AUX-USB-Drive-Stereo-Sound-Headphone-Jack-AC-DC-Powered-LED-Disp/5744045738?classType=VARIANT&adsRedirect=true,Anonymous,,neutral,0.6313,0.5,neutral,roberta,"""may be exposed to harmful radiation"", ""LASER""","The product listing stated that this boombox is suitable for kids. However, page two of the manual says this: Very Important Tips 1. ...please follow the prescribed steps otherwise you may be exposed to harmful radiation. This CD player is a CLASS 1 LASER product. (radiation?) 2. When the CD cover is opened or carelessly closed, (sic) an invisible laser will be generated. (what constitutes a ""careless close"" of the CD cover???) 3. The lightning flash with arrowhead symbol within an equilateral triangle is intended to alert the user to the presence of uninsulated ""hazardous voltage"" within product's enclosure which may be sufficient to induce the risk of electric shock to persons. (no mention of where one would see this warning.) The product description did not mention any of this. This box will NOT be used in my home and most certainly, NOT by children here in any way whatsoever.",,False,0
5744045738,,https://www.walmart.com/ip/Boombox-Cassette-CD-Player-Combo-Bluetooth-AM-FM-Radio-Remote-Control-Tape-Recording-AUX-USB-Drive-Stereo-Sound-Headphone-Jack-AC-DC-Powered-LED-Disp/5744045738?classType=VARIANT&adsRedirect=true,Anonymous,,neutral,0.5415,0.5,neutral,roberta,,It is just what i needed to be able to sing with a track and listen to cassette tapes i have.,,False,0
5744045738,,https://www.walmart.com/ip/Boombox-Cassette-CD-Player-Combo-Bluetooth-AM-FM-Radio-Remote-Control-Tape-Recording-AUX-USB-Drive-Stereo-Sound-Headphone-Jack-AC-DC-Powered-LED-Disp/5744045738?classType=VARIANT&adsRedirect=true,Anonymous,,neutral,0.5347,0.5,neutral,roberta,,"is about as expected for the price. sound isn't great, but it's functional",,False,0
5744045738,,https://www.walmart.com/ip/Boombox-Cassette-CD-Player-Combo-Bluetooth-AM-FM-Radio-Remote-Control-Tape-Recording-AUX-USB-Drive-Stereo-Sound-Headphone-Jack-AC-DC-Powered-LED-Disp/5744045738?classType=VARIANT&adsRedirect=true,Anonymous,,neutral,0.3948,0.5,neutral,roberta,,you refud mecmy thank you but we could notvget sound,,False,0
5744045738,,https://www.walmart.com/ip/Boombox-Cassette-CD-Player-Combo-Bluetooth-AM-FM-Radio-Remote-Control-Tape-Recording-AUX-USB-Drive-Stereo-Sound-Headphone-Jack-AC-DC-Powered-LED-Disp/5744045738?classType=VARIANT&adsRedirect=true,Anonymous,,neutral,0.8498,0.5,neutral,roberta,,It's compact hasCD and Cassette AM/FM radio and a remote control.,,False,0
5744045738,,https://www.walmart.com/ip/Boombox-Cassette-CD-Player-Combo-Bluetooth-AM-FM-Radio-Remote-Control-Tape-Recording-AUX-USB-Drive-Stereo-Sound-Headphone-Jack-AC-DC-Powered-LED-Disp/5744045738?classType=VARIANT&adsRedirect=true,Anonymous,,neutral,0.7384,0.5,neutral,roberta,,The volume kept going up and down on its own. I will be returning it,,False,0
5744045738,,https://www.walmart.com/ip/Boombox-Cassette-CD-Player-Combo-Bluetooth-AM-FM-Radio-Remote-Control-Tape-Recording-AUX-USB-Drive-Stereo-Sound-Headphone-Jack-AC-DC-Powered-LED-Disp/5744045738?classType=VARIANT&adsRedirect=true,Anonymous,,neutral,0.6858,0.5,neutral,roberta,for cd.s and cassettes.like that.and radio,like the look..not to big..,,False,0
5744045738,,https://www.walmart.com/ip/Boombox-Cassette-CD-Player-Combo-Bluetooth-AM-FM-Radio-Remote-Control-Tape-Recording-AUX-USB-Drive-Stereo-Sound-Headphone-Jack-AC-DC-Powered-LED-Disp/5744045738?classType=VARIANT&adsRedirect=true,Anonymous,,neutral,0.4812,0.5,neutral,roberta,,"I like the product, but I bought 2 and only wanted 1 radio? I need to send one radio back?",,False,0
867348784,,https://www.walmart.com/ip/Retekess-TR604W-FM-NOAA-Radio-Portable-Emergency-Weather-Radios-Best-Reception-AC-D-Battery-Powered-Clear-Dial-Large-Knob-Suit-Home-Black/867348784?classType=VARIANT&adsRedirect=true,Anonymous,,neutral,0.6166,0.5,neutral,roberta,wheres the cord.,"I thought it came with a cord. I went through many before I made my decision %26 I chose this one because it had a cord, but there was none in the box!",,False,0
867348784,,https://www.walmart.com/ip/Retekess-TR604W-FM-NOAA-Radio-Portable-Emergency-Weather-Radios-Best-Reception-AC-D-Battery-Powered-Clear-Dial-Large-Knob-Suit-Home-Black/867348784?classType=VARIANT&adsRedirect=true,Anonymous,,neutral,0.5086,0.5,neutral,roberta,,Not sure how to rate it yet because its a gift for a loved one for Christmas...but the first one was shipped crushed %26 throwed under my truck in the carport when delivered!!!! Had to reorder %26 it was put on my door step when delivered.,,False,0
867348784,,https://www.walmart.com/ip/Retekess-TR604W-FM-NOAA-Radio-Portable-Emergency-Weather-Radios-Best-Reception-AC-D-Battery-Powered-Clear-Dial-Large-Knob-Suit-Home-Black/867348784?classType=VARIANT&adsRedirect=true,Anonymous,,neutral,0.6657,0.5,neutral,roberta,,I did not receive a radio but got a black hand mirror instead.,,False,0
867348784,,https://www.walmart.com/ip/Retekess-TR604W-FM-NOAA-Radio-Portable-Emergency-Weather-Radios-Best-Reception-AC-D-Battery-Powered-Clear-Dial-Large-Knob-Suit-Home-Black/867348784?classType=VARIANT&adsRedirect=true,Anonymous,,neutral,0.5035,0.5,neutral,roberta,Old fashion am fm portable radio,"Portable, easy to use. A little static until you move the radio. A bit more expensive than I thought it would be.",,False,0
867348784,,https://www.walmart.com/ip/Retekess-TR604W-FM-NOAA-Radio-Portable-Emergency-Weather-Radios-Best-Reception-AC-D-Battery-Powered-Clear-Dial-Large-Knob-Suit-Home-Black/867348784?classType=VARIANT&adsRedirect=true,Anonymous,,neutral,0.6576,0.5,neutral,roberta,,Reminded me of my old radio that I had as an adolescent. Bought one for emergencies.,,False,0
867348784,,https://www.walmart.com/ip/Retekess-TR604W-FM-NOAA-Radio-Portable-Emergency-Weather-Radios-Best-Reception-AC-D-Battery-Powered-Clear-Dial-Large-Knob-Suit-Home-Black/867348784?classType=VARIANT&adsRedirect=true,Anonymous,,neutral,0.5943,0.5,neutral,roberta,,clear sound.my husband listens to friday night high school football,,False,0
867348784,,https://www.walmart.com/ip/Retekess-TR604W-FM-NOAA-Radio-Portable-Emergency-Weather-Radios-Best-Reception-AC-D-Battery-Powered-Clear-Dial-Large-Knob-Suit-Home-Black/867348784?classType=VARIANT&adsRedirect=true,Anonymous,,neutral,0.5319,0.5,neutral,roberta,great for AM/FM reception,"somewhat false advertising. Advertised as "" Radio, Transistor Shortwave Wireless"". Unit is AM/FM does not, to my knowledge receive ""Shortwave "" signals. I consider 2 meter and above as shortwave.",,False,0
867348784,,https://www.walmart.com/ip/Retekess-TR604W-FM-NOAA-Radio-Portable-Emergency-Weather-Radios-Best-Reception-AC-D-Battery-Powered-Clear-Dial-Large-Knob-Suit-Home-Black/867348784?classType=VARIANT&adsRedirect=true,Anonymous,,neutral,0.7175,0.5,neutral,roberta,Advantages of battery backed device,Use sports at home and away. News when electricity out,,False,0
5136488483,,https://www.walmart.com/ip/onn-Portable-CD-Boombox-with-Digital-FM-Radio-Pink/5136488483?classType=REGULAR&athbdg=L1600&from=/search,Anonymous,,neutral,0.5472,0.5,neutral,roberta,,I like that you can play your CDs and there's a cord when you don't have batteries I didn't like how you had to provide your own battery and there was so many of them,,False,0
5136488483,,https://www.walmart.com/ip/onn-Portable-CD-Boombox-with-Digital-FM-Radio-Pink/5136488483?classType=REGULAR&athbdg=L1600&from=/search,Anonymous,,neutral,0.7663,0.5,neutral,roberta,,i didnt realize there is no AM radio setting. decided to keep it,,False,0
5136488483,,https://www.walmart.com/ip/onn-Portable-CD-Boombox-with-Digital-FM-Radio-Pink/5136488483?classType=REGULAR&athbdg=L1600&from=/search,Anonymous,,neutral,0.6248,0.5,neutral,roberta,I SEE that can use electric or batteries !!!,"When I plugged it in and played it, it seemed to have a lot of Static !!!",,False,0
5136488483,,https://www.walmart.com/ip/onn-Portable-CD-Boombox-with-Digital-FM-Radio-Pink/5136488483?classType=REGULAR&athbdg=L1600&from=/search,Anonymous,,neutral,0.6528,0.5,neutral,roberta,,I expected it to be more sturdy considering it is a child's.,,False,0
5136488483,,https://www.walmart.com/ip/onn-Portable-CD-Boombox-with-Digital-FM-Radio-Pink/5136488483?classType=REGULAR&athbdg=L1600&from=/search,Anonymous,,neutral,0.6736,0.5,neutral,roberta,,Cd player stopped reading discs 4-6 weeks after purchase. Product was not dropped or abused. The radio still works.,,False,0
5136488483,,https://www.walmart.com/ip/onn-Portable-CD-Boombox-with-Digital-FM-Radio-Pink/5136488483?classType=REGULAR&athbdg=L1600&from=/search,Anonymous,,neutral,0.5894,0.5,neutral,roberta,Get What You Pay For,"I like the fact that the Onn Portable CD Boombox with Digital FM Radio is portable, digital, has a CD player, an FM radio, and 10 slots for preprogrammed radio stations. However, I don't like the fact that the pre programming feature does not let you set the stations efficiently. After setting a couple of stations into position, the other stations would not set into the desired position. Once you think a station is set, you find out it was not set. But considering the price, I guess I got what I paid for.",,False,0
5136488483,,https://www.walmart.com/ip/onn-Portable-CD-Boombox-with-Digital-FM-Radio-Pink/5136488483?classType=REGULAR&athbdg=L1600&from=/search,Anonymous,,neutral,0.8539,0.5,neutral,roberta,)),"[This review was collected as part of a promotion.] Отличный CD-плеер! Купила маме для прослушивания аудиокниг. Плеер работает от сети, поэтому пожилому человеку не надо переживать о зарядке батареи",,False,0
5337782620,,https://www.walmart.com/ip/TOPVISION-Emergency-Radio-AM-FM-NOAA-Weather-Radio-5000mAh-Portable-Power-Bank-USB-Solar-Hand-Crank-Charging-Waterproof-Flashlight-SOS-Alarm-Camping/5337782620?classType=REGULAR&adsRedirect=true,Anonymous,,neutral,0.5015,0.5,neutral,roberta,Get A Weather Radio %26 More,"Living in the South Florida tropics for decades and living through many natural disasters where we are put on Shelter in Place with no electricity, water, cells, internet and basic government services. Communications are essential. Before we get the generators going and at the hurricanes worst it's great to hear Brian Norcross, a meteorologist gives solid advice. Old school radio's that alarm when danger is coming also gives us peace of mind. This gadget has many upgrades, including charger, hand crank too.",,False,0
5337782620,,https://www.walmart.com/ip/TOPVISION-Emergency-Radio-AM-FM-NOAA-Weather-Radio-5000mAh-Portable-Power-Bank-USB-Solar-Hand-Crank-Charging-Waterproof-Flashlight-SOS-Alarm-Camping/5337782620?classType=REGULAR&adsRedirect=true,Anonymous,,neutral,0.5531,0.5,neutral,roberta,,"Doesn't seem to me that it doesn't charge my phone. I've not used much of the features, but I'll keep trying it out in the future.",,False,0
5337782620,,https://www.walmart.com/ip/TOPVISION-Emergency-Radio-AM-FM-NOAA-Weather-Radio-5000mAh-Portable-Power-Bank-USB-Solar-Hand-Crank-Charging-Waterproof-Flashlight-SOS-Alarm-Camping/5337782620?classType=REGULAR&adsRedirect=true,Anonymous,,neutral,0.6483,0.5,neutral,roberta,flashlight,Found 1 simpler with my radio station. Hurricane ready.,,False,0
5337782620,,https://www.walmart.com/ip/TOPVISION-Emergency-Radio-AM-FM-NOAA-Weather-Radio-5000mAh-Portable-Power-Bank-USB-Solar-Hand-Crank-Charging-Waterproof-Flashlight-SOS-Alarm-Camping/5337782620?classType=REGULAR&adsRedirect=true,Anonymous,,neutral,0.6185,0.5,neutral,roberta,,I haven't had the chance to really use it. I did crank it up and all the lights and sirens are working so far.,,False,0
5337782620,,https://www.walmart.com/ip/TOPVISION-Emergency-Radio-AM-FM-NOAA-Weather-Radio-5000mAh-Portable-Power-Bank-USB-Solar-Hand-Crank-Charging-Waterproof-Flashlight-SOS-Alarm-Camping/5337782620?classType=REGULAR&adsRedirect=true,Anonymous,,neutral,0.5681,0.5,neutral,roberta,,Haven't had bad weather warnings yet. Got it mainly for wind warnings and we haven't had that yet. But like the way it's made.,,False,0
5337782620,,https://www.walmart.com/ip/TOPVISION-Emergency-Radio-AM-FM-NOAA-Weather-Radio-5000mAh-Portable-Power-Bank-USB-Solar-Hand-Crank-Charging-Waterproof-Flashlight-SOS-Alarm-Camping/5337782620?classType=REGULAR&adsRedirect=true,Anonymous,,neutral,0.7388,0.5,neutral,roberta,Checked all the boxes,This emergency radio has all of the features for which I was looking.,,False,0
5337782620,,https://www.walmart.com/ip/TOPVISION-Emergency-Radio-AM-FM-NOAA-Weather-Radio-5000mAh-Portable-Power-Bank-USB-Solar-Hand-Crank-Charging-Waterproof-Flashlight-SOS-Alarm-Camping/5337782620?classType=REGULAR&adsRedirect=true,Anonymous,,neutral,0.4743,0.5,neutral,roberta,,I am having to return. I believe it would be a good radio but the tiny arrows and other tiny figures are too small to see. It would help if the figures were raised.,,False,0
5337782620,,https://www.walmart.com/ip/TOPVISION-Emergency-Radio-AM-FM-NOAA-Weather-Radio-5000mAh-Portable-Power-Bank-USB-Solar-Hand-Crank-Charging-Waterproof-Flashlight-SOS-Alarm-Camping/5337782620?classType=REGULAR&adsRedirect=true,Anonymous,,neutral,0.457,0.5,neutral,roberta,Safety first,This is a must have for when the world ends,,False,0
5098433965,,https://www.walmart.com/ip/AM-FM-Alarm-Clock-Radio-with-Dual-Alarm-Sleep-Timer-Orange-LED-Display-4-Level-Dimming-iTOMA/5098433965?classType=REGULAR&from=/search,Anonymous,,neutral,0.8308,0.5,neutral,roberta,USB powered beware,Powered by usb. Need to make sure you have a very RF quiet usb port you use to power the radio or even on FM you get noise that can override in I coming desired signals,,False,0
5098433965,,https://www.walmart.com/ip/AM-FM-Alarm-Clock-Radio-with-Dual-Alarm-Sleep-Timer-Orange-LED-Display-4-Level-Dimming-iTOMA/5098433965?classType=REGULAR&from=/search,Anonymous,,neutral,0.6664,0.5,neutral,roberta,You'll need a charger,Doesn't have a regular plug. Now I have to get a charging cord in order to use it.,,False,0
5098433965,,https://www.walmart.com/ip/AM-FM-Alarm-Clock-Radio-with-Dual-Alarm-Sleep-Timer-Orange-LED-Display-4-Level-Dimming-iTOMA/5098433965?classType=REGULAR&from=/search,Anonymous,,neutral,0.7656,0.5,neutral,roberta,radio,this radio was sent with a usb coed not a 110 cord yes it still produces electricity But gets hot after running a week,,False,0
2338973053,,https://www.walmart.com/ip/Emerson-Portable-AM-FM-Radio-New/2338973053?classType=REGULAR&from=/search,Anonymous,,neutral,0.7758,0.5,neutral,roberta,,"Price was 12.99 after shipping etc., price jumped up to $21.99.",,False,0
2338973053,,https://www.walmart.com/ip/Emerson-Portable-AM-FM-Radio-New/2338973053?classType=REGULAR&from=/search,Anonymous,,neutral,0.6428,0.5,neutral,roberta,,It is small and light weight and attaches to my pocket.,,False,0
2338973053,,https://www.walmart.com/ip/Emerson-Portable-AM-FM-Radio-New/2338973053?classType=REGULAR&from=/search,Anonymous,,neutral,0.5864,0.5,neutral,roberta,Am/Fm radio,I needed a simple am/fm radio for local news and emergency information. This fit the bill.,,False,0
2338973053,,https://www.walmart.com/ip/Emerson-Portable-AM-FM-Radio-New/2338973053?classType=REGULAR&from=/search,Anonymous,,neutral,0.775,0.5,neutral,roberta,,I goes off for about one minute then comes again on back,,False,0
2338973053,,https://www.walmart.com/ip/Emerson-Portable-AM-FM-Radio-New/2338973053?classType=REGULAR&from=/search,Anonymous,,neutral,0.5492,0.5,neutral,roberta,la 📻 radio,"Buen radio portátil, super rapida la entrega,me gustó.",,False,0
2338973053,,https://www.walmart.com/ip/Emerson-Portable-AM-FM-Radio-New/2338973053?classType=REGULAR&from=/search,Anonymous,,neutral,0.4377,0.5,neutral,roberta,,It's nice and loud. It picks up only certain stations. Not the one I listen too.,,False,0
2338973053,,https://www.walmart.com/ip/Emerson-Portable-AM-FM-Radio-New/2338973053?classType=REGULAR&from=/search,Anonymous,,neutral,0.491,0.5,neutral,roberta,good radio for emergency,good small radio for emergencies that doesn't take anything bigger than double a batteries,,False,0
2338973053,,https://www.walmart.com/ip/Emerson-Portable-AM-FM-Radio-New/2338973053?classType=REGULAR&from=/search,Anonymous,,neutral,0.6094,0.5,neutral,roberta,AM/FM Transistor Radio,Radio stopped working about a week after receiving it. Luckily we have the paperwork to return it.,,False,0
2338973053,,https://www.walmart.com/ip/Emerson-Portable-AM-FM-Radio-New/2338973053?classType=REGULAR&from=/search,Anonymous,,neutral,0.623,0.5,neutral,roberta,"Small, but not good speaker quality for music","[This review was collected as part of a promotion.] I received the Emerson ER-700 Portable AM/FM Radio with Built-in Speaker via Influenster for my honest review. The unit itself measures 3 1/2” tall, and 10 1/2” tall with the antenna fully extended. It is just over 2 1/4” wide, and also includes a convenient belt clip, and takes two AA batteries to operate. Controls are simple with an AM and FM option as well as tuning and volume, and an outlet to connect wired headphones. I sampled both AM and FM stations and found the speaker quality rather raspy and poor quality no matter what stations I sampled. The speaker particularly sounded poor quality when listening to music stations, however talk radio stations seemed to project more clearly. This is definitely a handy little portable radio if you don't mind the marginal speaker quality.",,False,0
2338973053,,https://www.walmart.com/ip/Emerson-Portable-AM-FM-Radio-New/2338973053?classType=REGULAR&from=/search,Anonymous,,neutral,0.8672,0.5,neutral,roberta,Compact,[This review was collected as part of a promotion.] It is a small compact AM/FM radio with a belt clip and headphone jacket. Of course not all the stations put up clearly but services its purpose as a portable radio.,,False,0
741488878,,https://www.walmart.com/ip/Emerson-EPB-3000-Portable-CD-Player-AM-FM-Radio-Programmable-Memory-Dual-Stereo-Speakers-3-5mm-AUX-Input-Two-Way-Power-Home-On-the-Go-Entertainment-I/741488878?classType=VARIANT,Anonymous,,neutral,0.649,0.5,neutral,roberta,,"The unit is simple to operate which was a priority since I bought it for an elderly person in an assisted living facility. Box appeared to have been opened before. The picture shows an antenna, but the one I received did not have one. The inlet for the power cable was flimsy and worked in-consistently, only if you pulled the cable one way or the other. Sound is not great, even for a low cost unit.",,False,0
741488878,,https://www.walmart.com/ip/Emerson-EPB-3000-Portable-CD-Player-AM-FM-Radio-Programmable-Memory-Dual-Stereo-Speakers-3-5mm-AUX-Input-Two-Way-Power-Home-On-the-Go-Entertainment-I/741488878?classType=VARIANT,Anonymous,,neutral,0.6431,0.5,neutral,roberta,CHEESEY,CHEAP JUNK RADIO CUTS OUT OF STATIONS HAVE TO KEEP MOVING ANTENNA.DVD WORKS ON SOME DVD'S SKIPS ON OTHERS.,,False,0
741488878,,https://www.walmart.com/ip/Emerson-EPB-3000-Portable-CD-Player-AM-FM-Radio-Programmable-Memory-Dual-Stereo-Speakers-3-5mm-AUX-Input-Two-Way-Power-Home-On-the-Go-Entertainment-I/741488878?classType=VARIANT,Anonymous,,neutral,0.5749,0.5,neutral,roberta,??,No comment. This was purchased for Christmas last year for a little girl to listen to Frozen. However her Mom returned it to the store. Not sure why.,,False,0
741488878,,https://www.walmart.com/ip/Emerson-EPB-3000-Portable-CD-Player-AM-FM-Radio-Programmable-Memory-Dual-Stereo-Speakers-3-5mm-AUX-Input-Two-Way-Power-Home-On-the-Go-Entertainment-I/741488878?classType=VARIANT,Anonymous,,neutral,0.4918,0.5,neutral,roberta,Buyers beware,"The picture shows an antenna, buyer beware. the one I bought my hubby does not have one, but he doesn't care cause he only listens to K-country, 93.7, and that is fine with him.",,False,0
741488878,,https://www.walmart.com/ip/Emerson-EPB-3000-Portable-CD-Player-AM-FM-Radio-Programmable-Memory-Dual-Stereo-Speakers-3-5mm-AUX-Input-Two-Way-Power-Home-On-the-Go-Entertainment-I/741488878?classType=VARIANT,Anonymous,,neutral,0.515,0.5,neutral,roberta,"not bad,but not alot of stations to get",i bought it for radio listening . it dont tune in very good for me.to find other stations..cd works fine,,False,0
741488878,,https://www.walmart.com/ip/Emerson-EPB-3000-Portable-CD-Player-AM-FM-Radio-Programmable-Memory-Dual-Stereo-Speakers-3-5mm-AUX-Input-Two-Way-Power-Home-On-the-Go-Entertainment-I/741488878?classType=VARIANT,Anonymous,,neutral,0.4343,0.5,neutral,roberta,,"Have just used the product one time, but had no trouble with it. Have just had it two days. so don't know how it will be down the road.",,False,0
741488878,,https://www.walmart.com/ip/Emerson-EPB-3000-Portable-CD-Player-AM-FM-Radio-Programmable-Memory-Dual-Stereo-Speakers-3-5mm-AUX-Input-Two-Way-Power-Home-On-the-Go-Entertainment-I/741488878?classType=VARIANT,Anonymous,,neutral,0.5993,0.5,neutral,roberta,,Nothing to dislike. Needed something to play my CD's,,False,0
741488878,,https://www.walmart.com/ip/Emerson-EPB-3000-Portable-CD-Player-AM-FM-Radio-Programmable-Memory-Dual-Stereo-Speakers-3-5mm-AUX-Input-Two-Way-Power-Home-On-the-Go-Entertainment-I/741488878?classType=VARIANT,Anonymous,,neutral,0.5683,0.5,neutral,roberta,Christmas Music,I needed a small cd player for my cds and Christmas music,,False,0
741488878,,https://www.walmart.com/ip/Emerson-EPB-3000-Portable-CD-Player-AM-FM-Radio-Programmable-Memory-Dual-Stereo-Speakers-3-5mm-AUX-Input-Two-Way-Power-Home-On-the-Go-Entertainment-I/741488878?classType=VARIANT,Anonymous,,neutral,0.666,0.5,neutral,roberta,No opinion,It was a Christmas gift so it's still in the box until Christmas.,,False,0
741488878,,https://www.walmart.com/ip/Emerson-EPB-3000-Portable-CD-Player-AM-FM-Radio-Programmable-Memory-Dual-Stereo-Speakers-3-5mm-AUX-Input-Two-Way-Power-Home-On-the-Go-Entertainment-I/741488878?classType=VARIANT,Anonymous,,neutral,0.6646,0.5,neutral,roberta,It's okay. Radio gets fuzzy sometimes.,It's okay. Does the job but nothing fancy. Radio sometimes gets fuzzy depending on where it is.,,False,0
741488878,,https://www.walmart.com/ip/Emerson-EPB-3000-Portable-CD-Player-AM-FM-Radio-Programmable-Memory-Dual-Stereo-Speakers-3-5mm-AUX-Input-Two-Way-Power-Home-On-the-Go-Entertainment-I/741488878?classType=VARIANT,Anonymous,,neutral,0.7768,0.5,neutral,roberta,,I HAVE THIS RADIO IN MY BATHROOM. I ORDERED A BLUE ONE AND GOT A BLACK ONE.,,False,0
741488878,,https://www.walmart.com/ip/Emerson-EPB-3000-Portable-CD-Player-AM-FM-Radio-Programmable-Memory-Dual-Stereo-Speakers-3-5mm-AUX-Input-Two-Way-Power-Home-On-the-Go-Entertainment-I/741488878?classType=VARIANT,Anonymous,,neutral,0.6723,0.5,neutral,roberta,Radio,I bought this radio for my grandson. They already have 2 other just like this one just different colors.,,False,0
741488878,,https://www.walmart.com/ip/Emerson-EPB-3000-Portable-CD-Player-AM-FM-Radio-Programmable-Memory-Dual-Stereo-Speakers-3-5mm-AUX-Input-Two-Way-Power-Home-On-the-Go-Entertainment-I/741488878?classType=VARIANT,Anonymous,,neutral,0.4091,0.5,neutral,roberta,CD player is good.,I bought for playing language CD and it works fine. Radio station selection is difficult. FM sound quality is not good.,,False,0
741488878,,https://www.walmart.com/ip/Emerson-EPB-3000-Portable-CD-Player-AM-FM-Radio-Programmable-Memory-Dual-Stereo-Speakers-3-5mm-AUX-Input-Two-Way-Power-Home-On-the-Go-Entertainment-I/741488878?classType=VARIANT,Anonymous,,neutral,0.7025,0.5,neutral,roberta,no external antenne the antenne is in the speakers,"pictured with external antenne it's antenne are in the speakers so no external antenne was also supposed to have ""bluetooth"" feature but it doesnt overall works fine",,False,0
741488878,,https://www.walmart.com/ip/Emerson-EPB-3000-Portable-CD-Player-AM-FM-Radio-Programmable-Memory-Dual-Stereo-Speakers-3-5mm-AUX-Input-Two-Way-Power-Home-On-the-Go-Entertainment-I/741488878?classType=VARIANT,Anonymous,,neutral,0.5895,0.5,neutral,roberta,,The radio controls could be larger so they could be easier to read.,,False,0
393188579,,https://www.walmart.com/ip/Dual-Electronics-XVM279BT-7-inch-Double-DIN-Car-Stereo-with-LED-Touch-Screen-Bluetooth-New/393188579?classType=REGULAR,Anonymous,,neutral,0.4038,0.5,neutral,roberta,,"1st stereo u bought worked for 1 month and jus stopped working... emailed dual and explained my situation since it had been over 30days could not return to walmart,.... customer srvice rep said mail it to them, i did, 2 weeks later got another new one in the mail and installed it... been working great for 3 weeks now...powerful, easy to read and operate.... no complaints so far... bluetooth is good and easily connects to android... what more do u want for $70... thanks walmart and dual .",,False,0
393188579,,https://www.walmart.com/ip/Dual-Electronics-XVM279BT-7-inch-Double-DIN-Car-Stereo-with-LED-Touch-Screen-Bluetooth-New/393188579?classType=REGULAR,Anonymous,,neutral,0.5817,0.5,neutral,roberta,Junk,Installed into truck and it played pretty good. Until one day I turned the ignition off and the next morning the radio face wouldn't power up so I test the power wires and ground and everything works to the radio just not the radio,,False,0
393188579,,https://www.walmart.com/ip/Dual-Electronics-XVM279BT-7-inch-Double-DIN-Car-Stereo-with-LED-Touch-Screen-Bluetooth-New/393188579?classType=REGULAR,Anonymous,,neutral,0.5527,0.5,neutral,roberta,,The interface is nice but the sound and Bluetooth must be reset very frequently.,,False,0
393188579,,https://www.walmart.com/ip/Dual-Electronics-XVM279BT-7-inch-Double-DIN-Car-Stereo-with-LED-Touch-Screen-Bluetooth-New/393188579?classType=REGULAR,Anonymous,,neutral,0.4627,0.5,neutral,roberta,Good Product - Manual Included and Online,"I have the XVM279NAV model that does not include the CD/DVD player. My vehicle has a CD player so I really did not need that feature but I will say it would probably be handy to have it included which it is on some models. I have a 2015 Chevy Equinox that did not have a navigation system nor a back up system. Just so you will know, you can in fact add the optional back up camera too, as stated on the box. Although it does include a fold up guide, you may find the online guide more helpful. It does include the link for the online manual. This product does have bluetooth and handsfree calling. This is built in IGO navigation. It has a front USB port which is extremely handy. It's 200 WATTS of peak power. For me, it is mostly self explanatory but I am on the high tech save end. However, I don't think anyone would have any problem using this product. The 7 inch touch screen is easy to see and does not take up a lot of room in my vehicle. This product is very nice to have, especially when traveling. I am considering the back up add on because my car did not come with that feature. Great product.",,False,0
393188579,,https://www.walmart.com/ip/Dual-Electronics-XVM279BT-7-inch-Double-DIN-Car-Stereo-with-LED-Touch-Screen-Bluetooth-New/393188579?classType=REGULAR,Anonymous,,neutral,0.4934,0.5,neutral,roberta,Too many negative points,"Pros: - I like the potentiometer volume button because I can raise, reduce or mute the volume quickly compared to simple +/- buttons where you have to locate in the midst of other buttons and press many times - I like the MicroSD card reader - Loads in 6 seconds which is reasonable - I like the design and the icons seem cool Cons: - The screen is too opaque thus hard to see(dimmed to the minimum already, when dimmed to the max, it's pitch black which is pointless), just little sunlight (it was cloudy) and I could hardly see anything on the screen, barely bright enough, see for yourself on pictures - The touchscreen almost doesn't work, I have to press very hard (I really mean it, almost punching it) so that it detects what I pressed, very annoying, I was unable to set beep,camera options because of that and the touchscreen calibration option is proof showing how bad the touchscreen is otherwise such option wouldn't be there in the first place - There were no sticker labels on the wires, it would have helped for faster connection - No music detail for bluetooth audio - The volume resets everytime the car is turned off - The screen auto switches to radio after 10 seconds and it's annoying - The dim button is annoying when you aren't used to it and should be in the settings - The play/pause button stays the same so if there's a silence during the music, it's hard to know if it's playing or paused, especially when it's a little bit slow to react - Doesn't fit well on some old car models, my car is a 2004 Honda Civic Hybrid and I had to remove the frame in order to make it fit due to screw holes not matching, thus there's a small gap around the receiver(See picture) - Volume options have very limited options(See picture) - Buttons like dial, phone call, hangup, volume option are not very structured and located in not needed places - Beware camera is optional, thus not included",,False,0
393188579,,https://www.walmart.com/ip/Dual-Electronics-XVM279BT-7-inch-Double-DIN-Car-Stereo-with-LED-Touch-Screen-Bluetooth-New/393188579?classType=REGULAR,Anonymous,,neutral,0.5872,0.5,neutral,roberta,,1st one I got was missing things going by the pictures. I did get a replacement and everything was there.,,False,0
393188579,,https://www.walmart.com/ip/Dual-Electronics-XVM279BT-7-inch-Double-DIN-Car-Stereo-with-LED-Touch-Screen-Bluetooth-New/393188579?classType=REGULAR,Anonymous,,neutral,0.7062,0.5,neutral,roberta,,blue tooth turns off by its self and have to reset back to factory settings to refinable it,,False,0
393188579,,https://www.walmart.com/ip/Dual-Electronics-XVM279BT-7-inch-Double-DIN-Car-Stereo-with-LED-Touch-Screen-Bluetooth-New/393188579?classType=REGULAR,Anonymous,,neutral,0.4522,0.5,neutral,roberta,Not what I expected,Not exactly what I expected. Was expecting a little bit better of a product and better quality. I understand it's for older model cars So it's not gonna have all the technology of a new vehicle fully loaded. Its ok. It's worth I guess what you pay for it. It does bring a little update to an older vehicle. The quality seems kind of cheesy. I think it could be made a little bit better . It looks fairly cheap. Instructions make it a little bit difficult but still doable. Took quite a bit of time a lot more than expected. Had to buy additional parts for it to work in my mother's car. I would only recommend this if you're a booking for the basic update for an older car.,,False,0
393188579,,https://www.walmart.com/ip/Dual-Electronics-XVM279BT-7-inch-Double-DIN-Car-Stereo-with-LED-Touch-Screen-Bluetooth-New/393188579?classType=REGULAR,Anonymous,,neutral,0.5004,0.5,neutral,roberta,,"It's works, although touch screen sensitivity could be improved. I purchased this item to replace the radio on my 2003 Ford F-250. I had a problem where the radio would drain my battery after the truck was shut off. For the price you get a lot. I can connect to my iPhone via Bluetooth, decent sound, has a USB port to charge my phone. You can connect a rear view camera to it if you want which is a nice feature I haven't used yet. My only gripe is the touch screen sensitivity is not that great but what do you expect for how much they sell these for?",,False,0
393188579,,https://www.walmart.com/ip/Dual-Electronics-XVM279BT-7-inch-Double-DIN-Car-Stereo-with-LED-Touch-Screen-Bluetooth-New/393188579?classType=REGULAR,Anonymous,,neutral,0.4899,0.5,neutral,roberta,It's a relatively simple receiver. ...,It's a relatively simple receiver. But it packs a lot of audio features with a touch screen. The controls take a bit of getting used to and the volume knob is really small so be careful if you have big fingers. Switching between functions isn't the easiest and the skip buttons are kind of behind the knob. But the screen is large for the space and reasonably responsive.,,False,0
393188579,,https://www.walmart.com/ip/Dual-Electronics-XVM279BT-7-inch-Double-DIN-Car-Stereo-with-LED-Touch-Screen-Bluetooth-New/393188579?classType=REGULAR,Anonymous,,neutral,0.4975,0.5,neutral,roberta,This car stereo/media receiver allo...,"This car stereo/media receiver allows one to perform the basic, everyday activities in a car. It's possible to play music on the radio or by connecting with your phone. It also allows you to be safer with the hands free functions. It's not as responsive as I might like for driving - sometimes I have to push the screen more than once to get it to do what I want. But as an entry level stereo, it would cover my needs.",,False,0
393188579,,https://www.walmart.com/ip/Dual-Electronics-XVM279BT-7-inch-Double-DIN-Car-Stereo-with-LED-Touch-Screen-Bluetooth-New/393188579?classType=REGULAR,Anonymous,,neutral,0.5172,0.5,neutral,roberta,,Ordered for my son for his birthday can't even give it to him,,False,0
393188579,,https://www.walmart.com/ip/Dual-Electronics-XVM279BT-7-inch-Double-DIN-Car-Stereo-with-LED-Touch-Screen-Bluetooth-New/393188579?classType=REGULAR,Anonymous,,neutral,0.4651,0.5,neutral,roberta,shipping was fast so thats was good,the fact that you pay all that money for an item but then you have to turn around and pay more money for the wires that should of come with the radio in the first place that don't make any sense,,False,0
393188579,,https://www.walmart.com/ip/Dual-Electronics-XVM279BT-7-inch-Double-DIN-Car-Stereo-with-LED-Touch-Screen-Bluetooth-New/393188579?classType=REGULAR,Anonymous,,neutral,0.5238,0.5,neutral,roberta,touch screen doesn't react well but...,touch screen doesn't react well but the rest of the operations are fairly smooth. sound is good but was difficult to figure out the Bluetooth configuration,,False,0
393188579,,https://www.walmart.com/ip/Dual-Electronics-XVM279BT-7-inch-Double-DIN-Car-Stereo-with-LED-Touch-Screen-Bluetooth-New/393188579?classType=REGULAR,Anonymous,,neutral,0.6,0.5,neutral,roberta,Car stereo w/ touchscreen,"Not sure if I can give this stereo a fair review with the COVID-19 pandemic & stay at home order in place. This stereo was put in my older vehicle. It takes some getting used to. The install didn't take long & I believe everything that was needed was in the box. Connecting the phone to Bluetooth was an added feature. But in my opinion, it is hard to hear the other party when driving. The radio plays with the speakers that were in the car with a good amount of sound. Haven't used the navigation as this cart just stays in the local community. I guess it would say this would be a nice replacement for a 2nd vehicle that may possibly have a cassette deck& radio only.",,False,0
393188579,,https://www.walmart.com/ip/Dual-Electronics-XVM279BT-7-inch-Double-DIN-Car-Stereo-with-LED-Touch-Screen-Bluetooth-New/393188579?classType=REGULAR,Anonymous,,neutral,0.5721,0.5,neutral,roberta,Dual model XVM279BT I Like it Replace,I need Stereo Replace screen is cracked and the back gets hot and shut off dozen turn on i got it 9-14-2023,,False,0
393188579,,https://www.walmart.com/ip/Dual-Electronics-XVM279BT-7-inch-Double-DIN-Car-Stereo-with-LED-Touch-Screen-Bluetooth-New/393188579?classType=REGULAR,Anonymous,,neutral,0.5037,0.5,neutral,roberta,Volume knob too small and smooth,Works as it should. You're getting what you pay for though. Volume knob is tiny and smooth. Makes it a chore to adjust while driving.,,False,0
393188579,,https://www.walmart.com/ip/Dual-Electronics-XVM279BT-7-inch-Double-DIN-Car-Stereo-with-LED-Touch-Screen-Bluetooth-New/393188579?classType=REGULAR,Anonymous,,neutral,0.5207,0.5,neutral,roberta,,I tried to hook the radio up to my speakers and it wasn't working,,False,0
393188579,,https://www.walmart.com/ip/Dual-Electronics-XVM279BT-7-inch-Double-DIN-Car-Stereo-with-LED-Touch-Screen-Bluetooth-New/393188579?classType=REGULAR,Anonymous,,neutral,0.4957,0.5,neutral,roberta,Get what u pay for here,Won't turn on sometimes and I have to unhook the continuous power and plug back in then it works again. Also the only video it does is for the back up camera so if you want to play any video you would have to rig it up to some kind of switch to make the stereo think you are in reverse so it will switch to video mode.,,False,0
393188579,,https://www.walmart.com/ip/Dual-Electronics-XVM279BT-7-inch-Double-DIN-Car-Stereo-with-LED-Touch-Screen-Bluetooth-New/393188579?classType=REGULAR,Anonymous,,neutral,0.5134,0.5,neutral,roberta,Nit bad for the price,I'd give it 5 stars if it mirrored my phone I spend most of my time in traffic wish it gave u the option for reading text messages off and maybe a background pic and a smaller beauty ring around it.,,False,0
393188579,,https://www.walmart.com/ip/Dual-Electronics-XVM279BT-7-inch-Double-DIN-Car-Stereo-with-LED-Touch-Screen-Bluetooth-New/393188579?classType=REGULAR,Anonymous,,neutral,0.5125,0.5,neutral,roberta,Gave out quick,worked the first hour i purchased. then out of nowhere all audio except for one speaker gave out. So i had to hook up another brand radio and wprked perfect.,,False,0
393188579,,https://www.walmart.com/ip/Dual-Electronics-XVM279BT-7-inch-Double-DIN-Car-Stereo-with-LED-Touch-Screen-Bluetooth-New/393188579?classType=REGULAR,Anonymous,,neutral,0.5385,0.5,neutral,roberta,Have to Unplug,"Same issue as others. I have to unplug the radio and plug it back in after the vehicle has been off for a couple minutes. Has anyone found a solution for this? If I get a new one, would this possibly fix the issue?",,False,0
393188579,,https://www.walmart.com/ip/Dual-Electronics-XVM279BT-7-inch-Double-DIN-Car-Stereo-with-LED-Touch-Screen-Bluetooth-New/393188579?classType=REGULAR,Anonymous,,neutral,0.8161,0.5,neutral,roberta,Question about wiring harness,I'm looking at getting one of these! Do they come with the wiring harness or do I have to buy it separately,,False,0
23744718,,https://www.walmart.com/ip/Jensen-3-Watt-RMS-Portable-Stereo-CD-Player-with-AM-FM-Stereo-Radio-Red/23744718?classType=VARIANT&from=/search,Anonymous,,neutral,0.452,0.5,neutral,roberta,"iworks fine, sound leaves something to be desired","my only issue is there's no way to adjust the bass - it must be set really strong for CDs because the low tones growl when the volume is turned up and the left speaker vibrates like it's loose on some of my CDs. It's got a good radio with strong reception from the little antenna on stations 75 miles away, but happens to sound more treble than I like. So CDs too low, radio too high. A neat feature is the manual radio dial on the side being upside down so it's easy to bend over and see the numbers without having to lift it up to eye level. I prefer the old-fashioned radio dial over digital. The dials and buttons all feel very solid and are easy to navigate, and it feels like a good sturdy compact player that hopefully will last a long time. My two big Sony boomboxes only lasted a couple of years each before starting to skip (only playing 1 hour per day) and cleaners didn't help. Jensen has always been a very reliable brand and if you are wanting a basic CD player and radio without lots of bells and whistles and studio sound, this might be just the ticket for you. I was happy to find it at Walmart at such a great price.",,False,0
23744718,,https://www.walmart.com/ip/Jensen-3-Watt-RMS-Portable-Stereo-CD-Player-with-AM-FM-Stereo-Radio-Red/23744718?classType=VARIANT&from=/search,Anonymous,,neutral,0.4976,0.5,neutral,roberta,Old School radio with no Bass sound.,"Think I paid $47 for this radio. It's worth no more than $40. It's an ""old school"" portable Am/Fm - CD player. The AM/FM Tuner is the ""old style"" rotary channel selector,(Not Digital). It also has a pull-up antenna. The speakers are only 3-1/2"" with no Bass sound. This radio is okay for the office or bedroom. It's not quite enough for my garage or outside the house.",,False,0
23744718,,https://www.walmart.com/ip/Jensen-3-Watt-RMS-Portable-Stereo-CD-Player-with-AM-FM-Stereo-Radio-Red/23744718?classType=VARIANT&from=/search,Anonymous,,neutral,0.5214,0.5,neutral,roberta,Good for the price,AC plug will not stay plugged into back of unit had to put tape around it to make it fit tight. Another reviewer had same problem.,,False,0
23744718,,https://www.walmart.com/ip/Jensen-3-Watt-RMS-Portable-Stereo-CD-Player-with-AM-FM-Stereo-Radio-Red/23744718?classType=VARIANT&from=/search,Anonymous,,neutral,0.7449,0.5,neutral,roberta,CD Worked for 15 seconds,"CD played for about 15 seconds. Tried several CDs, same problem. Returned it.",,False,0
23744718,,https://www.walmart.com/ip/Jensen-3-Watt-RMS-Portable-Stereo-CD-Player-with-AM-FM-Stereo-Radio-Red/23744718?classType=VARIANT&from=/search,Anonymous,,neutral,0.5664,0.5,neutral,roberta,,Picks up good for local stations. Still have trouble picking up channels 50 miles or greater.,,False,0
23744718,,https://www.walmart.com/ip/Jensen-3-Watt-RMS-Portable-Stereo-CD-Player-with-AM-FM-Stereo-Radio-Red/23744718?classType=VARIANT&from=/search,Anonymous,,neutral,0.5835,0.5,neutral,roberta,Radio,Smaller than expected for the price. Okay wish it had higher volume,,False,0
23744718,,https://www.walmart.com/ip/Jensen-3-Watt-RMS-Portable-Stereo-CD-Player-with-AM-FM-Stereo-Radio-Red/23744718?classType=VARIANT&from=/search,Anonymous,,neutral,0.751,0.5,neutral,roberta,,"Already have one, wanted another one for another room",,False,0
23744718,,https://www.walmart.com/ip/Jensen-3-Watt-RMS-Portable-Stereo-CD-Player-with-AM-FM-Stereo-Radio-Red/23744718?classType=VARIANT&from=/search,Anonymous,,neutral,0.5005,0.5,neutral,roberta,First timer,The radio it self is fine...only issue is the reception on fm stations.,,False,0
23744718,,https://www.walmart.com/ip/Jensen-3-Watt-RMS-Portable-Stereo-CD-Player-with-AM-FM-Stereo-Radio-Red/23744718?classType=VARIANT&from=/search,Anonymous,,neutral,0.5501,0.5,neutral,roberta,Mixed.,Liked the quality of sound but had difficulty programming the songs l wanted to play.,,False,0
23744718,,https://www.walmart.com/ip/Jensen-3-Watt-RMS-Portable-Stereo-CD-Player-with-AM-FM-Stereo-Radio-Red/23744718?classType=VARIANT&from=/search,Anonymous,,neutral,0.4652,0.5,neutral,roberta,,Just had a little scratch in the red paint on the front of the unit. Liked everything else,,False,0
23744718,,https://www.walmart.com/ip/Jensen-3-Watt-RMS-Portable-Stereo-CD-Player-with-AM-FM-Stereo-Radio-Red/23744718?classType=VARIANT&from=/search,Anonymous,,neutral,0.4744,0.5,neutral,roberta,OK,"Nifty little machine, but just not quite loud, or crisp.",,False,0
23744718,,https://www.walmart.com/ip/Jensen-3-Watt-RMS-Portable-Stereo-CD-Player-with-AM-FM-Stereo-Radio-Red/23744718?classType=VARIANT&from=/search,Anonymous,,neutral,0.6909,0.5,neutral,roberta,received more radio stations,I had bought this model before. The old one received more radio stations then the new one.,,False,0
23744718,,https://www.walmart.com/ip/Jensen-3-Watt-RMS-Portable-Stereo-CD-Player-with-AM-FM-Stereo-Radio-Red/23744718?classType=VARIANT&from=/search,Anonymous,,neutral,0.6247,0.5,neutral,roberta,,She just uses the radio and the cd player. It is fine for what she needs.,,False,0
23744718,,https://www.walmart.com/ip/Jensen-3-Watt-RMS-Portable-Stereo-CD-Player-with-AM-FM-Stereo-Radio-Red/23744718?classType=VARIANT&from=/search,Anonymous,,neutral,0.4095,0.5,neutral,roberta,Radio,The speaker are not that good of sound; But the price is not that bad. Would of gave it a four cheap sound.,,False,0
23744718,,https://www.walmart.com/ip/Jensen-3-Watt-RMS-Portable-Stereo-CD-Player-with-AM-FM-Stereo-Radio-Red/23744718?classType=VARIANT&from=/search,Anonymous,,neutral,0.5092,0.5,neutral,roberta,Bought 2 same time and both were defective.,"#1 radio and CD player worked OK, but in about a week, it developed a humming sound when power was turned on. Hum sound stayed at same volume no matter what I did with volume control + humming continued while playing CD or radio. #2 radio worked, but CD player would play music about 1 minute then skip to about 1-2 seconds of silence then continue the music for another minute followed by 1-2 seconds of silence.",,False,0
23744718,,https://www.walmart.com/ip/Jensen-3-Watt-RMS-Portable-Stereo-CD-Player-with-AM-FM-Stereo-Radio-Red/23744718?classType=VARIANT&from=/search,Anonymous,,neutral,0.5067,0.5,neutral,roberta,Radio,It was a gift for disabled sister it as as ordered,,False,0
23744718,,https://www.walmart.com/ip/Jensen-3-Watt-RMS-Portable-Stereo-CD-Player-with-AM-FM-Stereo-Radio-Red/23744718?classType=VARIANT&from=/search,Anonymous,,neutral,0.7102,0.5,neutral,roberta,Ok radio,I thought it had a digital tuner but it has a dial tuner. I returned it. Didn't really use it,,False,0
23744718,,https://www.walmart.com/ip/Jensen-3-Watt-RMS-Portable-Stereo-CD-Player-with-AM-FM-Stereo-Radio-Red/23744718?classType=VARIANT&from=/search,Anonymous,,neutral,0.64,0.5,neutral,roberta,Classroom,"I brought this for my class, so my students can have in the listener center",,False,0
23744718,,https://www.walmart.com/ip/Jensen-3-Watt-RMS-Portable-Stereo-CD-Player-with-AM-FM-Stereo-Radio-Red/23744718?classType=VARIANT&from=/search,Anonymous,,neutral,0.5988,0.5,neutral,roberta,,There is no radio guage to tell what channel you might be receiving. I will be returning both that i bought for gifts,,False,0
23744718,,https://www.walmart.com/ip/Jensen-3-Watt-RMS-Portable-Stereo-CD-Player-with-AM-FM-Stereo-Radio-Red/23744718?classType=VARIANT&from=/search,Anonymous,,neutral,0.5811,0.5,neutral,roberta,Its ok for the price,handle would not stay conected on one side could not carry it it would pop out of its slot,,False,0
23744718,,https://www.walmart.com/ip/Jensen-3-Watt-RMS-Portable-Stereo-CD-Player-with-AM-FM-Stereo-Radio-Red/23744718?classType=VARIANT&from=/search,Anonymous,,neutral,0.6139,0.5,neutral,roberta,Be truthful,It takes 8 batteries not 6. You put it takes 6 batteries.,,False,0
23744718,,https://www.walmart.com/ip/Jensen-3-Watt-RMS-Portable-Stereo-CD-Player-with-AM-FM-Stereo-Radio-Red/23744718?classType=VARIANT&from=/search,Anonymous,,neutral,0.5894,0.5,neutral,roberta,cd player,"Small, enough to carry. Volume could be just a touch louder for a large room, butnice.",,False,0
15823853597,,https://www.walmart.com/ip/Jazmm-Hand-Crank-Emergency-Radio-NOAA-AM-FM-Portable-Radio-Solar-Emergency-Radio-Weather-Alert-Flashlight-Emergency-2000mAh-Power-Bank-Cellphone-Char/15823853597?classType=VARIANT&from=/search,Anonymous,,neutral,0.398,0.5,neutral,roberta,"Be prepared, not scared!!!",Living in Florida you need this…. i'm most worried about tornadoes. They come out of nowhere… have a safe summer Florida be prepared. Have one of these radios…,,False,0
187043401,,https://www.walmart.com/ip/Westclox-Electric-Large-1-4-Red-LED-Digital-FM-Clock-Radio-2-USB-Charging-Port-with-Fast-Charge-New/187043401?classType=VARIANT&from=/search,Anonymous,,neutral,0.4699,0.5,neutral,roberta,Good night my friend,No a/c plug 🔌 as pictured but usb to ac plug 🔌 is needed . A-little hard to use but we did till we got it 5 times - probably me some but use the same button for multiple commands get confused with the button s . All in all a westclox machine is good quality b -,,False,0
187043401,,https://www.walmart.com/ip/Westclox-Electric-Large-1-4-Red-LED-Digital-FM-Clock-Radio-2-USB-Charging-Port-with-Fast-Charge-New/187043401?classType=VARIANT&from=/search,Anonymous,,neutral,0.6393,0.5,neutral,roberta,,You get to choose 2 alarms to set but I give it three stars because you get to choose to play an alarm beep sound or for the radio to go off when it's your alarm time. But the beep sound all the way up is very very very low. You couldn't hear that to wake up so you have no choice but to set it to wake you up by hearing the radio and that is loud volume all the way up but my problem is a listen to the radio to go to sleep with the volume at 1 so then when my alarm goes off I don't know because I have the volume set low and was already listening to music.,,False,0
187043401,,https://www.walmart.com/ip/Westclox-Electric-Large-1-4-Red-LED-Digital-FM-Clock-Radio-2-USB-Charging-Port-with-Fast-Charge-New/187043401?classType=VARIANT&from=/search,Anonymous,,neutral,0.8081,0.5,neutral,roberta,,Has to be plugged in via usb you also need to find a phone block the battery option only keeps your Time saved,,False,0
187043401,,https://www.walmart.com/ip/Westclox-Electric-Large-1-4-Red-LED-Digital-FM-Clock-Radio-2-USB-Charging-Port-with-Fast-Charge-New/187043401?classType=VARIANT&from=/search,Anonymous,,neutral,0.5235,0.5,neutral,roberta,,"Now I don't have to look at my phone to see what time it is. It is hard to program radio stations. It is convenient to have charging ports, they don't always work, especially not together.",,False,0
187043401,,https://www.walmart.com/ip/Westclox-Electric-Large-1-4-Red-LED-Digital-FM-Clock-Radio-2-USB-Charging-Port-with-Fast-Charge-New/187043401?classType=VARIANT&from=/search,Anonymous,,neutral,0.7312,0.5,neutral,roberta,Confused,I like it has 2 alarms.I still have figure out how to get a radio station and how to get radio play.I can use it as a alarms of static.,,False,0
187043401,,https://www.walmart.com/ip/Westclox-Electric-Large-1-4-Red-LED-Digital-FM-Clock-Radio-2-USB-Charging-Port-with-Fast-Charge-New/187043401?classType=VARIANT&from=/search,Anonymous,,neutral,0.5321,0.5,neutral,roberta,,"I got 2 of them. Clock big enough to see without glasses, has a radio, and has 2 usb ports to charge my phone and other items.",,False,0
187043401,,https://www.walmart.com/ip/Westclox-Electric-Large-1-4-Red-LED-Digital-FM-Clock-Radio-2-USB-Charging-Port-with-Fast-Charge-New/187043401?classType=VARIANT&from=/search,Anonymous,,neutral,0.404,0.5,neutral,roberta,Alarm clock,It's ok! I just wanted an everyday electric alarm clock! Too much tech for me to handle! I was born way too soon,,False,0
187043401,,https://www.walmart.com/ip/Westclox-Electric-Large-1-4-Red-LED-Digital-FM-Clock-Radio-2-USB-Charging-Port-with-Fast-Charge-New/187043401?classType=VARIANT&from=/search,Anonymous,,neutral,0.7965,0.5,neutral,roberta,Not sure,Sound of radio is not very clear. Numbers are very clear.,,False,0
187043401,,https://www.walmart.com/ip/Westclox-Electric-Large-1-4-Red-LED-Digital-FM-Clock-Radio-2-USB-Charging-Port-with-Fast-Charge-New/187043401?classType=VARIANT&from=/search,Anonymous,,neutral,0.8941,0.5,neutral,roberta,Electric clock with USB connection.,The alarm has a loud sound.,,False,0
187043401,,https://www.walmart.com/ip/Westclox-Electric-Large-1-4-Red-LED-Digital-FM-Clock-Radio-2-USB-Charging-Port-with-Fast-Charge-New/187043401?classType=VARIANT&from=/search,Anonymous,,neutral,0.515,0.5,neutral,roberta,"Clock is fine, power supply is a joke","So you get a clock to go on your nightstand, you expect to plug it in to an electrical outlet near the bed, correct? No, not with this clock. It comes with a USB cable so you can plug it into ... your computer. Like I have a laptop on my nightstand? You have to go purchase a wall charger adapter to plug the USB cord into. While those are cheap, it's just another $10 or whatever added to the price of the clock. And good luck finding out any of this on the box that the clock comes it. You get to be surprised when you open the box, as I was. The clock itself works fine. The power supply cord is ridiculous.",,False,0
187043401,,https://www.walmart.com/ip/Westclox-Electric-Large-1-4-Red-LED-Digital-FM-Clock-Radio-2-USB-Charging-Port-with-Fast-Charge-New/187043401?classType=VARIANT&from=/search,Anonymous,,neutral,0.5081,0.5,neutral,roberta,Things not obvious on label/box,"Did not realize I needed to provide an adaptor for it to plug into wall. Also, did not realize that batteries will not power it, only will hold your settings in the event of a power failure. Luckily I had an adapter.",,False,0
187043401,,https://www.walmart.com/ip/Westclox-Electric-Large-1-4-Red-LED-Digital-FM-Clock-Radio-2-USB-Charging-Port-with-Fast-Charge-New/187043401?classType=VARIANT&from=/search,Anonymous,,neutral,0.5309,0.5,neutral,roberta,no cord,i realize it was a battery backup clock but expected a corded clock with battery backup would include a cord. .. now I have to find a cord that fits and spend more money. i think for $20.00 i expected a cord.,,False,0
187043401,,https://www.walmart.com/ip/Westclox-Electric-Large-1-4-Red-LED-Digital-FM-Clock-Radio-2-USB-Charging-Port-with-Fast-Charge-New/187043401?classType=VARIANT&from=/search,Anonymous,,neutral,0.6837,0.5,neutral,roberta,,"Allways check the receipt before leaving the cashier's desk . The clock was ok, but I got billed twice for one bottle of Listerine.",,False,0
187043401,,https://www.walmart.com/ip/Westclox-Electric-Large-1-4-Red-LED-Digital-FM-Clock-Radio-2-USB-Charging-Port-with-Fast-Charge-New/187043401?classType=VARIANT&from=/search,Anonymous,,neutral,0.6585,0.5,neutral,roberta,,I wish the clock had raised buttons on top to make it easier to find the right feature in the dark.,,False,0
711119387,,https://www.walmart.com/ip/G-Project-G-Storm-Bluetooth-Speaker-with-AM-FM-Weather-Radio-and-NOAA-Alerts/711119387?classType=REGULAR&from=/search,Anonymous,,neutral,0.6121,0.5,neutral,roberta,,I bought 2 of these. After I received the first one I bought one for a family member too.,,False,0
711119387,,https://www.walmart.com/ip/G-Project-G-Storm-Bluetooth-Speaker-with-AM-FM-Weather-Radio-and-NOAA-Alerts/711119387?classType=REGULAR&from=/search,Anonymous,,neutral,0.5072,0.5,neutral,roberta,Okay Emergency Radio But Tiny Internal Battery,"This review is for the G-Project G-70W G-Storm Weather Alert Radio + Wireless Speaker. Initial Impressions - The buttons have a nice feel to them. The carabineer seems pretty sturdy, but those connection points seem to be the weakest link as far as water resistance is concerned. Unfortunately, the back panel requires a pretty large screwdriver to open up, which may be hard to find in an emergency scenario. Performance - Unfortunately it only comes with a 2500mAh internal battery, which means it won't even be enough to fully charge one smartphone. The Bluetooth music quality was definitely better than I was expecting for an emergency radio though, and the Seek and Play buttons double as the Bluetooth track controls. Sadly you can't set presets for the Weather Mode, but there are 22 presets for the Radio, which can be set and cycled through easily. The flashlight has 3 modes, High, Low, and flashing which is nice. I love that the Alert function works in all modes including Standby mode if you want. The reception is okay, FM definitely worked better than NOAA in my area though. Finally, you can't use the charging USB port when it's switched to using the backup AA Batteries which really stinks considering the small internal battery, and the USB charging port is only 1A, which means nothing will charge quickly either. Conclusion - The small 2500mAh internal battery, the lack of AA battery to USB charging capability, and the 1A charging port make this hard to recommend. But if you only need a basic emergency alert radio, not a full blown backup battery pack too, this will suffice.",,False,0
711119387,,https://www.walmart.com/ip/G-Project-G-Storm-Bluetooth-Speaker-with-AM-FM-Weather-Radio-and-NOAA-Alerts/711119387?classType=REGULAR&from=/search,Anonymous,,neutral,0.798,0.5,neutral,roberta,For any Storm ! ! ! ! or zombie_Apocalypse ! ! ! !,"[G-Storm bluetooth speaker with AM/FM weather alert radio & built in Flashlight] ▪︎rechargeable USB charging port ▪︎battery powered (as a second option) as well. when the storm comes to you being ""ready"" is: ""Life"" or ""Death"" : ( #I choose to♡Live : )",,False,0
711119387,,https://www.walmart.com/ip/G-Project-G-Storm-Bluetooth-Speaker-with-AM-FM-Weather-Radio-and-NOAA-Alerts/711119387?classType=REGULAR&from=/search,Anonymous,,neutral,0.6615,0.5,neutral,roberta,smaller than I thought,wont go off when weather affects just my area.,,False,0
711119387,,https://www.walmart.com/ip/G-Project-G-Storm-Bluetooth-Speaker-with-AM-FM-Weather-Radio-and-NOAA-Alerts/711119387?classType=REGULAR&from=/search,Anonymous,,neutral,0.5808,0.5,neutral,roberta,,Little but lous enough to be heard from the shower. Wish it came with 2 prong plug for USB cable. Have to purchase it separately.,,False,0
711119387,,https://www.walmart.com/ip/G-Project-G-Storm-Bluetooth-Speaker-with-AM-FM-Weather-Radio-and-NOAA-Alerts/711119387?classType=REGULAR&from=/search,Anonymous,,neutral,0.5832,0.5,neutral,roberta,,"Packs a punch for such a small speaker, but very delicate be sure not to drop",,False,0
711119387,,https://www.walmart.com/ip/G-Project-G-Storm-Bluetooth-Speaker-with-AM-FM-Weather-Radio-and-NOAA-Alerts/711119387?classType=REGULAR&from=/search,Anonymous,,neutral,0.6292,0.5,neutral,roberta,Hurricane radio,It works in bad weather to keep us current on the weather conditions.,,False,0
6406409605,,https://www.walmart.com/ip/Emerson-Boombox-CD-Cassette-Player-Digital-FM-Portable-Radio-MP3-AUX-Mic-Input-Portable-Stereo-System-Home-Indoor-Outdoor-Loud-Big-Speakers/6406409605?classType=VARIANT&from=/search,Anonymous,,neutral,0.8073,0.5,neutral,roberta,,"Sterio came in time that they said., but when opened the box, the battery cover was not included.",,False,0
1431296571,,https://www.walmart.com/ip/Mpow-Projection-Alarm-Clock-Digital-Clock-180-Rotatable-Projector-3-Level-Brightness-Progressive-Volume-USB-Charger-Battery-Backup-9mins-Snooze-12-24/1431296571?classType=VARIANT&athbdg=L1600&adsRedirect=true,Anonymous,,neutral,0.5578,0.5,neutral,roberta,customizable,"the clock has huge numbers which is great but the clock itself is not very big the picture shows it being larger than the cell phone laying in front of it but it is almost the same size as my cell phone and every time i try to hold it while trying to set it i accidentally press 1 of the 2 alarm buttons on the left or right side, also it is very complicated to set. and if i touch something as i try to turn it off while im groggy in the morning it may not reset for the next day but the most surprising thing was when it arrived it was in a thin cardboard box like you would buy stationary envelopes in/ and then in a mailing envelope. the envelope was crumpled and the box was damaged enough all the parts had fallen out into the envelope very lucky the clock was not damaged i was excited that it is customizable as to the individual days of the week as i do not work mon-fri been waiting for 25 years for this feature on an alarm clock still not sure about the volume though have to wait and see if it wakes me up",,False,0
1431296571,,https://www.walmart.com/ip/Mpow-Projection-Alarm-Clock-Digital-Clock-180-Rotatable-Projector-3-Level-Brightness-Progressive-Volume-USB-Charger-Battery-Backup-9mins-Snooze-12-24/1431296571?classType=VARIANT&athbdg=L1600&adsRedirect=true,Anonymous,,neutral,0.5226,0.5,neutral,roberta,Projection only good when lights off after sun set,lot of light reflection on curved face during day time. projection barely visible in a very dark room during day time. Projection only good when lights off after sun set.,,False,0
1431296571,,https://www.walmart.com/ip/Mpow-Projection-Alarm-Clock-Digital-Clock-180-Rotatable-Projector-3-Level-Brightness-Progressive-Volume-USB-Charger-Battery-Backup-9mins-Snooze-12-24/1431296571?classType=VARIANT&athbdg=L1600&adsRedirect=true,Anonymous,,neutral,0.5177,0.5,neutral,roberta,,not very loud alarm sound. the projection is upside down.,,False,0
1431296571,,https://www.walmart.com/ip/Mpow-Projection-Alarm-Clock-Digital-Clock-180-Rotatable-Projector-3-Level-Brightness-Progressive-Volume-USB-Charger-Battery-Backup-9mins-Snooze-12-24/1431296571?classType=VARIANT&athbdg=L1600&adsRedirect=true,Anonymous,,neutral,0.5969,0.5,neutral,roberta,Projecting time clock,Placing clock in front of you projects the numbers upside down. You can only use it if the clock is next to / behind you. Big numerals is good.,,False,0
1431296571,,https://www.walmart.com/ip/Mpow-Projection-Alarm-Clock-Digital-Clock-180-Rotatable-Projector-3-Level-Brightness-Progressive-Volume-USB-Charger-Battery-Backup-9mins-Snooze-12-24/1431296571?classType=VARIANT&athbdg=L1600&adsRedirect=true,Anonymous,,neutral,0.4951,0.5,neutral,roberta,,Trying to get it on time cause it's a bit complicated,,False,0
1431296571,,https://www.walmart.com/ip/Mpow-Projection-Alarm-Clock-Digital-Clock-180-Rotatable-Projector-3-Level-Brightness-Progressive-Volume-USB-Charger-Battery-Backup-9mins-Snooze-12-24/1431296571?classType=VARIANT&athbdg=L1600&adsRedirect=true,Anonymous,,neutral,0.4968,0.5,neutral,roberta,,never got it,,False,0
1431296571,,https://www.walmart.com/ip/Mpow-Projection-Alarm-Clock-Digital-Clock-180-Rotatable-Projector-3-Level-Brightness-Progressive-Volume-USB-Charger-Battery-Backup-9mins-Snooze-12-24/1431296571?classType=VARIANT&athbdg=L1600&adsRedirect=true,Anonymous,,neutral,0.4409,0.5,neutral,roberta,Very loud,Great projection. The alarm is loud enough to wake the dead.,,False,0
1953908614,,https://www.walmart.com/ip/Jazeyeah-7-inch-Large-Digital-Alarm-Clock-Day-Date-Senior-Easy-Use-Calendar-Alarm-Day-Dementia-Alzheimers-Clock-Elderly-Gift-Black/1953908614?classType=VARIANT&adsRedirect=true,Anonymous,,neutral,0.4745,0.5,neutral,roberta,,well my dad can stop complaining he cant see the time anymore so it does it job,,False,0
1953908614,,https://www.walmart.com/ip/Jazeyeah-7-inch-Large-Digital-Alarm-Clock-Day-Date-Senior-Easy-Use-Calendar-Alarm-Day-Dementia-Alzheimers-Clock-Elderly-Gift-Black/1953908614?classType=VARIANT&adsRedirect=true,Anonymous,,neutral,0.8662,0.5,neutral,roberta,Defective right out of box,The time and date will not set. It allows you to select but will not hold selections.,,False,0
1953908614,,https://www.walmart.com/ip/Jazeyeah-7-inch-Large-Digital-Alarm-Clock-Day-Date-Senior-Easy-Use-Calendar-Alarm-Day-Dementia-Alzheimers-Clock-Elderly-Gift-Black/1953908614?classType=VARIANT&adsRedirect=true,Anonymous,,neutral,0.6,0.5,neutral,roberta,Good product,Clock has a USB slot not mentioned in the ad for the clock and isn't mentioned in the instructions. Could the clock be charged? It came with a standard plug in.,,False,0
17479518592,,https://www.walmart.com/ip/Bgift-WiFi-10-1-Touch-Screen-Smart-Alarm-Clock-with-Weather-and-Temp-Humidity-64-Alarms-Digital-Calendar-Schedule-Reminders-White/17479518592?classType=VARIANT&adsRedirect=true,Anonymous,,neutral,0.5257,0.5,neutral,roberta,Frustrating to set,"Frustrating to set all of the features. Set one feature like the time , when you set the date, the time changes then there's the day of the week. Plus a multitude of settings to be made in order to set the clock up to begin to use it. The charging part was great. No problem there. It is quite, Quite possible that I missed a step but I have given up. I will return it.",,False,0
17479518592,,https://www.walmart.com/ip/Bgift-WiFi-10-1-Touch-Screen-Smart-Alarm-Clock-with-Weather-and-Temp-Humidity-64-Alarms-Digital-Calendar-Schedule-Reminders-White/17479518592?classType=VARIANT&adsRedirect=true,Anonymous,,neutral,0.539,0.5,neutral,roberta,Hmmm. kind of fishy...,"The clock works fine. Don't be mistaken by the reviews on this item. Most of them describe a picture download/display feature which does not come with this clock. Also there is no apparent manufacturer with this item, just a big print on the box that says made in China. This may be a knock off of the real company not sure. But overall I like the clock but I'm seeing better prices on Amazon.",,False,0
17479518592,,https://www.walmart.com/ip/Bgift-WiFi-10-1-Touch-Screen-Smart-Alarm-Clock-with-Weather-and-Temp-Humidity-64-Alarms-Digital-Calendar-Schedule-Reminders-White/17479518592?classType=VARIANT&adsRedirect=true,Anonymous,,neutral,0.774,0.5,neutral,roberta,what day is it?,had a little rrouble cause instructions designed for controls on back of clock not remote...labeled differently display jumped overnight from 2024 ro 2023 but has stayed since resetting. display bright clear and colorful very lightweight,,False,0
17479518592,,https://www.walmart.com/ip/Bgift-WiFi-10-1-Touch-Screen-Smart-Alarm-Clock-with-Weather-and-Temp-Humidity-64-Alarms-Digital-Calendar-Schedule-Reminders-White/17479518592?classType=VARIANT&adsRedirect=true,Anonymous,,neutral,0.7818,0.5,neutral,roberta,Digital clock,I bought this for my Aunt who is in a nursing home. She can see it across the room,,False,0
15385914476,,https://www.walmart.com/ip/Mitoart-Digital-Alarm-Clock-for-Dementia-Seniors-with-Date-and-Day-of-Week-Easy-To-Set-Up/15385914476?classType=VARIANT&adsRedirect=true,Anonymous,,neutral,0.5022,0.5,neutral,roberta,,"Overall, I do like the clock. But there's a couple things about it that are challenging. For one even on dim, the clock is too bright at night and there's a hole on the back to hang on the wall but when you do, it doesn't hang level. The reason it doesn't hang level is because it has to be plugged into an AC outlet and that's on the side of the clock. So the cord pulls on it causing it to tilt. I also thought when I bought it it had a battery back up if it does I haven't found it yet.",,False,0
15385914476,,https://www.walmart.com/ip/Mitoart-Digital-Alarm-Clock-for-Dementia-Seniors-with-Date-and-Day-of-Week-Easy-To-Set-Up/15385914476?classType=VARIANT&adsRedirect=true,Anonymous,,neutral,0.866,0.5,neutral,roberta,,"numbers are large has day date time and especially the different times of day sunrise, afternoon, evening sunset sunrise Dawn predawn raining and sunshine",,False,0
15385914476,,https://www.walmart.com/ip/Mitoart-Digital-Alarm-Clock-for-Dementia-Seniors-with-Date-and-Day-of-Week-Easy-To-Set-Up/15385914476?classType=VARIANT&adsRedirect=true,Anonymous,,neutral,0.5843,0.5,neutral,roberta,,only problem wish had double checked to make sure it had battery back up otherwise the %23 clear clean %26 chrisp to get your day started if u can remember from 1 room to the next,,False,0
15385914476,,https://www.walmart.com/ip/Mitoart-Digital-Alarm-Clock-for-Dementia-Seniors-with-Date-and-Day-of-Week-Easy-To-Set-Up/15385914476?classType=VARIANT&adsRedirect=true,Anonymous,,neutral,0.6411,0.5,neutral,roberta,,My husband gets his days and nights mixed up. This clock is easy for him to read and understand.,,False,0
15385914476,,https://www.walmart.com/ip/Mitoart-Digital-Alarm-Clock-for-Dementia-Seniors-with-Date-and-Day-of-Week-Easy-To-Set-Up/15385914476?classType=VARIANT&adsRedirect=true,Anonymous,,neutral,0.4148,0.5,neutral,roberta,,I can't live without it now that I have one. I do not have Dementia just the clock.,,False,0
15385914476,,https://www.walmart.com/ip/Mitoart-Digital-Alarm-Clock-for-Dementia-Seniors-with-Date-and-Day-of-Week-Easy-To-Set-Up/15385914476?classType=VARIANT&adsRedirect=true,Anonymous,,neutral,0.6057,0.5,neutral,roberta,,easy to view. hard to set up with small remote bu eventually figured it out.,,False,0
15385914476,,https://www.walmart.com/ip/Mitoart-Digital-Alarm-Clock-for-Dementia-Seniors-with-Date-and-Day-of-Week-Easy-To-Set-Up/15385914476?classType=VARIANT&adsRedirect=true,Anonymous,,neutral,0.8689,0.5,neutral,roberta,,I bought it as a gift to fly to AZ . I will let you know later,,False,0
1964915178,,https://www.walmart.com/ip/La-Crosse-Technology-Digital-Color-Changing-Deep-Sleep-Alarm-Clock/1964915178?classType=REGULAR&athbdg=L1200&from=/search,Anonymous,,neutral,0.4802,0.5,neutral,roberta,Spend more and think functionally,"It's okay-But if you need to wake up, well thats a completely different story! In addition a whole post graduate degree or a layman's level common sense to set the time or alarms. I mean. Who makes this crap, my cell plugs in to charge, how abt . Allowing two way and i plug and can also control the clock?",,False,0
1964915178,,https://www.walmart.com/ip/La-Crosse-Technology-Digital-Color-Changing-Deep-Sleep-Alarm-Clock/1964915178?classType=REGULAR&athbdg=L1200&from=/search,Anonymous,,neutral,0.7118,0.5,neutral,roberta,Zero stars,Read the instructions and scanned the barcode for additional help and the alarm clock will not set when you press the button to set the alarm it adjusted the LED brightness instead.,,False,0
1964915178,,https://www.walmart.com/ip/La-Crosse-Technology-Digital-Color-Changing-Deep-Sleep-Alarm-Clock/1964915178?classType=REGULAR&athbdg=L1200&from=/search,Anonymous,,neutral,0.5153,0.5,neutral,roberta,not for me,At first sight...when plugged in...the colors lit up and look nice. But then I wanted to set the time. I pushed the button that it said in the booklet but never could get the time to set. It did show other characters but not what I needed. I need to understand this clock so I will be returning it.,,False,0
1964915178,,https://www.walmart.com/ip/La-Crosse-Technology-Digital-Color-Changing-Deep-Sleep-Alarm-Clock/1964915178?classType=REGULAR&athbdg=L1200&from=/search,Anonymous,,neutral,0.8374,0.5,neutral,roberta,,We thought of this alarm clock had multiple sound settings. We will be returning it because it only had one setting but different light settings.,,False,0
1964915178,,https://www.walmart.com/ip/La-Crosse-Technology-Digital-Color-Changing-Deep-Sleep-Alarm-Clock/1964915178?classType=REGULAR&athbdg=L1200&from=/search,Anonymous,,neutral,0.8035,0.5,neutral,roberta,,Even when items haven't been available at the store I would have them substituted and it would be in the same price range and promptly.,,False,0
1964915178,,https://www.walmart.com/ip/La-Crosse-Technology-Digital-Color-Changing-Deep-Sleep-Alarm-Clock/1964915178?classType=REGULAR&athbdg=L1200&from=/search,Anonymous,,neutral,0.6311,0.5,neutral,roberta,,so much more than an alarm it's part of my everyday,,False,0
1964915178,,https://www.walmart.com/ip/La-Crosse-Technology-Digital-Color-Changing-Deep-Sleep-Alarm-Clock/1964915178?classType=REGULAR&athbdg=L1200&from=/search,Anonymous,,neutral,0.4898,0.5,neutral,roberta,,I wanted something I could see in the middle of the night when I wake up to look at time this is not it unless it is right next to your bed it's more like a night light than a clock,,False,0
5441141421,,https://www.walmart.com/ip/JYLMOOD-Paint-by-Numbers-for-Adults-Kits-DIY-Seaside-Love-Easy-Painting-by-Numbers-for-Gift-Home-Wall-Decoration-16x20in-without-Frame/5441141421?classType=VARIANT&from=/search,Anonymous,,neutral,0.5468,0.5,neutral,roberta,,"I got this as something to do for a cabin trip. Everything is provided, it's on a canvas material not cardboard like they used to be. Some of the numbers as insanely microscopic small and some of the shapes are a bit of a challenge to color with even the smallest brush because they're kind of jigsaw puzzle shaped. Im sure if u used like color pencils it'd b way easier lol. It took some time to complete the whole thing but it was still cool to do",,False,0
5441141421,,https://www.walmart.com/ip/JYLMOOD-Paint-by-Numbers-for-Adults-Kits-DIY-Seaside-Love-Easy-Painting-by-Numbers-for-Gift-Home-Wall-Decoration-16x20in-without-Frame/5441141421?classType=VARIANT&from=/search,Anonymous,,neutral,0.5004,0.5,neutral,roberta,,"There were a great deal of creases that required ironing before it could be stretched on the frame. Other than that, good clarity on the numbers and the paints are opaque which really matters.",,False,0
5441141421,,https://www.walmart.com/ip/JYLMOOD-Paint-by-Numbers-for-Adults-Kits-DIY-Seaside-Love-Easy-Painting-by-Numbers-for-Gift-Home-Wall-Decoration-16x20in-without-Frame/5441141421?classType=VARIANT&from=/search,Anonymous,,neutral,0.7468,0.5,neutral,roberta,moon shinning over creek %26 mountains,the paints were dry,,False,0
5441141421,,https://www.walmart.com/ip/JYLMOOD-Paint-by-Numbers-for-Adults-Kits-DIY-Seaside-Love-Easy-Painting-by-Numbers-for-Gift-Home-Wall-Decoration-16x20in-without-Frame/5441141421?classType=VARIANT&from=/search,Anonymous,,neutral,0.7905,0.5,neutral,roberta,folded with holes in the center,picture showed a rolled canvas. The canvas is folded. when I unfolded it there is a hole right in the center of the canvas. returning.,,False,0
5441141421,,https://www.walmart.com/ip/JYLMOOD-Paint-by-Numbers-for-Adults-Kits-DIY-Seaside-Love-Easy-Painting-by-Numbers-for-Gift-Home-Wall-Decoration-16x20in-without-Frame/5441141421?classType=VARIANT&from=/search,Anonymous,,neutral,0.5369,0.5,neutral,roberta,,"can't give a true rating.... they are Xmas gifts ... good service, good delivery... can't rate actual protect yet...🤷",,False,0
13288853241,,https://www.walmart.com/ip/Black-Decker-Easy-Assembly-8-Cup-Food-Processor-2-Speeds-Plus-Pulse-Dishwasher-Safe-Parts-850-Watts-of-Peak-Power-Chop-Puree-Slice-Shred/13288853241?classType=REGULAR&athbdg=L1102&adsRedirect=true,Anonymous,,neutral,0.3759,0.5,neutral,roberta,Food processor,At one time I had a bigger food processor. It was way too hard to use. I gave it away. I would recommend this food processor.,,False,0
597813963,,https://www.walmart.com/ip/Ninja-Professional-XL-Food-Processor-NF700/597813963?classType=REGULAR&athbdg=L1700&adsRedirect=true,Anonymous,,neutral,0.4787,0.5,neutral,roberta,,"Exactly what I wanted, 12 cup capacity and came with a dough ****.",,False,0
597813963,,https://www.walmart.com/ip/Ninja-Professional-XL-Food-Processor-NF700/597813963?classType=REGULAR&athbdg=L1700&adsRedirect=true,Anonymous,,neutral,0.4926,0.5,neutral,roberta,,Processes well. The only thing is the latch sticks and also is hard to open,,False,0
597813963,,https://www.walmart.com/ip/Ninja-Professional-XL-Food-Processor-NF700/597813963?classType=REGULAR&athbdg=L1700&adsRedirect=true,Anonymous,,neutral,0.5801,0.5,neutral,roberta,Maybe didn’t need the XL size,"It’s really big, but it’s the only one that had the feature I was looking for available in store.",,False,0
597813963,,https://www.walmart.com/ip/Ninja-Professional-XL-Food-Processor-NF700/597813963?classType=REGULAR&athbdg=L1700&adsRedirect=true,Anonymous,,neutral,0.3525,0.5,neutral,roberta,What do you need diced? This will do EVERYTHING,"[This review was collected as part of a promotion.] Um, I hate cutting up veggies or the like. If I can have a machine do it, sign me up. This is a great alternative to some of the other food processors on the market, because it feels like it has a stronger motor than the others and does a more thorough job. Great for food prep and everything from salsas and sauces to dough for baking. Even great for chopping nuts, which is so much less expensive to do yourself! This has definitely expanded the options for what I can cook in the kitchen and saves me a ton of time, making a lot of normally out of reach meals within reach for weeknights!",,False,0
13288853241,,https://www.walmart.com/ip/Black-Decker-Easy-Assembly-8-Cup-Food-Processor-2-Speeds-Plus-Pulse-Dishwasher-Safe-Parts-850-Watts-of-Peak-Power-Chop-Puree-Slice-Shred/13288853241?classType=REGULAR&athbdg=L1102&from=/search,Anonymous,,neutral,0.3759,0.5,neutral,roberta,Food processor,At one time I had a bigger food processor. It was way too hard to use. I gave it away. I would recommend this food processor.,,False,0
13288853241,,https://www.walmart.com/ip/Black-Decker-Easy-Assembly-8-Cup-Food-Processor-2-Speeds-Plus-Pulse-Dishwasher-Safe-Parts-850-Watts-of-Peak-Power-Chop-Puree-Slice-Shred/13288853241?classType=REGULAR&athbdg=L1102&from=/search,Anonymous,,neutral,0.8526,0.5,neutral,roberta,Lem,It was still some cake mix at the bottom when I poured it in the pan,,False,0
766593389,,https://www.walmart.com/ip/Nutribullet-Baby-Food-Blender-NBY10100-Blue-White/766593389?classType=REGULAR&adsRedirect=true,Anonymous,,neutral,0.6274,0.5,neutral,roberta,Good but…,[This review was collected as part of a promotion.] Down fall is you have to a very large amount for it to be able to blend properly. I wanted to be able to have the choice to do it a meal at a time if I wanted to. I feel like it should work no matter how much I make at a time,,False,0
766593389,,https://www.walmart.com/ip/Nutribullet-Baby-Food-Blender-NBY10100-Blue-White/766593389?classType=REGULAR&adsRedirect=true,Anonymous,,neutral,0.8019,0.5,neutral,roberta,Rubber Gear of nutri bullet baby melts,Rubber Gear of nutri bullet baby melts and mixes with baby food . We have been feeding our baby for the past 10 days without realizing rubber was getting into baby food . While feeding sweet potato purée we realized the difference . Please find the difference in attached pictures (blackish purée is from nutri bullet and the other was from a different blender ),,False,0
766593389,,https://www.walmart.com/ip/Nutribullet-Baby-Food-Blender-NBY10100-Blue-White/766593389?classType=REGULAR&adsRedirect=true,Anonymous,,neutral,0.4643,0.5,neutral,roberta,It's cute to look at and that's about it,"The blade part leaks black lubricant after a few months of average use. When you contact warranty they say you're supposed to replace that part every 6-12 months but that information is only in the FAQs online and not in any of the material provided when you purchase the item. We got a new blade and after 3x a week use it's leaking the black lubricant again after 3.5 months. Also there are no measurements on anything, which is really inconvenient if you're keeping track of portions.",,False,0
491056113,,https://www.walmart.com/ip/General-Electric-3-Speed-Food-Processor-0-7-Gallon-Silver/491056113?classType=REGULAR&adsRedirect=true,Anonymous,,neutral,0.4717,0.5,neutral,roberta,Sturdy sharp blades,"Sturdy, good capacity, and sharp blades. Lots of attachments perhaps too many. Our old GE broke and replaced it with updated one hoping for same long quality.",,False,0
491056113,,https://www.walmart.com/ip/General-Electric-3-Speed-Food-Processor-0-7-Gallon-Silver/491056113?classType=REGULAR&adsRedirect=true,Anonymous,,neutral,0.4993,0.5,neutral,roberta,,safety switch on cup to base didn't work had to put a piece of soild wire in it to hold it down now it works,,False,0
491056113,,https://www.walmart.com/ip/General-Electric-3-Speed-Food-Processor-0-7-Gallon-Silver/491056113?classType=REGULAR&adsRedirect=true,Anonymous,,neutral,0.4173,0.5,neutral,roberta,Solid piece of equipment,It lost a star when I discovered that the small bowl still has to nestle inside the larger bowl in order to be used. Really liked the smaller bowl in my old food processor as I could avoid washing unnecessary pieces when I was doing a small job. Not with this design.,,False,0
491056113,,https://www.walmart.com/ip/General-Electric-3-Speed-Food-Processor-0-7-Gallon-Silver/491056113?classType=REGULAR&adsRedirect=true,Anonymous,,neutral,0.7036,0.5,neutral,roberta,Food,Better instructions to work it for first time users,,False,0
491056113,,https://www.walmart.com/ip/General-Electric-3-Speed-Food-Processor-0-7-Gallon-Silver/491056113?classType=REGULAR&adsRedirect=true,Anonymous,,neutral,0.5071,0.5,neutral,roberta,Feature-Rich GE Food Processor with Durability Con,"I recently acquired the GE food processor, and while its array of accessories and parts impressed me, there are some durability concerns that give me pause. The device boasts a variety of functions and the metal cutting blades are robust, but the plastic gears within raise doubts about its long-term reliability. Despite this, it seems well-suited for our family's needs, offering versatility and convenience. However, only time will tell if it stands the test of frequent use.",,False,0
491056113,,https://www.walmart.com/ip/General-Electric-3-Speed-Food-Processor-0-7-Gallon-Silver/491056113?classType=REGULAR&adsRedirect=true,Anonymous,,neutral,0.3971,0.5,neutral,roberta,It just a name,For YEARS I've wanted a certain “brand name” kitchen appliance. In red. I insisted that other brands just wouldn't work as well. I was wrong! This baby meets all of our cooking/baking needs!,,False,0
491056113,,https://www.walmart.com/ip/General-Electric-3-Speed-Food-Processor-0-7-Gallon-Silver/491056113?classType=REGULAR&adsRedirect=true,Anonymous,,neutral,0.3601,0.5,neutral,roberta,Maximum utility,"With all the accessories AND the mini bowl, is there anything this machine can't do??? My only complaint would be the loading shute is no quite large enough to fit a whole potato when slicing for scalloped potatoes.",,False,0
491056113,,https://www.walmart.com/ip/General-Electric-3-Speed-Food-Processor-0-7-Gallon-Silver/491056113?classType=REGULAR&adsRedirect=true,Anonymous,,neutral,0.4796,0.5,neutral,roberta,I would rate this a 3.5 out of 5,"This processor is much quieter than my last one. However, when I use the shredding blades, the blades do no fit the opening and unshredded food falls into the shredded. I have to get it out. Sometimes a lot of unshredded food.",,False,0
491056113,,https://www.walmart.com/ip/General-Electric-3-Speed-Food-Processor-0-7-Gallon-Silver/491056113?classType=REGULAR&adsRedirect=true,Anonymous,,neutral,0.5154,0.5,neutral,roberta,Get what you pay for.,"Cheap, I'll-fitting parts. Had a Cousinsrt 45 years.",,False,0
601540351,,https://www.walmart.com/ip/12-Cup-Food-Processor-6-Functions-for-Chopping-Slicing-Shredding-Purees-Dough/601540351?classType=REGULAR&athbdg=L1600&from=/search,Anonymous,,neutral,0.8522,0.5,neutral,roberta,Large enough to make dough in.,"It comes with 2 different blades, 1 is metal and sharp, the other is some kind of plastic or rubber, this is the blade yo make the dough",,False,0
601540351,,https://www.walmart.com/ip/12-Cup-Food-Processor-6-Functions-for-Chopping-Slicing-Shredding-Purees-Dough/601540351?classType=REGULAR&athbdg=L1600&from=/search,Anonymous,,neutral,0.7473,0.5,neutral,roberta,Food Processor,"I have not used this food processor but I saw my brother using his while I was at his home this past Christmas in Puerto Rico. My brother uses his food processor everyday, especially when he is making a new dish from his saved recipes.",,False,0
601540351,,https://www.walmart.com/ip/12-Cup-Food-Processor-6-Functions-for-Chopping-Slicing-Shredding-Purees-Dough/601540351?classType=REGULAR&athbdg=L1600&from=/search,Anonymous,,neutral,0.4893,0.5,neutral,roberta,,I was looking for a new food processor and this one did all I was expecting it to do,,False,0
601540351,,https://www.walmart.com/ip/12-Cup-Food-Processor-6-Functions-for-Chopping-Slicing-Shredding-Purees-Dough/601540351?classType=REGULAR&athbdg=L1600&from=/search,Anonymous,,neutral,0.7112,0.5,neutral,roberta,,there was no labeling on operation buttons on front,,False,0
601540351,,https://www.walmart.com/ip/12-Cup-Food-Processor-6-Functions-for-Chopping-Slicing-Shredding-Purees-Dough/601540351?classType=REGULAR&athbdg=L1600&from=/search,Anonymous,,neutral,0.883,0.5,neutral,roberta,,the piece on the top of the cover came out now the blender is mor fonctional,,False,0
601540351,,https://www.walmart.com/ip/12-Cup-Food-Processor-6-Functions-for-Chopping-Slicing-Shredding-Purees-Dough/601540351?classType=REGULAR&athbdg=L1600&from=/search,Anonymous,,neutral,0.5723,0.5,neutral,roberta,,I use it for me but mostly grinding up the dog food I make. It needs to be fine and it is,,False,0
601540351,,https://www.walmart.com/ip/12-Cup-Food-Processor-6-Functions-for-Chopping-Slicing-Shredding-Purees-Dough/601540351?classType=REGULAR&athbdg=L1600&from=/search,Anonymous,,neutral,0.6114,0.5,neutral,roberta,,I couldn’t get it to turn on I turned the cup clockwise as stated,,False,0
601540351,,https://www.walmart.com/ip/12-Cup-Food-Processor-6-Functions-for-Chopping-Slicing-Shredding-Purees-Dough/601540351?classType=REGULAR&athbdg=L1600&from=/search,Anonymous,,neutral,0.5333,0.5,neutral,roberta,,it's functional yet smell the motor when in use.. touchy..,,False,0
601540351,,https://www.walmart.com/ip/12-Cup-Food-Processor-6-Functions-for-Chopping-Slicing-Shredding-Purees-Dough/601540351?classType=REGULAR&athbdg=L1600&from=/search,Anonymous,,neutral,0.4961,0.5,neutral,roberta,Does not wirk,Set it all up. Go to process and no power. Does kit work.,,False,0
601540351,,https://www.walmart.com/ip/12-Cup-Food-Processor-6-Functions-for-Chopping-Slicing-Shredding-Purees-Dough/601540351?classType=REGULAR&athbdg=L1600&from=/search,Anonymous,,neutral,0.5592,0.5,neutral,roberta,",if I had more money I wouldn't have bought it",It does the job for the price,,False,0
1780819147,,https://www.walmart.com/ip/Body-Wave-Lace-Front-Wigs-Human-Hair-150-Density-13x4-HD-Lace-Frontal-Wigs-Black-Women-Human-Hair-Lace-Front-Wigs-9A-Glueless-Wigs-Human-Hair-Pre-Plu/1780819147?classType=VARIANT&athbdg=L1600&from=/search,Anonymous,,neutral,0.8341,0.5,neutral,roberta,24in body wave wig,I got the 24in body wave lace front wig,,False,0
9001658847,,https://www.walmart.com/ip/Dove-Conditioner-for-Women-Anti-Frizz-Smooth-with-Bio-Protein-Care-Technology-and-Shea-Butter-18-oz/9001658847?classType=REGULAR&from=/search,Anonymous,,neutral,0.6867,0.5,neutral,roberta,,I have Curley frizzy hair and it helped tame it down some,,False,0
9001658847,,https://www.walmart.com/ip/Dove-Conditioner-for-Women-Anti-Frizz-Smooth-with-Bio-Protein-Care-Technology-and-Shea-Butter-18-oz/9001658847?classType=REGULAR&from=/search,Anonymous,,neutral,0.516,0.5,neutral,roberta,difference between this porduct and daily care treatment,"I bought the daily care treatment conditioner I have been using it for the last week. I feel it is smoother. However, my hair is thin, no weigth and frizzy, plus the humidity does not help. I have been looking for a hair product and wondered if this workes or not. I also want to know whta is the diffrence between the two conditioners and which one is better for my type of hair. I love Dove and have big expectations this will product will work, so far I love the smell!",,False,0
9001658847,,https://www.walmart.com/ip/Dove-Conditioner-for-Women-Anti-Frizz-Smooth-with-Bio-Protein-Care-Technology-and-Shea-Butter-18-oz/9001658847?classType=REGULAR&from=/search,Anonymous,,neutral,0.5009,0.5,neutral,roberta,strong persistent scent is a deal-breaker,"This is a nice conditioner in terms of making my hair smoother and less frizzy, but the perfumey scent is both strong and persistent. I understand there's probably a chemical smell that you want to cover up, but this perfume doesn't rinse out when you rinse the conditioner out, and it doesn't fade when the hair is dry. I'm walking around in a perfumey cloud today, after sleeping in one last night. At first I thought I'd at least be able to finish the bottle, but as this smell continues to not fade that's looking less likely. Maybe when it gets warm enough to keep the windows open....",,False,0
9001658847,,https://www.walmart.com/ip/Dove-Conditioner-for-Women-Anti-Frizz-Smooth-with-Bio-Protein-Care-Technology-and-Shea-Butter-18-oz/9001658847?classType=REGULAR&from=/search,Anonymous,,neutral,0.3721,0.5,neutral,roberta,Gee your hair smells doveriffic..,Use this product and everyone around you will be sniffing your hair!,,False,0
9001658847,,https://www.walmart.com/ip/Dove-Conditioner-for-Women-Anti-Frizz-Smooth-with-Bio-Protein-Care-Technology-and-Shea-Butter-18-oz/9001658847?classType=REGULAR&from=/search,Anonymous,,neutral,0.4277,0.5,neutral,roberta,,i like this but it didn't do as much as i hoped it smelled a little weird but it was ok,,False,0
5493766205,,https://www.walmart.com/ip/Hello-Blink-Sticker-Maker-Create-Your-Own-Stickers-Craft-for-Kids-Aged-8-from-Ceaco/5493766205?classType=REGULAR&athbdg=L1103&adsRedirect=true,Anonymous,,neutral,0.3642,0.5,neutral,roberta,Mom review,My original order was defective and did not print at all. I emailed customer service and they sent me a replacement and that one works as intended. It only prints black and white and picture images aren't super clear but my kids love it and that's what matters.,,False,0
5493766205,,https://www.walmart.com/ip/Hello-Blink-Sticker-Maker-Create-Your-Own-Stickers-Craft-for-Kids-Aged-8-from-Ceaco/5493766205?classType=REGULAR&athbdg=L1103&adsRedirect=true,Anonymous,,neutral,0.5495,0.5,neutral,roberta,,"It doesn't print, despite being charged and connected to the app.",,False,0
5493766205,,https://www.walmart.com/ip/Hello-Blink-Sticker-Maker-Create-Your-Own-Stickers-Craft-for-Kids-Aged-8-from-Ceaco/5493766205?classType=REGULAR&athbdg=L1103&adsRedirect=true,Anonymous,,neutral,0.5367,0.5,neutral,roberta,,How do I mail a return? I do not live close to a Walmart store.,,False,0
5493766205,,https://www.walmart.com/ip/Hello-Blink-Sticker-Maker-Create-Your-Own-Stickers-Craft-for-Kids-Aged-8-from-Ceaco/5493766205?classType=REGULAR&athbdg=L1103&adsRedirect=true,Anonymous,,neutral,0.8565,0.5,neutral,roberta,,It has not been used yet as it is a birthday present,,False,0
300005934,,https://www.walmart.com/ip/Ayieyill-64-Packs-Halloween-Stickers-Pumpkin-Decorating-Stickers-Children-32-Sheet-Small-Pumpkin-Face-Stickers-Halloween-Party-Supplies-Trick-Treat-P/300005934?classType=VARIANT&athbdg=L1103&adsRedirect=true,Anonymous,,neutral,0.5259,0.5,neutral,roberta,,I found that they do not stay on the pumpkin. They come off.,,False,0
300005934,,https://www.walmart.com/ip/Ayieyill-64-Packs-Halloween-Stickers-Pumpkin-Decorating-Stickers-Children-32-Sheet-Small-Pumpkin-Face-Stickers-Halloween-Party-Supplies-Trick-Treat-P/300005934?classType=VARIANT&athbdg=L1103&adsRedirect=true,Anonymous,,neutral,0.4559,0.5,neutral,roberta,Cute but small,"The stickers are cute but they are for small pumpkins, not the full size pumpkins.",,False,0
8950550293,,https://www.walmart.com/ip/Trident-Vibes-Sugar-Free-Gum-Spearmint-Rush-Regular-Size-40-Piece-Bottle/8950550293?adsRedirect=true,Anonymous,,neutral,0.4348,0.5,neutral,roberta,Good but pricey,My husband likes to keep these in his car. They've gotten expensive.,,False,0
8950550293,,https://www.walmart.com/ip/Trident-Vibes-Sugar-Free-Gum-Spearmint-Rush-Regular-Size-40-Piece-Bottle/8950550293?adsRedirect=true,Anonymous,,neutral,0.6017,0.5,neutral,roberta,Not mint.,"Spearmint gum this is not. It tastes like apple. However, as quality of product goes, it stays soft when you chew it for long periods unlike others that seem to harden.",,False,0
1432379239,,https://www.walmart.com/ip/GORILLA-GRIP-Wind-and-Tear-Resistant-Compact-Rain-Umbrella-11-5-inch-Compact-Size-Black/1432379239?classType=VARIANT&athbdg=L1600&adsRedirect=true,Anonymous,,neutral,0.65,0.5,neutral,roberta,Hard to close,Too hard to close. Will be returning.,,False,0
1432379239,,https://www.walmart.com/ip/GORILLA-GRIP-Wind-and-Tear-Resistant-Compact-Rain-Umbrella-11-5-inch-Compact-Size-Black/1432379239?classType=VARIANT&athbdg=L1600&adsRedirect=true,Anonymous,,neutral,0.633,0.5,neutral,roberta,,"works good enough for the price. Although it is quite vulnerable to strong winds, turning from an umbrella to a satellite dish",,False,0
1432379239,,https://www.walmart.com/ip/GORILLA-GRIP-Wind-and-Tear-Resistant-Compact-Rain-Umbrella-11-5-inch-Compact-Size-Black/1432379239?classType=VARIANT&athbdg=L1600&adsRedirect=true,Anonymous,,neutral,0.6698,0.5,neutral,roberta,,wirks well diesnt get tyened uo easily rfe wind etc whicj is really umportant here in wa.,,False,0
1432379239,,https://www.walmart.com/ip/GORILLA-GRIP-Wind-and-Tear-Resistant-Compact-Rain-Umbrella-11-5-inch-Compact-Size-Black/1432379239?classType=VARIANT&athbdg=L1600&adsRedirect=true,Anonymous,,neutral,0.4406,0.5,neutral,roberta,,Doesn't do good with the wind but other than that it's good,,False,0
1432379239,,https://www.walmart.com/ip/GORILLA-GRIP-Wind-and-Tear-Resistant-Compact-Rain-Umbrella-11-5-inch-Compact-Size-Black/1432379239?classType=VARIANT&athbdg=L1600&adsRedirect=true,Anonymous,,neutral,0.8037,0.5,neutral,roberta,Umbrella,"it was purchasd for my grandson to take to college with him. not rained yet, so he hasnt used it.",,False,0
659043027,,https://www.walmart.com/ip/LAUSAINT-HOME-11FT-Deluxe-Patio-Umbrella-with-Base-Large-Cantilever-Curvy-Umbrella-with-360-Rotation-Champagne/659043027?classType=VARIANT&adsRedirect=true,Anonymous,,neutral,0.5591,0.5,neutral,roberta,Meh.maybe we'll get used to it,"Very susceptible to the slightest bit of wind, make sure you put on a stable platform, such as a deck around a pool, not a deck of wood",,False,0
659043027,,https://www.walmart.com/ip/LAUSAINT-HOME-11FT-Deluxe-Patio-Umbrella-with-Base-Large-Cantilever-Curvy-Umbrella-with-360-Rotation-Champagne/659043027?classType=VARIANT&adsRedirect=true,Anonymous,,neutral,0.5073,0.5,neutral,roberta,Honest review,"The umbrella came with the base, but on the website it says no hidden costs, which is not true, because it does not say you have to buy sand or rocks to fill the sandbags that weigh the base down to support the weight of the umbrella. I had to make a special trip out to get fill for the sandbags.",,False,0
659043027,,https://www.walmart.com/ip/LAUSAINT-HOME-11FT-Deluxe-Patio-Umbrella-with-Base-Large-Cantilever-Curvy-Umbrella-with-360-Rotation-Champagne/659043027?classType=VARIANT&adsRedirect=true,Anonymous,,neutral,0.4932,0.5,neutral,roberta,NOT AS ADVERTISED,"This pool umbrella is advertised as: ""INSTALLATION: It is recommended to fill the base of this patio umbrella with a minimum of 220 pounds of water OR sand to increase its stability."" HOWEVER, this unit only came with SANDBAGS (Part KK) for use inside it's base. I would like to have the INSERTS for WATER.",,False,0
659043027,,https://www.walmart.com/ip/LAUSAINT-HOME-11FT-Deluxe-Patio-Umbrella-with-Base-Large-Cantilever-Curvy-Umbrella-with-360-Rotation-Champagne/659043027?classType=VARIANT&adsRedirect=true,Anonymous,,neutral,0.6317,0.5,neutral,roberta,Unsteadily umbrella.,2 weeks afterwards insulation continue to falls over !,,False,0
659043027,,https://www.walmart.com/ip/LAUSAINT-HOME-11FT-Deluxe-Patio-Umbrella-with-Base-Large-Cantilever-Curvy-Umbrella-with-360-Rotation-Champagne/659043027?classType=VARIANT&adsRedirect=true,Anonymous,,neutral,0.7388,0.5,neutral,roberta,,I order the red color and you send me the beige color . and because I opened it and I needed that day that’s why I did a return.,,False,0
659043027,,https://www.walmart.com/ip/LAUSAINT-HOME-11FT-Deluxe-Patio-Umbrella-with-Base-Large-Cantilever-Curvy-Umbrella-with-360-Rotation-Champagne/659043027?classType=VARIANT&adsRedirect=true,Anonymous,,neutral,0.5977,0.5,neutral,roberta,,Would be nice to know that 250lbs of sand is required,,False,0
659043027,,https://www.walmart.com/ip/LAUSAINT-HOME-11FT-Deluxe-Patio-Umbrella-with-Base-Large-Cantilever-Curvy-Umbrella-with-360-Rotation-Champagne/659043027?classType=VARIANT&adsRedirect=true,Anonymous,,neutral,0.388,0.5,neutral,roberta,sturdy unbrella,"I normally don’t review, but this product deserves a higher rating. If somebody claims it’s not stable I would have to imagine they didn’t properly fill it with sand, because it’s very resistant to wind. For its size and features it would be hard to beat the price.",,False,0
432633364,,https://www.walmart.com/ip/JUSTLET-10-Outdoor-Hanging-Offset-Cantilever-Umbrella-for-Patio-No-Base-Gray/432633364?classType=VARIANT&adsRedirect=true,Anonymous,,neutral,0.4876,0.5,neutral,roberta,,"I bought this because the push button umbrellas are impossible to do if you are short (5'1"") and a senior citizen. Random thoughts: I have no problem cranking this up or down... After many hours of trying to assemble this, we gave up and paid our handyman to do it. He came with a helper, and between the 2 of them, they figured it out -- but even they had trouble with the instructions... I only rated it 4 stars because you can't really angle it to block out the sun, so get one large enough to give you plenty of coverage... You must also order a base for it. Be sure to already have the base before you assemble it... We have had a lot of rain and the umbrella hasn't gotten moldy even when the umbrella has been fully closed. The beige color keeps it from being too dark under the umbrella.",,False,0
432633364,,https://www.walmart.com/ip/JUSTLET-10-Outdoor-Hanging-Offset-Cantilever-Umbrella-for-Patio-No-Base-Gray/432633364?classType=VARIANT&adsRedirect=true,Anonymous,,neutral,0.7001,0.5,neutral,roberta,,You MUST fill with sand only as the caps will not hold tight and always fall out so any water will drain. Other than that it does it job and holds down the base.,,False,0
432633364,,https://www.walmart.com/ip/JUSTLET-10-Outdoor-Hanging-Offset-Cantilever-Umbrella-for-Patio-No-Base-Gray/432633364?classType=VARIANT&adsRedirect=true,Anonymous,,neutral,0.7286,0.5,neutral,roberta,,I've asked to cancel the order within minutes and refund my money. They shipped anyway. I need to return. Please send a return label. Thanks,,False,0
432633364,,https://www.walmart.com/ip/JUSTLET-10-Outdoor-Hanging-Offset-Cantilever-Umbrella-for-Patio-No-Base-Gray/432633364?classType=VARIANT&adsRedirect=true,Anonymous,,neutral,0.4667,0.5,neutral,roberta,,this can only be used with zero wind. absolute zero wind! tips easily even with 4 heavy rocks holding down the base.,,False,0
432633364,,https://www.walmart.com/ip/JUSTLET-10-Outdoor-Hanging-Offset-Cantilever-Umbrella-for-Patio-No-Base-Gray/432633364?classType=VARIANT&adsRedirect=true,Anonymous,,neutral,0.4715,0.5,neutral,roberta,,It gave good shade for what I needed. The balance was difficult. Had to add extra weight at the base.,,False,0
432633364,,https://www.walmart.com/ip/JUSTLET-10-Outdoor-Hanging-Offset-Cantilever-Umbrella-for-Patio-No-Base-Gray/432633364?classType=VARIANT&adsRedirect=true,Anonymous,,neutral,0.4326,0.5,neutral,roberta,,"Got this on a flash sale deal. Pretty enough, but the reason it's so cheap is because it needs a weighted base. It's so light that you could not use this except on the stillest of days. The base is another $70",,False,0
432633364,,https://www.walmart.com/ip/JUSTLET-10-Outdoor-Hanging-Offset-Cantilever-Umbrella-for-Patio-No-Base-Gray/432633364?classType=VARIANT&adsRedirect=true,Anonymous,,neutral,0.4337,0.5,neutral,roberta,catlevet umbrella,i like the color the fabric is good quality also the shade cpverage not sure how it will stand up to the wind ill use ot on my back deck. the only thing i dont like is its ability tp tip over when fully extended.,,False,0
432633364,,https://www.walmart.com/ip/JUSTLET-10-Outdoor-Hanging-Offset-Cantilever-Umbrella-for-Patio-No-Base-Gray/432633364?classType=VARIANT&adsRedirect=true,Anonymous,,neutral,0.4484,0.5,neutral,roberta,patio umbrella,nice size. good shade. good price. ths lock for adjusting tilt is not very secure.,,False,0
432633364,,https://www.walmart.com/ip/JUSTLET-10-Outdoor-Hanging-Offset-Cantilever-Umbrella-for-Patio-No-Base-Gray/432633364?classType=VARIANT&adsRedirect=true,Anonymous,,neutral,0.7886,0.5,neutral,roberta,,I would like to return it and get a regular umbrella,,False,0
432633364,,https://www.walmart.com/ip/JUSTLET-10-Outdoor-Hanging-Offset-Cantilever-Umbrella-for-Patio-No-Base-Gray/432633364?classType=VARIANT&adsRedirect=true,Anonymous,,neutral,0.5492,0.5,neutral,roberta,,The umbrella will not stay upright. The smallest breeze and the umbrella will go over.,,False,0
432633364,,https://www.walmart.com/ip/JUSTLET-10-Outdoor-Hanging-Offset-Cantilever-Umbrella-for-Patio-No-Base-Gray/432633364?classType=VARIANT&adsRedirect=true,Anonymous,,neutral,0.8183,0.5,neutral,roberta,Sending back,It can be top heavy and flip over when extended. Had to perform extra steps in just opening it. Sending back.,,False,0
432633364,,https://www.walmart.com/ip/JUSTLET-10-Outdoor-Hanging-Offset-Cantilever-Umbrella-for-Patio-No-Base-Gray/432633364?classType=VARIANT&adsRedirect=true,Anonymous,,neutral,0.4087,0.5,neutral,roberta,Deck umbrella,"Box arrived very damaged and I was worried, but nothing was missing and it was in perfect condition.",,False,0
432633364,,https://www.walmart.com/ip/JUSTLET-10-Outdoor-Hanging-Offset-Cantilever-Umbrella-for-Patio-No-Base-Gray/432633364?classType=VARIANT&adsRedirect=true,Anonymous,,neutral,0.6181,0.5,neutral,roberta,,NOT universal Hardware to secure the weight together need to be 1 1/2 inch wider. The wind jimmies them off and the umbrella tips over,,False,0
432633364,,https://www.walmart.com/ip/JUSTLET-10-Outdoor-Hanging-Offset-Cantilever-Umbrella-for-Patio-No-Base-Gray/432633364?classType=VARIANT&adsRedirect=true,Anonymous,,neutral,0.3574,0.5,neutral,roberta,"Decent product, impossible to use.",You can steak down the legs but within 5 minutes its own weight pulls them out of the ground. Needed to purchase $60 sand / water weights to keep from tipping over.,,False,0
432633364,,https://www.walmart.com/ip/JUSTLET-10-Outdoor-Hanging-Offset-Cantilever-Umbrella-for-Patio-No-Base-Gray/432633364?classType=VARIANT&adsRedirect=true,Anonymous,,neutral,0.4997,0.5,neutral,roberta,"Ease of movement. Hey, Cortana.",For what I need it for just the right size. It's easier to put up and take down.,,False,0
432633364,,https://www.walmart.com/ip/JUSTLET-10-Outdoor-Hanging-Offset-Cantilever-Umbrella-for-Patio-No-Base-Gray/432633364?classType=VARIANT&adsRedirect=true,Anonymous,,neutral,0.6144,0.5,neutral,roberta,No base,The umbrella is great but you need to have a heavy base to anchor it to. It doesn’t stay up by it self.,,False,0
432633364,,https://www.walmart.com/ip/JUSTLET-10-Outdoor-Hanging-Offset-Cantilever-Umbrella-for-Patio-No-Base-Gray/432633364?classType=VARIANT&adsRedirect=true,Anonymous,,neutral,0.4313,0.5,neutral,roberta,,"Great patio umbrella for the price. The lever won’t remain in place so every 30-45 min or so when in use, I’ll have to reel it back up. Must be a tension issue.",,False,0
432633364,,https://www.walmart.com/ip/JUSTLET-10-Outdoor-Hanging-Offset-Cantilever-Umbrella-for-Patio-No-Base-Gray/432633364?classType=VARIANT&adsRedirect=true,Anonymous,,neutral,0.4523,0.5,neutral,roberta,Not in ANY wind!,"This is a nice large size umbrella. However, that’s where the positive stops. Even the slightest wind twists the pole. There is no swivel motion, so any wind catches it and flips it backwards. I have it fastened to my deck and I’m afraid it’s going to rip my deck boards because the vents on the top are useless for letting air escape. I would not buy again.",,False,0
432633364,,https://www.walmart.com/ip/JUSTLET-10-Outdoor-Hanging-Offset-Cantilever-Umbrella-for-Patio-No-Base-Gray/432633364?classType=VARIANT&adsRedirect=true,Anonymous,,neutral,0.7299,0.5,neutral,roberta,,You need the base weights. It doesn’t come with them.,,False,0
432633364,,https://www.walmart.com/ip/JUSTLET-10-Outdoor-Hanging-Offset-Cantilever-Umbrella-for-Patio-No-Base-Gray/432633364?classType=VARIANT&adsRedirect=true,Anonymous,,neutral,0.4419,0.5,neutral,roberta,Damage Item,I received the package and was excited until I open the box and notice three of the supporting arms inside the umbrella broken.,,False,0
432633364,,https://www.walmart.com/ip/JUSTLET-10-Outdoor-Hanging-Offset-Cantilever-Umbrella-for-Patio-No-Base-Gray/432633364?classType=VARIANT&adsRedirect=true,Anonymous,,neutral,0.3956,0.5,neutral,roberta,buy the better one,"the ratcheting mechanism broke on both after the 2nd use... I have to use a bungee cord wrapped around the base to hold the handle in place... I now understand why they're on sale... aside from that however, they're beautiful...",,False,0
432633364,,https://www.walmart.com/ip/JUSTLET-10-Outdoor-Hanging-Offset-Cantilever-Umbrella-for-Patio-No-Base-Gray/432633364?classType=VARIANT&adsRedirect=true,Anonymous,,neutral,0.4883,0.5,neutral,roberta,,The rope that attaches the umbrella to the interior workings of the post frayed and snapped with a year's use. I'd say we have used it very seldomly even. If a person were using this a few times a week in the warm season it probably wouldn't last a season.,,False,0
432633364,,https://www.walmart.com/ip/JUSTLET-10-Outdoor-Hanging-Offset-Cantilever-Umbrella-for-Patio-No-Base-Gray/432633364?classType=VARIANT&adsRedirect=true,Anonymous,,neutral,0.7951,0.5,neutral,roberta,Top heavy,"to keep it from tipping over, you have to mount it to the deck or foundation. the only other thing to do is to set a very heavy weight on the base.",,False,0
432633364,,https://www.walmart.com/ip/JUSTLET-10-Outdoor-Hanging-Offset-Cantilever-Umbrella-for-Patio-No-Base-Gray/432633364?classType=VARIANT&adsRedirect=true,Anonymous,,neutral,0.4311,0.5,neutral,roberta,Spend a little more and buy something better.,"Looks nice, but the “up, down” lever moves on its own and the umbrella is constantly shifting. For the price, it’s “meh”.",,False,0
432633364,,https://www.walmart.com/ip/JUSTLET-10-Outdoor-Hanging-Offset-Cantilever-Umbrella-for-Patio-No-Base-Gray/432633364?classType=VARIANT&adsRedirect=true,Anonymous,,neutral,0.8592,0.5,neutral,roberta,sturdy unbrella,"i have not used yet, as i am waiting for warmer weather. of",,False,0
432633364,,https://www.walmart.com/ip/JUSTLET-10-Outdoor-Hanging-Offset-Cantilever-Umbrella-for-Patio-No-Base-Gray/432633364?classType=VARIANT&adsRedirect=true,Anonymous,,neutral,0.4749,0.5,neutral,roberta,Good price. Pole should be black.,The picture is misleading. It shows a black pole when it is actually brown.,,False,0
432633364,,https://www.walmart.com/ip/JUSTLET-10-Outdoor-Hanging-Offset-Cantilever-Umbrella-for-Patio-No-Base-Gray/432633364?classType=VARIANT&adsRedirect=true,Anonymous,,neutral,0.593,0.5,neutral,roberta,So so,Wind blew it away even white or was filled with water,,False,0
432633364,,https://www.walmart.com/ip/JUSTLET-10-Outdoor-Hanging-Offset-Cantilever-Umbrella-for-Patio-No-Base-Gray/432633364?classType=VARIANT&adsRedirect=true,Anonymous,,neutral,0.5581,0.5,neutral,roberta,,String that holds the umbrella open broke after about 6 months.,,False,0
290789600,,https://www.walmart.com/ip/60-inch-Auto-Open-Golf-Umbrella-Black-White-Royal/290789600?classType=VARIANT&adsRedirect=true,Anonymous,,neutral,0.7915,0.5,neutral,roberta,,"This umbrella feels very light. We are yet to see if it is wind proof, and doesn't blow inside out or away, while in use.",,False,0
290789600,,https://www.walmart.com/ip/60-inch-Auto-Open-Golf-Umbrella-Black-White-Royal/290789600?classType=VARIANT&adsRedirect=true,Anonymous,,neutral,0.9203,0.5,neutral,roberta,,You push a lever on the handle and it opens %26 locks.,,False,0
290789600,,https://www.walmart.com/ip/60-inch-Auto-Open-Golf-Umbrella-Black-White-Royal/290789600?classType=VARIANT&adsRedirect=true,Anonymous,,neutral,0.6022,0.5,neutral,roberta,Umbrella,This is a large size. 60 inche umbrella able to cover two person with ease,,False,0
290789600,,https://www.walmart.com/ip/60-inch-Auto-Open-Golf-Umbrella-Black-White-Royal/290789600?classType=VARIANT&adsRedirect=true,Anonymous,,neutral,0.6965,0.5,neutral,roberta,,When was it delivered I had to purchase another one.,,False,0
290789600,,https://www.walmart.com/ip/60-inch-Auto-Open-Golf-Umbrella-Black-White-Royal/290789600?classType=VARIANT&adsRedirect=true,Anonymous,,neutral,0.6897,0.5,neutral,roberta,,Little pricey considering it was not as large as it was described,,False,0
290789600,,https://www.walmart.com/ip/60-inch-Auto-Open-Golf-Umbrella-Black-White-Royal/290789600?classType=VARIANT&adsRedirect=true,Anonymous,,neutral,0.5565,0.5,neutral,roberta,need the other umbrella,I only receive one umbrella not two,,False,0
290789600,,https://www.walmart.com/ip/60-inch-Auto-Open-Golf-Umbrella-Black-White-Royal/290789600?classType=VARIANT&adsRedirect=true,Anonymous,,neutral,0.4397,0.5,neutral,roberta,60 in umbrella,I actually thought it would be a little better built than it is. it seems rather cheaply made but you get what you pay for. it does work but I don't think it'll work on a high wind situation. and that's what I was hoping for so I'll have to buy another one for those windy days. I would still recommend for a light rainy day with light wind.,,False,0
915364587,,https://www.walmart.com/ip/Weather-Station-Automatic-Super-Mini-Rain-Umbrella-Teal/915364587?classType=VARIANT&athbdg=L1600&from=/search,Anonymous,,neutral,0.4783,0.5,neutral,roberta,,I ordered two and two different colors purple and black the purple one seems like better quality than the black one it seem like it was poorly made loose and just not a heavier feel as the purple one and the material has loose threads,,False,0
915364587,,https://www.walmart.com/ip/Weather-Station-Automatic-Super-Mini-Rain-Umbrella-Teal/915364587?classType=VARIANT&athbdg=L1600&from=/search,Anonymous,,neutral,0.5535,0.5,neutral,roberta,Works,The size covered 3 big kids or one adult and one kid. The only bit of an issue is that it automatically opens up after you close it. But for the price its good enough.,,False,0
915364587,,https://www.walmart.com/ip/Weather-Station-Automatic-Super-Mini-Rain-Umbrella-Teal/915364587?classType=VARIANT&athbdg=L1600&from=/search,Anonymous,,neutral,0.5099,0.5,neutral,roberta,,Will last a 9 year old kid about 3 uses before they break. Been through MANY in the last 6 years.,,False,0
915364587,,https://www.walmart.com/ip/Weather-Station-Automatic-Super-Mini-Rain-Umbrella-Teal/915364587?classType=VARIANT&athbdg=L1600&from=/search,Anonymous,,neutral,0.5407,0.5,neutral,roberta,,I like the umbrella but it wouldn't stay close when you pushed it back together,,False,0
915364587,,https://www.walmart.com/ip/Weather-Station-Automatic-Super-Mini-Rain-Umbrella-Teal/915364587?classType=VARIANT&athbdg=L1600&from=/search,Anonymous,,neutral,0.6136,0.5,neutral,roberta,Not as pictured,Not as advertised. It's not a mini umbrella. It's actually a large one.,,False,0
915364587,,https://www.walmart.com/ip/Weather-Station-Automatic-Super-Mini-Rain-Umbrella-Teal/915364587?classType=VARIANT&athbdg=L1600&from=/search,Anonymous,,neutral,0.5624,0.5,neutral,roberta,Cheap,"Cheap umbrella, when wind blow over, it would flip",,False,0
915364587,,https://www.walmart.com/ip/Weather-Station-Automatic-Super-Mini-Rain-Umbrella-Teal/915364587?classType=VARIANT&athbdg=L1600&from=/search,Anonymous,,neutral,0.7631,0.5,neutral,roberta,Doesnt fold down automatically,Doesnt fold down when you press the button,,False,0
915364587,,https://www.walmart.com/ip/Weather-Station-Automatic-Super-Mini-Rain-Umbrella-Teal/915364587?classType=VARIANT&athbdg=L1600&from=/search,Anonymous,,neutral,0.4789,0.5,neutral,roberta,Bigger than expected,"This is small, but not mini. Certainly not pocket-sized. Quality seems fine, but I needed pocket-sized.",,False,0
915364587,,https://www.walmart.com/ip/Weather-Station-Automatic-Super-Mini-Rain-Umbrella-Teal/915364587?classType=VARIANT&athbdg=L1600&from=/search,Anonymous,,neutral,0.3983,0.5,neutral,roberta,,"Not the best, but it shares my inward personality. Nothing like a lady with a parasol. lol",,False,0
915364587,,https://www.walmart.com/ip/Weather-Station-Automatic-Super-Mini-Rain-Umbrella-Teal/915364587?classType=VARIANT&athbdg=L1600&from=/search,Anonymous,,neutral,0.5726,0.5,neutral,roberta,,I have not used the umbrella but believe it will do the job it was purchased for.,,False,0
915364587,,https://www.walmart.com/ip/Weather-Station-Automatic-Super-Mini-Rain-Umbrella-Teal/915364587?classType=VARIANT&athbdg=L1600&from=/search,Anonymous,,neutral,0.7587,0.5,neutral,roberta,,"Sorry but could you please give me some more information of where you put this package? Cuz I thought this might be the front door of the checkin office of our apartment, but I went to the front door today in the morning but there was no such package anymore…I think maybe I can find it myself later?",,False,0
915364587,,https://www.walmart.com/ip/Weather-Station-Automatic-Super-Mini-Rain-Umbrella-Teal/915364587?classType=VARIANT&athbdg=L1600&from=/search,Anonymous,,neutral,0.3931,0.5,neutral,roberta,Serious value,"Terrific value,that is, @ the Leisure World,MD Giant Food supermarket umbrellas are $11.50 plus tax! I hope you all realize serious inflation is coming soon;hard to profit @ 30 to 50% consumers allowed.",,False,0
1123677657,,https://www.walmart.com/ip/Canopi-by-ShedRain-Sun-Rain-Auto-Open-Auto-Close-43-UPF-50-Rain-Umbrella-Black/1123677657?classType=VARIANT&from=/search,Anonymous,,neutral,0.6027,0.5,neutral,roberta,More red than orange,We don't get a lot of rain where I live so I haven't had the chance to use this umbrella yet. However I feel it's worth noting (as I bought this item online) that the color is much more red in person than orange. I still decided to keep it because the pattern is cute (I purchased for my daughter). I bought “orange floral” if that wasn't obvious,,False,0
1123677657,,https://www.walmart.com/ip/Canopi-by-ShedRain-Sun-Rain-Auto-Open-Auto-Close-43-UPF-50-Rain-Umbrella-Black/1123677657?classType=VARIANT&from=/search,Anonymous,,neutral,0.5106,0.5,neutral,roberta,,Says auto but its not it just a regular umbrella with a push button to open. I thought auto open and close meant automatic. They should seriously specify that.,,False,0
1432379239,,https://www.walmart.com/ip/GORILLA-GRIP-Wind-and-Tear-Resistant-Compact-Rain-Umbrella-11-5-inch-Compact-Size-Black/1432379239?adsRedirect=true,Anonymous,,neutral,0.65,0.5,neutral,roberta,Hard to close,Too hard to close. Will be returning.,,False,0
1432379239,,https://www.walmart.com/ip/GORILLA-GRIP-Wind-and-Tear-Resistant-Compact-Rain-Umbrella-11-5-inch-Compact-Size-Black/1432379239?adsRedirect=true,Anonymous,,neutral,0.633,0.5,neutral,roberta,,"works good enough for the price. Although it is quite vulnerable to strong winds, turning from an umbrella to a satellite dish",,False,0
1432379239,,https://www.walmart.com/ip/GORILLA-GRIP-Wind-and-Tear-Resistant-Compact-Rain-Umbrella-11-5-inch-Compact-Size-Black/1432379239?adsRedirect=true,Anonymous,,neutral,0.4406,0.5,neutral,roberta,,Doesn't do good with the wind but other than that it's good,,False,0
1432379239,,https://www.walmart.com/ip/GORILLA-GRIP-Wind-and-Tear-Resistant-Compact-Rain-Umbrella-11-5-inch-Compact-Size-Black/1432379239?adsRedirect=true,Anonymous,,neutral,0.8037,0.5,neutral,roberta,Umbrella,"it was purchasd for my grandson to take to college with him. not rained yet, so he hasnt used it.",,False,0
1123677657,,https://www.walmart.com/ip/Canopi-by-ShedRain-Sun-Rain-Auto-Open-Auto-Close-43-UPF-50-Rain-Umbrella-Black/1123677657?classType=VARIANT&from=/search,Anonymous,,neutral,0.6027,0.5,neutral,roberta,More red than orange,We don't get a lot of rain where I live so I haven't had the chance to use this umbrella yet. However I feel it's worth noting (as I bought this item online) that the color is much more red in person than orange. I still decided to keep it because the pattern is cute (I purchased for my daughter). I bought “orange floral” if that wasn't obvious,,False,0
1123677657,,https://www.walmart.com/ip/Canopi-by-ShedRain-Sun-Rain-Auto-Open-Auto-Close-43-UPF-50-Rain-Umbrella-Black/1123677657?classType=VARIANT&from=/search,Anonymous,,neutral,0.5106,0.5,neutral,roberta,,Says auto but its not it just a regular umbrella with a push button to open. I thought auto open and close meant automatic. They should seriously specify that.,,False,0
1123677657,,https://www.walmart.com/ip/Canopi-by-ShedRain-Sun-Rain-Auto-Open-Auto-Close-43-UPF-50-Rain-Umbrella-Black/1123677657?classType=VARIANT&from=/search,Anonymous,,neutral,0.369,0.5,neutral,roberta,Pretty Color,[This review was collected as part of a promotion.] This is a real pretty umbrella. Its just what I needed because Im always losing mine. But either I dont know how to work it or its broke. I can push it up but it wont stay up. The handle doesnt extend either. Its a nice size and a pretty shade of yellow. It has a velcro fastener to keep it closed. It wont get lost in the car. I will have to see if a friend can help me with it. I feel kinda stupid but I cant figure it out.,,False,0
452112197,,https://www.walmart.com/ip/Ozark-Trail-Chair-Umbrella-with-Clamp-Black-Large-42-x42-Chair-Is-Not-Included-Adult-Use/452112197?classType=VARIANT&from=/search,Anonymous,,neutral,0.6683,0.5,neutral,roberta,,it was easy to attach. Less easy to take down. The slide in clasps are very tight and it takes some thumb strength to push down on them in order to separate the two pieces upon dissasembly.,,False,0
452112197,,https://www.walmart.com/ip/Ozark-Trail-Chair-Umbrella-with-Clamp-Black-Large-42-x42-Chair-Is-Not-Included-Adult-Use/452112197?classType=VARIANT&from=/search,Anonymous,,neutral,0.4691,0.5,neutral,roberta,Umbrella Chair clamp,"This product is okay, it seems that the clamp doesn't fit the chair as it should. It could be me but it feels like if I really forces it, it will break, it doesn't open enough in other words. Other than this problem, overall it's okay.",,False,0
452112197,,https://www.walmart.com/ip/Ozark-Trail-Chair-Umbrella-with-Clamp-Black-Large-42-x42-Chair-Is-Not-Included-Adult-Use/452112197?classType=VARIANT&from=/search,Anonymous,,neutral,0.4957,0.5,neutral,roberta,,i like the clipability for other holding bars..A little to top heavy..needs a stiffer lower assembly...,,False,0
452112197,,https://www.walmart.com/ip/Ozark-Trail-Chair-Umbrella-with-Clamp-Black-Large-42-x42-Chair-Is-Not-Included-Adult-Use/452112197?classType=VARIANT&from=/search,Anonymous,,neutral,0.5023,0.5,neutral,roberta,,This was exactly what I was looking for to clamp on my portable chair.,,False,0
452112197,,https://www.walmart.com/ip/Ozark-Trail-Chair-Umbrella-with-Clamp-Black-Large-42-x42-Chair-Is-Not-Included-Adult-Use/452112197?classType=VARIANT&from=/search,Anonymous,,neutral,0.6839,0.5,neutral,roberta,,it does keep the sun off of you it just needs to be a little bigger. 5,,False,0
452112197,,https://www.walmart.com/ip/Ozark-Trail-Chair-Umbrella-with-Clamp-Black-Large-42-x42-Chair-Is-Not-Included-Adult-Use/452112197?classType=VARIANT&from=/search,Anonymous,,neutral,0.4471,0.5,neutral,roberta,Meh. Not overly impressed.,"This worked OK once I had to rig it to the chair. It's not easy to use, but did provide shade once it was installed.",,False,0
452112197,,https://www.walmart.com/ip/Ozark-Trail-Chair-Umbrella-with-Clamp-Black-Large-42-x42-Chair-Is-Not-Included-Adult-Use/452112197?classType=VARIANT&from=/search,Anonymous,,neutral,0.587,0.5,neutral,roberta,Chair Umbrella,It does the job but fabric is too thin.,,False,0
452112197,,https://www.walmart.com/ip/Ozark-Trail-Chair-Umbrella-with-Clamp-Black-Large-42-x42-Chair-Is-Not-Included-Adult-Use/452112197?classType=VARIANT&from=/search,Anonymous,,neutral,0.58,0.5,neutral,roberta,Works as described,Works to keep sun off as designed. It's not very sturdy but You get what you pay for. Will be surprised if it last the summer.,,False,0
452112197,,https://www.walmart.com/ip/Ozark-Trail-Chair-Umbrella-with-Clamp-Black-Large-42-x42-Chair-Is-Not-Included-Adult-Use/452112197?classType=VARIANT&from=/search,Anonymous,,neutral,0.4156,0.5,neutral,roberta,Wouldn't buy it again but it's seems ok,"Kind of difficult to attach to my chair but once on it seems decent . Not real sturdy so if it's windy it could not work real well , so we'll see . I'm going to be using it strictly as a sun blocker when there's no shade around . The umbrella shaft doesn't “ collapse “ once you extend it and it locks in place which is a bad design but for $ 10.00 I'll keep it .",,False,0
452112197,,https://www.walmart.com/ip/Ozark-Trail-Chair-Umbrella-with-Clamp-Black-Large-42-x42-Chair-Is-Not-Included-Adult-Use/452112197?classType=VARIANT&from=/search,Anonymous,,neutral,0.6214,0.5,neutral,roberta,just got it.,I got it for the beach. its just like it was pictured.,,False,0
452112197,,https://www.walmart.com/ip/Ozark-Trail-Chair-Umbrella-with-Clamp-Black-Large-42-x42-Chair-Is-Not-Included-Adult-Use/452112197?classType=VARIANT&from=/search,Anonymous,,neutral,0.7403,0.5,neutral,roberta,provides shade,"It didn't bend to stay in any particular position, but the wind would blow it so it bent. It would be better if it stayed in the position it was shaped to, but overall not bad.",,False,0
452112197,,https://www.walmart.com/ip/Ozark-Trail-Chair-Umbrella-with-Clamp-Black-Large-42-x42-Chair-Is-Not-Included-Adult-Use/452112197?classType=VARIANT&from=/search,Anonymous,,neutral,0.4574,0.5,neutral,roberta,"Good for sun, not for chair",Nice and thick to block the sun but doesn't clip on just any chair so I had to find a chair that worked. It's not my usual chair so I probably won't be using this umbrella much. Wish it had a different clip to use on any chair.,,False,0
452112197,,https://www.walmart.com/ip/Ozark-Trail-Chair-Umbrella-with-Clamp-Black-Large-42-x42-Chair-Is-Not-Included-Adult-Use/452112197?classType=VARIANT&from=/search,Anonymous,,neutral,0.5565,0.5,neutral,roberta,,I can't sit in the sun long due to medications. This umbrella can be clamped on camp chairs or table and is adjustable as the sun moves.,,False,0
452112197,,https://www.walmart.com/ip/Ozark-Trail-Chair-Umbrella-with-Clamp-Black-Large-42-x42-Chair-Is-Not-Included-Adult-Use/452112197?classType=VARIANT&from=/search,Anonymous,,neutral,0.6378,0.5,neutral,roberta,,I just opened my umbrella up so I can use it for my company picnic tomorrow %26 it's missing some parts,,False,0
452112197,,https://www.walmart.com/ip/Ozark-Trail-Chair-Umbrella-with-Clamp-Black-Large-42-x42-Chair-Is-Not-Included-Adult-Use/452112197?classType=VARIANT&from=/search,Anonymous,,neutral,0.7633,0.5,neutral,roberta,Chair umbrella,I thought it would be bigger but it's just like a regular umbrella,,False,0
452112197,,https://www.walmart.com/ip/Ozark-Trail-Chair-Umbrella-with-Clamp-Black-Large-42-x42-Chair-Is-Not-Included-Adult-Use/452112197?classType=VARIANT&from=/search,Anonymous,,neutral,0.5898,0.5,neutral,roberta,,I am helping MS with a bike in July. This was the answer to my have shade at the corners.,,False,0
452112197,,https://www.walmart.com/ip/Ozark-Trail-Chair-Umbrella-with-Clamp-Black-Large-42-x42-Chair-Is-Not-Included-Adult-Use/452112197?classType=VARIANT&from=/search,Anonymous,,neutral,0.788,0.5,neutral,roberta,,The umbrella was missing the clip that holds it onto the chair.,,False,0
452112197,,https://www.walmart.com/ip/Ozark-Trail-Chair-Umbrella-with-Clamp-Black-Large-42-x42-Chair-Is-Not-Included-Adult-Use/452112197?classType=VARIANT&from=/search,Anonymous,,neutral,0.6177,0.5,neutral,roberta,,SOLVED MY PROBLEM IN REDUCING PATIO GLARE WHILE READING,,False,0
452112197,,https://www.walmart.com/ip/Ozark-Trail-Chair-Umbrella-with-Clamp-Black-Large-42-x42-Chair-Is-Not-Included-Adult-Use/452112197?classType=VARIANT&from=/search,Anonymous,,neutral,0.6157,0.5,neutral,roberta,,it keeps the sun from burning up. you actually can feel a temperature difference.,,False,0
452112197,,https://www.walmart.com/ip/Ozark-Trail-Chair-Umbrella-with-Clamp-Black-Large-42-x42-Chair-Is-Not-Included-Adult-Use/452112197?classType=VARIANT&from=/search,Anonymous,,neutral,0.5144,0.5,neutral,roberta,,"It's ok, not very good on camping chairs. I attach it to my truck or a table.",,False,0
452112197,,https://www.walmart.com/ip/Ozark-Trail-Chair-Umbrella-with-Clamp-Black-Large-42-x42-Chair-Is-Not-Included-Adult-Use/452112197?classType=VARIANT&from=/search,Anonymous,,neutral,0.4824,0.5,neutral,roberta,Served its purpose.,"Not the best quality, but got the job done.",,False,0
452112197,,https://www.walmart.com/ip/Ozark-Trail-Chair-Umbrella-with-Clamp-Black-Large-42-x42-Chair-Is-Not-Included-Adult-Use/452112197?classType=VARIANT&from=/search,Anonymous,,neutral,0.7343,0.5,neutral,roberta,umbrella to put on a chair,The screw part is plastic on sways in the wind.,,False,0
683532795,,https://www.walmart.com/ip/Totes-One-touch-Auto-Open-Close-Umbrella-with-Sunguard-Black/683532795?classType=VARIANT&from=/search,Anonymous,,neutral,0.4832,0.5,neutral,roberta,,This is made very well but it isn't good if you're a big person to cover your body I'm only 5 ft high and 105 lb so it works well for me,,False,0
683532795,,https://www.walmart.com/ip/Totes-One-touch-Auto-Open-Close-Umbrella-with-Sunguard-Black/683532795?classType=VARIANT&from=/search,Anonymous,,neutral,0.6229,0.5,neutral,roberta,Too Small,For the money I think the umbrella should cover two people decently.,,False,0
683532795,,https://www.walmart.com/ip/Totes-One-touch-Auto-Open-Close-Umbrella-with-Sunguard-Black/683532795?classType=VARIANT&from=/search,Anonymous,,neutral,0.5376,0.5,neutral,roberta,umbrella,easy to operate umbrella with one push the button,,False,0
683532795,,https://www.walmart.com/ip/Totes-One-touch-Auto-Open-Close-Umbrella-with-Sunguard-Black/683532795?classType=VARIANT&from=/search,Anonymous,,neutral,0.4112,0.5,neutral,roberta,,"i like the star pattern, which is nice. this is not good for a windy day.",,False,0
683532795,,https://www.walmart.com/ip/Totes-One-touch-Auto-Open-Close-Umbrella-with-Sunguard-Black/683532795?classType=VARIANT&from=/search,Anonymous,,neutral,0.6457,0.5,neutral,roberta,blocks SOME of the rain,"sat in a downpour at an amusement park with water dripping on my head from INSIDE the umbrella... it blocked some of the rain, so I guess it wasnt totally worthless.",,False,0
683532795,,https://www.walmart.com/ip/Totes-One-touch-Auto-Open-Close-Umbrella-with-Sunguard-Black/683532795?classType=VARIANT&from=/search,Anonymous,,neutral,0.6813,0.5,neutral,roberta,Turned inside out with one gust of wind,Kept the rain out until one gust of strong wind made it turn inside out the very first time I used it. Returning and looking for a different one.,,False,0
5335236609,,https://www.walmart.com/ip/edx-9-FT-Outdoor-Patio-Umbrella-Push-Button-Tilt-Crank-Patio-Table-Market-Umbrella-8-Sturdy-Ribs-UV-Protection-Waterproof-Garden-Deck-Backyard-Pool-K/5335236609?classType=VARIANT&adsRedirect=true,Anonymous,,neutral,0.4746,0.5,neutral,roberta,big umbrella for regular base,the blue color is bright. the umbrella appears to be sturdy I haven't use it too much and long enough to say is durable. the only thing that you have to consider is the umbrella base a regular base will not be strong enough to hold it I end up buying a base that cost me $90 dollar a lot more expensive than the umbrella alone. So do you research before buying it. it will be more cost effective if you buy the set umbrella and base together or if you already have the base to hold an umbrella of 9 feet otherwise is useless.,,False,0
5335236609,,https://www.walmart.com/ip/edx-9-FT-Outdoor-Patio-Umbrella-Push-Button-Tilt-Crank-Patio-Table-Market-Umbrella-8-Sturdy-Ribs-UV-Protection-Waterproof-Garden-Deck-Backyard-Pool-K/5335236609?classType=VARIANT&adsRedirect=true,Anonymous,,neutral,0.5941,0.5,neutral,roberta,Fair to good for the money.,"The umbrella fair to good. Seems a lil' wobbly in a few places on pole. Just goes with saying, they don't make things like they used to. We have one in a table / stand %26 it still wobbles a lil'. Was a lil' surprised. A lil' hard to crank. The other one in a floor stand. Had to reinforce the pole in stand with a wedge of wood. For the price, they are ok. I think they'll be fine if we fold them down with tie in wind and/or rainey weather, which we try to do anyway. I'd say they're great for the price. A lil' worried about the wobble in them , but will keep watch. If you leave home for a while, put down %26 tie, you never know when wind/storm will pop up.",,False,0
5335236609,,https://www.walmart.com/ip/edx-9-FT-Outdoor-Patio-Umbrella-Push-Button-Tilt-Crank-Patio-Table-Market-Umbrella-8-Sturdy-Ribs-UV-Protection-Waterproof-Garden-Deck-Backyard-Pool-K/5335236609?classType=VARIANT&adsRedirect=true,Anonymous,,neutral,0.4712,0.5,neutral,roberta,Bevel in the way of the crank,"This is a sturdy, good looking umbrella. However, the crank handle is blocked by the bevel edge of the housing. I needed to grind it down with a Dremel for it to work.",,False,0
5335236609,,https://www.walmart.com/ip/edx-9-FT-Outdoor-Patio-Umbrella-Push-Button-Tilt-Crank-Patio-Table-Market-Umbrella-8-Sturdy-Ribs-UV-Protection-Waterproof-Garden-Deck-Backyard-Pool-K/5335236609?classType=VARIANT&adsRedirect=true,Anonymous,,neutral,0.7717,0.5,neutral,roberta,9-FT Outdoor Patio Umbrella,"According to the specifications on this item, the Y was checked that I would receive a base for the umbrella, however I did NOT receive the base.",,False,0
5335236609,,https://www.walmart.com/ip/edx-9-FT-Outdoor-Patio-Umbrella-Push-Button-Tilt-Crank-Patio-Table-Market-Umbrella-8-Sturdy-Ribs-UV-Protection-Waterproof-Garden-Deck-Backyard-Pool-K/5335236609?classType=VARIANT&adsRedirect=true,Anonymous,,neutral,0.5711,0.5,neutral,roberta,Buying them for years,"I buy these at least once a year because I have several umbrellas on my back patio. Sometimes Academy has them on sale, but Walmart usually beats them in pricing and selection. Even Amazon can't do that.",,False,0
5335236609,,https://www.walmart.com/ip/edx-9-FT-Outdoor-Patio-Umbrella-Push-Button-Tilt-Crank-Patio-Table-Market-Umbrella-8-Sturdy-Ribs-UV-Protection-Waterproof-Garden-Deck-Backyard-Pool-K/5335236609?classType=VARIANT&adsRedirect=true,Anonymous,,neutral,0.6228,0.5,neutral,roberta,9ft umbrella,9ft was too short for taller people so we had to get the 10ft instead,,False,0
5335236609,,https://www.walmart.com/ip/edx-9-FT-Outdoor-Patio-Umbrella-Push-Button-Tilt-Crank-Patio-Table-Market-Umbrella-8-Sturdy-Ribs-UV-Protection-Waterproof-Garden-Deck-Backyard-Pool-K/5335236609?classType=VARIANT&adsRedirect=true,Anonymous,,neutral,0.8181,0.5,neutral,roberta,,I use this for spot shade as I work on lawnmowers my boat or vehicle in my yard,,False,0
5335236609,,https://www.walmart.com/ip/edx-9-FT-Outdoor-Patio-Umbrella-Push-Button-Tilt-Crank-Patio-Table-Market-Umbrella-8-Sturdy-Ribs-UV-Protection-Waterproof-Garden-Deck-Backyard-Pool-K/5335236609?classType=VARIANT&adsRedirect=true,Anonymous,,neutral,0.9049,0.5,neutral,roberta,,This is the Second one we have bought firdt one was im the stote.,,False,0
5335236609,,https://www.walmart.com/ip/edx-9-FT-Outdoor-Patio-Umbrella-Push-Button-Tilt-Crank-Patio-Table-Market-Umbrella-8-Sturdy-Ribs-UV-Protection-Waterproof-Garden-Deck-Backyard-Pool-K/5335236609?classType=VARIANT&adsRedirect=true,Anonymous,,neutral,0.8058,0.5,neutral,roberta,,The little legs or prongs inside the umbrella came undone 2 nd time we opened It up,,False,0
5335236609,,https://www.walmart.com/ip/edx-9-FT-Outdoor-Patio-Umbrella-Push-Button-Tilt-Crank-Patio-Table-Market-Umbrella-8-Sturdy-Ribs-UV-Protection-Waterproof-Garden-Deck-Backyard-Pool-K/5335236609?classType=VARIANT&adsRedirect=true,Anonymous,,neutral,0.6758,0.5,neutral,roberta,return,the other umbrella broke on first day when cranked ooen,,False,0
5335236609,,https://www.walmart.com/ip/edx-9-FT-Outdoor-Patio-Umbrella-Push-Button-Tilt-Crank-Patio-Table-Market-Umbrella-8-Sturdy-Ribs-UV-Protection-Waterproof-Garden-Deck-Backyard-Pool-K/5335236609?classType=VARIANT&adsRedirect=true,Anonymous,,neutral,0.6102,0.5,neutral,roberta,Umbrella,Even though it has 8 steel spines it's extremely vulnerable to the slightest breeze. Cools well.,,False,0
5335236609,,https://www.walmart.com/ip/edx-9-FT-Outdoor-Patio-Umbrella-Push-Button-Tilt-Crank-Patio-Table-Market-Umbrella-8-Sturdy-Ribs-UV-Protection-Waterproof-Garden-Deck-Backyard-Pool-K/5335236609?classType=VARIANT&adsRedirect=true,Anonymous,,neutral,0.7466,0.5,neutral,roberta,flop,"when cranking open the umbrella, the cird snapped",,False,0
5253663866,,https://www.walmart.com/ip/LINVO-Classic-Retro-Polarized-Black-Sunglasses-for-Men-Women-Fishing-Driving-Hiking/5253663866?classType=VARIANT&adsRedirect=true,Anonymous,,neutral,0.7006,0.5,neutral,roberta,,"Havent tried them yet but i was inoressed by the wuality and the case it came with, glasses cleaner rag and a key chane with glasses tools on it",,False,0
5253663866,,https://www.walmart.com/ip/LINVO-Classic-Retro-Polarized-Black-Sunglasses-for-Men-Women-Fishing-Driving-Hiking/5253663866?classType=VARIANT&adsRedirect=true,Anonymous,,neutral,0.4523,0.5,neutral,roberta,Cheap but exactly what i was looking for,Glasses were cheaply made but that's what i was looking for. I drop my glasses a lot,,False,0
186031810,,https://www.walmart.com/ip/Ozark-Trail-Full-Frame-Sports-Polarized-Fishing-Sunglasses-for-Men-and-Women-Color-May-Vary/186031810?classType=VARIANT&athbdg=L1103&from=/search,Anonymous,,neutral,0.8247,0.5,neutral,roberta,,"""Though these are available in various colors, I selected """"Black"""" and expected to receive """"Black"""". I requested full frame glasses and got a mixture of full frame and open frame glasses.""",,False,0
186031810,,https://www.walmart.com/ip/Ozark-Trail-Full-Frame-Sports-Polarized-Fishing-Sunglasses-for-Men-and-Women-Color-May-Vary/186031810?classType=VARIANT&athbdg=L1103&from=/search,Anonymous,,neutral,0.634,0.5,neutral,roberta,,I received 2 pair of sunglasses. I ordered 4 pair. The other 2 pair were supposed to come with my delivery along with my cat food. I only got the cat food. I told the delivery person but he said he didn't have the sun glasses.,,False,0
186031810,,https://www.walmart.com/ip/Ozark-Trail-Full-Frame-Sports-Polarized-Fishing-Sunglasses-for-Men-and-Women-Color-May-Vary/186031810?classType=VARIANT&athbdg=L1103&from=/search,Anonymous,,neutral,0.4188,0.5,neutral,roberta,"Love the glasses, bummed you can't pick the color.","It doesn't tell you anywhere that Color May Vary until after you 've already ordered them. On the site, they are black with gray lenses, like the ones I bought in the store. That's what I wanted. I ordered 5 pair, they all came with tortoise shell frames and brown lenses...",,False,0
186031810,,https://www.walmart.com/ip/Ozark-Trail-Full-Frame-Sports-Polarized-Fishing-Sunglasses-for-Men-and-Women-Color-May-Vary/186031810?classType=VARIANT&athbdg=L1103&from=/search,Anonymous,,neutral,0.53,0.5,neutral,roberta,These sunglasses protect from water glare,"The title is ""full frame"" glasses and they are actually half frame glasses. The left lens has a scuff the size of a water spot. However, these glasses are super dark for fishing and kayaking, bring out colors and outlines, and are polarized. 4 of my last five full frame sunglasses had frames that cracked for no apparent reason so I am so freakin done with foster grants, a name that meant something 20 years ago.",,False,0
186031810,,https://www.walmart.com/ip/Ozark-Trail-Full-Frame-Sports-Polarized-Fishing-Sunglasses-for-Men-and-Women-Color-May-Vary/186031810?classType=VARIANT&athbdg=L1103&from=/search,Anonymous,,neutral,0.7764,0.5,neutral,roberta,,Picture of item shows black sunglasses. These are more like brown leopard print.,,False,0
186031810,,https://www.walmart.com/ip/Ozark-Trail-Full-Frame-Sports-Polarized-Fishing-Sunglasses-for-Men-and-Women-Color-May-Vary/186031810?classType=VARIANT&athbdg=L1103&from=/search,Anonymous,,neutral,0.5656,0.5,neutral,roberta,,"for the price, its comfortable and vision is clear. Only problem is they're not dark enough.",,False,0
186031810,,https://www.walmart.com/ip/Ozark-Trail-Full-Frame-Sports-Polarized-Fishing-Sunglasses-for-Men-and-Women-Color-May-Vary/186031810?classType=VARIANT&athbdg=L1103&from=/search,Anonymous,,neutral,0.6119,0.5,neutral,roberta,,glasses were fine I suppose... The Walmart shopper couldn't have been more dense. A dude places an order for glasses and you pick up a pair of leopard print women's glasses. Lesson learned I suppose.,,False,0
186031810,,https://www.walmart.com/ip/Ozark-Trail-Full-Frame-Sports-Polarized-Fishing-Sunglasses-for-Men-and-Women-Color-May-Vary/186031810?classType=VARIANT&athbdg=L1103&from=/search,Anonymous,,neutral,0.8564,0.5,neutral,roberta,,I ordered black but I got some multi color tiger brown pattern.,,False,0
186031810,,https://www.walmart.com/ip/Ozark-Trail-Full-Frame-Sports-Polarized-Fishing-Sunglasses-for-Men-and-Women-Color-May-Vary/186031810?classType=VARIANT&athbdg=L1103&from=/search,Anonymous,,neutral,0.7456,0.5,neutral,roberta,,sun glasses are available get these polarized aviator style,,False,0
186031810,,https://www.walmart.com/ip/Ozark-Trail-Full-Frame-Sports-Polarized-Fishing-Sunglasses-for-Men-and-Women-Color-May-Vary/186031810?classType=VARIANT&athbdg=L1103&from=/search,Anonymous,,neutral,0.7184,0.5,neutral,roberta,Glasses different than photo,These sunglasses were not the same shape as the photo on the website.,,False,0
186031810,,https://www.walmart.com/ip/Ozark-Trail-Full-Frame-Sports-Polarized-Fishing-Sunglasses-for-Men-and-Women-Color-May-Vary/186031810?classType=VARIANT&athbdg=L1103&from=/search,Anonymous,,neutral,0.49,0.5,neutral,roberta,,Not the greatest quality but good enough considering price,,False,0
186031810,,https://www.walmart.com/ip/Ozark-Trail-Full-Frame-Sports-Polarized-Fishing-Sunglasses-for-Men-and-Women-Color-May-Vary/186031810?classType=VARIANT&athbdg=L1103&from=/search,Anonymous,,neutral,0.4025,0.5,neutral,roberta,OK for inexpensive sunglasses,Only used for one day before I sat on them and they broke. Glad I didn't spend much.,,False,0
186031810,,https://www.walmart.com/ip/Ozark-Trail-Full-Frame-Sports-Polarized-Fishing-Sunglasses-for-Men-and-Women-Color-May-Vary/186031810?classType=VARIANT&athbdg=L1103&from=/search,Anonymous,,neutral,0.4969,0.5,neutral,roberta,glasses are not like in picture,i ordered 4 pair. only one pair was like the one in the product photo.,,False,0
186031810,,https://www.walmart.com/ip/Ozark-Trail-Full-Frame-Sports-Polarized-Fishing-Sunglasses-for-Men-and-Women-Color-May-Vary/186031810?classType=VARIANT&athbdg=L1103&from=/search,Anonymous,,neutral,0.4683,0.5,neutral,roberta,nice sunglasses,"nice look, however they are a bit big for my head. I do not know if they can be adjusted to be a little tighter.",,False,0
186031810,,https://www.walmart.com/ip/Ozark-Trail-Full-Frame-Sports-Polarized-Fishing-Sunglasses-for-Men-and-Women-Color-May-Vary/186031810?classType=VARIANT&athbdg=L1103&from=/search,Anonymous,,neutral,0.3706,0.5,neutral,roberta,cheap and great- make me 37% less Nerdy,"so l am an oaf like nerd new to sun glasses, and the one thing I have learned is that I will drop them and step on them. to deal with this I buy many cheap pairs when On sale. these are less than $5, the lenses dont warp like some cheap do, and they fool people into thinking I am not the geek they are looking for.",,False,0
186031810,,https://www.walmart.com/ip/Ozark-Trail-Full-Frame-Sports-Polarized-Fishing-Sunglasses-for-Men-and-Women-Color-May-Vary/186031810?classType=VARIANT&athbdg=L1103&from=/search,Anonymous,,neutral,0.4788,0.5,neutral,roberta,,The look and the sleekness of glasses were fine but the fit was uncomfortable.,,False,0
186031810,,https://www.walmart.com/ip/Ozark-Trail-Full-Frame-Sports-Polarized-Fishing-Sunglasses-for-Men-and-Women-Color-May-Vary/186031810?classType=VARIANT&athbdg=L1103&from=/search,Anonymous,,neutral,0.6496,0.5,neutral,roberta,multiple styles in the picture if you look closely,The glasses we received are good but upon reviewing the images the second one is the one that we received when we were trying to order what the majority of the images show here That's not what we received,,False,0
186031810,,https://www.walmart.com/ip/Ozark-Trail-Full-Frame-Sports-Polarized-Fishing-Sunglasses-for-Men-and-Women-Color-May-Vary/186031810?classType=VARIANT&athbdg=L1103&from=/search,Anonymous,,neutral,0.3853,0.5,neutral,roberta,Did not receive the glasses pictured,The sunglasses I received did not have a full frame around the lens-unlike what is pictured. However-for my 10 year old-they are perfect and you can't beat the price.,,False,0
186031810,,https://www.walmart.com/ip/Ozark-Trail-Full-Frame-Sports-Polarized-Fishing-Sunglasses-for-Men-and-Women-Color-May-Vary/186031810?classType=VARIANT&athbdg=L1103&from=/search,Anonymous,,neutral,0.575,0.5,neutral,roberta,You gave me cheetah print for ladies.,I ordered a black set of men's fishing glasses and now I have a cheetah print pair. I'm gonna rock them like I want to be spotted but that's not what I ordered,,False,0
186031810,,https://www.walmart.com/ip/Ozark-Trail-Full-Frame-Sports-Polarized-Fishing-Sunglasses-for-Men-and-Women-Color-May-Vary/186031810?classType=VARIANT&athbdg=L1103&from=/search,Anonymous,,neutral,0.5182,0.5,neutral,roberta,color may very... thats fine,"i had no problem with different colors, but lens shape and style are completely different there is a problem.",,False,0
186031810,,https://www.walmart.com/ip/Ozark-Trail-Full-Frame-Sports-Polarized-Fishing-Sunglasses-for-Men-and-Women-Color-May-Vary/186031810?classType=VARIANT&athbdg=L1103&from=/search,Anonymous,,neutral,0.7354,0.5,neutral,roberta,comfortable,like. comfortable fit needs more polarization.,,False,0
186031810,,https://www.walmart.com/ip/Ozark-Trail-Full-Frame-Sports-Polarized-Fishing-Sunglasses-for-Men-and-Women-Color-May-Vary/186031810?classType=VARIANT&athbdg=L1103&from=/search,Anonymous,,neutral,0.6799,0.5,neutral,roberta,ozark trail sunglasses,glasses were fine however they sent me a pair other than what I ordered so I sent them back.,,False,0
186031810,,https://www.walmart.com/ip/Ozark-Trail-Full-Frame-Sports-Polarized-Fishing-Sunglasses-for-Men-and-Women-Color-May-Vary/186031810?classType=VARIANT&athbdg=L1103&from=/search,Anonymous,,neutral,0.6765,0.5,neutral,roberta,Ozark Trail outdoor equipment .,The sunglasses were not the ones in picture that I ordered but it's not a problem.,,False,0
186031810,,https://www.walmart.com/ip/Ozark-Trail-Full-Frame-Sports-Polarized-Fishing-Sunglasses-for-Men-and-Women-Color-May-Vary/186031810?classType=VARIANT&athbdg=L1103&from=/search,Anonymous,,neutral,0.5757,0.5,neutral,roberta,Item received was not at pictured.,Item received was not at pictured.,,False,0
186031810,,https://www.walmart.com/ip/Ozark-Trail-Full-Frame-Sports-Polarized-Fishing-Sunglasses-for-Men-and-Women-Color-May-Vary/186031810?classType=VARIANT&athbdg=L1103&from=/search,Anonymous,,neutral,0.777,0.5,neutral,roberta,half and half,You will not know what glasses you are buying. They could be women's or mens. I got half and half,,False,0
186031810,,https://www.walmart.com/ip/Ozark-Trail-Full-Frame-Sports-Polarized-Fishing-Sunglasses-for-Men-and-Women-Color-May-Vary/186031810?classType=VARIANT&athbdg=L1103&from=/search,Anonymous,,neutral,0.4688,0.5,neutral,roberta,it is what it is,"Cheap, but functional and not bad looking.",,False,0
186031810,,https://www.walmart.com/ip/Ozark-Trail-Full-Frame-Sports-Polarized-Fishing-Sunglasses-for-Men-and-Women-Color-May-Vary/186031810?classType=VARIANT&athbdg=L1103&from=/search,Anonymous,,neutral,0.6214,0.5,neutral,roberta,,"If you can find cheaper Polaroid sunglasses, buy them. Nobody mentions the fact that they are polarized, this essential for over the water sports such as fishing diving boating",,False,0
186031810,,https://www.walmart.com/ip/Ozark-Trail-Full-Frame-Sports-Polarized-Fishing-Sunglasses-for-Men-and-Women-Color-May-Vary/186031810?classType=VARIANT&athbdg=L1103&from=/search,Anonymous,,neutral,0.542,0.5,neutral,roberta,BUY AS MANY AS YOU CAN,"these sunglasses, full frame or half frame, I have been buying from Walmart since about 2005? Various name brands on the frames, but they are the same everytime. That is about 14 years of wearing the gray and brown/copper lens sunglasses, polarized, usually the smaller of the two lens sizes. Buy as many as you can, keep them in a clean safe place, they really do last a LONG time if you take care of them. My buddy gave me his old pair of his three figure polarized sunglasses , he was a charter fishing boat owner. I compared the two for clarity, glare, edge to edge clarity, etc. His sunglasses were definitely better BUT not by a whole lot!, No kdding. Did the comparison on a bright clear sunny day, cloudy day, same results.",,False,0
186031810,,https://www.walmart.com/ip/Ozark-Trail-Full-Frame-Sports-Polarized-Fishing-Sunglasses-for-Men-and-Women-Color-May-Vary/186031810?classType=VARIANT&athbdg=L1103&from=/search,Anonymous,,neutral,0.6022,0.5,neutral,roberta,,I didn't cancel this item. I canceled the substitude item they picked up for me. The only common thing between the glasses I picked up and the substitute item was the collor.,,False,0
556671971,,https://www.walmart.com/ip/Sunsentials-By-Foster-Grant-Women-s-Cat-Eye-Sunglasses-Multi-Color/556671971?classType=VARIANT&from=/search,Anonymous,,neutral,0.7098,0.5,neutral,roberta,,Got the item. Opened the package and found out one side is very tight and the other side is very very loose.,,False,0
556671971,,https://www.walmart.com/ip/Sunsentials-By-Foster-Grant-Women-s-Cat-Eye-Sunglasses-Multi-Color/556671971?classType=VARIANT&from=/search,Anonymous,,neutral,0.4516,0.5,neutral,roberta,,i like the price and i am vision impairment in bright lught,,False,0
556671971,,https://www.walmart.com/ip/Sunsentials-By-Foster-Grant-Women-s-Cat-Eye-Sunglasses-Multi-Color/556671971?classType=VARIANT&from=/search,Anonymous,,neutral,0.6302,0.5,neutral,roberta,,"Very light, not heavy frame. Tint is also very light, not dark, or blackout, adequate sun blockage.",,False,0
556671971,,https://www.walmart.com/ip/Sunsentials-By-Foster-Grant-Women-s-Cat-Eye-Sunglasses-Multi-Color/556671971?classType=VARIANT&from=/search,Anonymous,,neutral,0.5057,0.5,neutral,roberta,Cute,"Although cute and comfortable, the sunglasses do not display Foster Grant logo.",,False,0
556671971,,https://www.walmart.com/ip/Sunsentials-By-Foster-Grant-Women-s-Cat-Eye-Sunglasses-Multi-Color/556671971?classType=VARIANT&from=/search,Anonymous,,neutral,0.5271,0.5,neutral,roberta,,"I did not know how big they were, so I had to return it back.",,False,0
1697475685,,https://www.walmart.com/ip/Joopin-Fit-Over-Wrap-Sunglasses-Polarized-Lens-Wear-Over-Eyeglasses-100-UV-Protection-for-Men-and-Women/1697475685?classType=VARIANT&athbdg=L1600&adsRedirect=true,Anonymous,,neutral,0.4249,0.5,neutral,roberta,,"Overall, I guess I was satisfied. I wish I had gotten the mirrored lenses. I don't like that my prescription glasses can be seen through the lenses of these.",,False,0
1697475685,,https://www.walmart.com/ip/Joopin-Fit-Over-Wrap-Sunglasses-Polarized-Lens-Wear-Over-Eyeglasses-100-UV-Protection-for-Men-and-Women/1697475685?classType=VARIANT&athbdg=L1600&adsRedirect=true,Anonymous,,neutral,0.569,0.5,neutral,roberta,Works in a Pinch,"Works well for going over eyeglasses. The peripheral vision is also protected from the sun. However, they do not work appropriately during overcast. They make things too dark to see. If they were tweaked a bit for polarization they would be great. They work until we can find something better.",,False,0
1697475685,,https://www.walmart.com/ip/Joopin-Fit-Over-Wrap-Sunglasses-Polarized-Lens-Wear-Over-Eyeglasses-100-UV-Protection-for-Men-and-Women/1697475685?classType=VARIANT&athbdg=L1600&adsRedirect=true,Anonymous,,neutral,0.471,0.5,neutral,roberta,Get what you pay for,"They are cheaply made, works for a short time. Not as dark as I needed them for my surgery. They don't look bad, but they didn't fit right either.",,False,0
1697475685,,https://www.walmart.com/ip/Joopin-Fit-Over-Wrap-Sunglasses-Polarized-Lens-Wear-Over-Eyeglasses-100-UV-Protection-for-Men-and-Women/1697475685?classType=VARIANT&athbdg=L1600&adsRedirect=true,Anonymous,,neutral,0.6142,0.5,neutral,roberta,Stylish Fir-over Sunglasses,Stylish s d comfortable fit-over sunglasses,,False,0
1697475685,,https://www.walmart.com/ip/Joopin-Fit-Over-Wrap-Sunglasses-Polarized-Lens-Wear-Over-Eyeglasses-100-UV-Protection-for-Men-and-Women/1697475685?classType=VARIANT&athbdg=L1600&adsRedirect=true,Anonymous,,neutral,0.395,0.5,neutral,roberta,,i have G MACHLAR DEGENERATION they fit over my glassds make driving easier,,False,0
1697475685,,https://www.walmart.com/ip/Joopin-Fit-Over-Wrap-Sunglasses-Polarized-Lens-Wear-Over-Eyeglasses-100-UV-Protection-for-Men-and-Women/1697475685?classType=VARIANT&athbdg=L1600&adsRedirect=true,Anonymous,,neutral,0.5742,0.5,neutral,roberta,,The first time I took them out of the box they dropped and the lense fell out. I was ablé to put it back andthey worked well on he water over my regular glasses.,,False,0
1697475685,,https://www.walmart.com/ip/Joopin-Fit-Over-Wrap-Sunglasses-Polarized-Lens-Wear-Over-Eyeglasses-100-UV-Protection-for-Men-and-Women/1697475685?classType=VARIANT&athbdg=L1600&adsRedirect=true,Anonymous,,neutral,0.5393,0.5,neutral,roberta,Fits over My Rx Glasses,Fits well over my Rx glasses. Doesn't help me driving at night… that's just me.,,False,0
1697475685,,https://www.walmart.com/ip/Joopin-Fit-Over-Wrap-Sunglasses-Polarized-Lens-Wear-Over-Eyeglasses-100-UV-Protection-for-Men-and-Women/1697475685?classType=VARIANT&athbdg=L1600&adsRedirect=true,Anonymous,,neutral,0.7069,0.5,neutral,roberta,,They don't fit over glasses unless reader size glasses,,False,0
1697475685,,https://www.walmart.com/ip/Joopin-Fit-Over-Wrap-Sunglasses-Polarized-Lens-Wear-Over-Eyeglasses-100-UV-Protection-for-Men-and-Women/1697475685?classType=VARIANT&athbdg=L1600&adsRedirect=true,Anonymous,,neutral,0.5006,0.5,neutral,roberta,Shade of lens,"Wish I had been offered a brown/amber shade of glass. If it was there, I missed it.",,False,0
1697475685,,https://www.walmart.com/ip/Joopin-Fit-Over-Wrap-Sunglasses-Polarized-Lens-Wear-Over-Eyeglasses-100-UV-Protection-for-Men-and-Women/1697475685?classType=VARIANT&athbdg=L1600&adsRedirect=true,Anonymous,,neutral,0.5444,0.5,neutral,roberta,Worked well but broke quickly,They worked well at blocking the sunlight but broke within the first couple of weeks,,False,0
1697475685,,https://www.walmart.com/ip/Joopin-Fit-Over-Wrap-Sunglasses-Polarized-Lens-Wear-Over-Eyeglasses-100-UV-Protection-for-Men-and-Women/1697475685?classType=VARIANT&athbdg=L1600&adsRedirect=true,Anonymous,,neutral,0.6173,0.5,neutral,roberta,,it really blocks the sun and fits over my prescription glasses,,False,0
1697475685,,https://www.walmart.com/ip/Joopin-Fit-Over-Wrap-Sunglasses-Polarized-Lens-Wear-Over-Eyeglasses-100-UV-Protection-for-Men-and-Women/1697475685?classType=VARIANT&athbdg=L1600&adsRedirect=true,Anonymous,,neutral,0.5313,0.5,neutral,roberta,,Work better than the $300 pair a national chain tried to sell,,False,0
1697475685,,https://www.walmart.com/ip/Joopin-Fit-Over-Wrap-Sunglasses-Polarized-Lens-Wear-Over-Eyeglasses-100-UV-Protection-for-Men-and-Women/1697475685?classType=VARIANT&athbdg=L1600&adsRedirect=true,Anonymous,,neutral,0.7614,0.5,neutral,roberta,,These are for driving at late evening. too dark for night time driving.,,False,0
183454063,,https://www.walmart.com/ip/Panama-Jack-Men-s-Square-Fashion-Sunglasses-Black/183454063?classType=VARIANT&from=/search,Anonymous,,neutral,0.4382,0.5,neutral,roberta,,These are quality sunglasses and the price is unbeatable. But I don't feel the picture reflects the true style of the glasses. They're more square and would be fitting for a snowbird. Not exactly my style. But I would still recommend them to anyone who could pull them off.,,False,0
183454063,,https://www.walmart.com/ip/Panama-Jack-Men-s-Square-Fashion-Sunglasses-Black/183454063?classType=VARIANT&from=/search,Anonymous,,neutral,0.5885,0.5,neutral,roberta,solid sunglasses for the money,"solid sunglasses. only con is that the lenses aren't very tinted, so if it's super sunny, it could still be tough to see",,False,0
183454063,,https://www.walmart.com/ip/Panama-Jack-Men-s-Square-Fashion-Sunglasses-Black/183454063?classType=VARIANT&from=/search,Anonymous,,neutral,0.5066,0.5,neutral,roberta,Sunglasses,They work well so far for driving. But seem to be flimsy and probably not too durable in the long run.,,False,0
183454063,,https://www.walmart.com/ip/Panama-Jack-Men-s-Square-Fashion-Sunglasses-Black/183454063?classType=VARIANT&from=/search,Anonymous,,neutral,0.5211,0.5,neutral,roberta,,Not the best quality glasses but good enough to wear while driving.,,False,0
183454063,,https://www.walmart.com/ip/Panama-Jack-Men-s-Square-Fashion-Sunglasses-Black/183454063?classType=VARIANT&from=/search,Anonymous,,neutral,0.8783,0.5,neutral,roberta,Glare,I noticed the glass used to glare at certain angles.,,False,0
183454063,,https://www.walmart.com/ip/Panama-Jack-Men-s-Square-Fashion-Sunglasses-Black/183454063?classType=VARIANT&from=/search,Anonymous,,neutral,0.4518,0.5,neutral,roberta,"Cheap enough to lose, keep as backup",Huge and allows sun and glare in from the behind side. Good cheap glasses otherwise.,,False,0
503254700,,https://www.walmart.com/ip/Sunsentials-By-Foster-Grant-Women-s-Cat-Eye-Sunglasses-Tortoise-Brown/503254700?classType=VARIANT&from=/search,Anonymous,,neutral,0.4502,0.5,neutral,roberta,,"I did like them however I had for less than 2 weeks %26 when I went to clean the lens, one of them popped out!",,False,0
503254700,,https://www.walmart.com/ip/Sunsentials-By-Foster-Grant-Women-s-Cat-Eye-Sunglasses-Tortoise-Brown/503254700?classType=VARIANT&from=/search,Anonymous,,neutral,0.5441,0.5,neutral,roberta,,very cheap quality its might b for kids for play as a toy,,False,0
503254700,,https://www.walmart.com/ip/Sunsentials-By-Foster-Grant-Women-s-Cat-Eye-Sunglasses-Tortoise-Brown/503254700?classType=VARIANT&from=/search,Anonymous,,neutral,0.5566,0.5,neutral,roberta,Sunglasses,They light weight. They are a “hard” plastic. The work for budget friendly sunglasses.,,False,0
503254700,,https://www.walmart.com/ip/Sunsentials-By-Foster-Grant-Women-s-Cat-Eye-Sunglasses-Tortoise-Brown/503254700?classType=VARIANT&from=/search,Anonymous,,neutral,0.4281,0.5,neutral,roberta,Cute but ineffective,Stylish but don’t block out any sun. I find myself squinting just as much as I do without glasses.,,False,0
186031810,,https://www.walmart.com/ip/Ozark-Trail-Full-Frame-Sports-Polarized-Fishing-Sunglasses-for-Men-and-Women-Color-May-Vary/186031810?classType=VARIANT&athbdg=L1103&from=/search,Anonymous,,neutral,0.8247,0.5,neutral,roberta,,"""Though these are available in various colors, I selected """"Black"""" and expected to receive """"Black"""". I requested full frame glasses and got a mixture of full frame and open frame glasses.""",,False,0
186031810,,https://www.walmart.com/ip/Ozark-Trail-Full-Frame-Sports-Polarized-Fishing-Sunglasses-for-Men-and-Women-Color-May-Vary/186031810?classType=VARIANT&athbdg=L1103&from=/search,Anonymous,,neutral,0.634,0.5,neutral,roberta,,I received 2 pair of sunglasses. I ordered 4 pair. The other 2 pair were supposed to come with my delivery along with my cat food. I only got the cat food. I told the delivery person but he said he didn't have the sun glasses.,,False,0
186031810,,https://www.walmart.com/ip/Ozark-Trail-Full-Frame-Sports-Polarized-Fishing-Sunglasses-for-Men-and-Women-Color-May-Vary/186031810?classType=VARIANT&athbdg=L1103&from=/search,Anonymous,,neutral,0.4188,0.5,neutral,roberta,"Love the glasses, bummed you can't pick the color.","It doesn't tell you anywhere that Color May Vary until after you 've already ordered them. On the site, they are black with gray lenses, like the ones I bought in the store. That's what I wanted. I ordered 5 pair, they all came with tortoise shell frames and brown lenses...",,False,0
186031810,,https://www.walmart.com/ip/Ozark-Trail-Full-Frame-Sports-Polarized-Fishing-Sunglasses-for-Men-and-Women-Color-May-Vary/186031810?classType=VARIANT&athbdg=L1103&from=/search,Anonymous,,neutral,0.53,0.5,neutral,roberta,These sunglasses protect from water glare,"The title is ""full frame"" glasses and they are actually half frame glasses. The left lens has a scuff the size of a water spot. However, these glasses are super dark for fishing and kayaking, bring out colors and outlines, and are polarized. 4 of my last five full frame sunglasses had frames that cracked for no apparent reason so I am so freakin done with foster grants, a name that meant something 20 years ago.",,False,0
186031810,,https://www.walmart.com/ip/Ozark-Trail-Full-Frame-Sports-Polarized-Fishing-Sunglasses-for-Men-and-Women-Color-May-Vary/186031810?classType=VARIANT&athbdg=L1103&from=/search,Anonymous,,neutral,0.7764,0.5,neutral,roberta,,Picture of item shows black sunglasses. These are more like brown leopard print.,,False,0
186031810,,https://www.walmart.com/ip/Ozark-Trail-Full-Frame-Sports-Polarized-Fishing-Sunglasses-for-Men-and-Women-Color-May-Vary/186031810?classType=VARIANT&athbdg=L1103&from=/search,Anonymous,,neutral,0.7125,0.5,neutral,roberta,,I chose black colour but what I got was brown colour,,False,0
186031810,,https://www.walmart.com/ip/Ozark-Trail-Full-Frame-Sports-Polarized-Fishing-Sunglasses-for-Men-and-Women-Color-May-Vary/186031810?classType=VARIANT&athbdg=L1103&from=/search,Anonymous,,neutral,0.5656,0.5,neutral,roberta,,"for the price, its comfortable and vision is clear. Only problem is they're not dark enough.",,False,0
186031810,,https://www.walmart.com/ip/Ozark-Trail-Full-Frame-Sports-Polarized-Fishing-Sunglasses-for-Men-and-Women-Color-May-Vary/186031810?classType=VARIANT&athbdg=L1103&from=/search,Anonymous,,neutral,0.6119,0.5,neutral,roberta,,glasses were fine I suppose... The Walmart shopper couldn't have been more dense. A dude places an order for glasses and you pick up a pair of leopard print women's glasses. Lesson learned I suppose.,,False,0
186031810,,https://www.walmart.com/ip/Ozark-Trail-Full-Frame-Sports-Polarized-Fishing-Sunglasses-for-Men-and-Women-Color-May-Vary/186031810?classType=VARIANT&athbdg=L1103&from=/search,Anonymous,,neutral,0.8564,0.5,neutral,roberta,,I ordered black but I got some multi color tiger brown pattern.,,False,0
186031810,,https://www.walmart.com/ip/Ozark-Trail-Full-Frame-Sports-Polarized-Fishing-Sunglasses-for-Men-and-Women-Color-May-Vary/186031810?classType=VARIANT&athbdg=L1103&from=/search,Anonymous,,neutral,0.7184,0.5,neutral,roberta,Glasses different than photo,These sunglasses were not the same shape as the photo on the website.,,False,0
186031810,,https://www.walmart.com/ip/Ozark-Trail-Full-Frame-Sports-Polarized-Fishing-Sunglasses-for-Men-and-Women-Color-May-Vary/186031810?classType=VARIANT&athbdg=L1103&from=/search,Anonymous,,neutral,0.49,0.5,neutral,roberta,,Not the greatest quality but good enough considering price,,False,0
186031810,,https://www.walmart.com/ip/Ozark-Trail-Full-Frame-Sports-Polarized-Fishing-Sunglasses-for-Men-and-Women-Color-May-Vary/186031810?classType=VARIANT&athbdg=L1103&from=/search,Anonymous,,neutral,0.4025,0.5,neutral,roberta,OK for inexpensive sunglasses,Only used for one day before I sat on them and they broke. Glad I didn't spend much.,,False,0
186031810,,https://www.walmart.com/ip/Ozark-Trail-Full-Frame-Sports-Polarized-Fishing-Sunglasses-for-Men-and-Women-Color-May-Vary/186031810?classType=VARIANT&athbdg=L1103&from=/search,Anonymous,,neutral,0.4969,0.5,neutral,roberta,glasses are not like in picture,i ordered 4 pair. only one pair was like the one in the product photo.,,False,0
186031810,,https://www.walmart.com/ip/Ozark-Trail-Full-Frame-Sports-Polarized-Fishing-Sunglasses-for-Men-and-Women-Color-May-Vary/186031810?classType=VARIANT&athbdg=L1103&from=/search,Anonymous,,neutral,0.4683,0.5,neutral,roberta,nice sunglasses,"nice look, however they are a bit big for my head. I do not know if they can be adjusted to be a little tighter.",,False,0
186031810,,https://www.walmart.com/ip/Ozark-Trail-Full-Frame-Sports-Polarized-Fishing-Sunglasses-for-Men-and-Women-Color-May-Vary/186031810?classType=VARIANT&athbdg=L1103&from=/search,Anonymous,,neutral,0.3706,0.5,neutral,roberta,cheap and great- make me 37% less Nerdy,"so l am an oaf like nerd new to sun glasses, and the one thing I have learned is that I will drop them and step on them. to deal with this I buy many cheap pairs when On sale. these are less than $5, the lenses dont warp like some cheap do, and they fool people into thinking I am not the geek they are looking for.",,False,0
186031810,,https://www.walmart.com/ip/Ozark-Trail-Full-Frame-Sports-Polarized-Fishing-Sunglasses-for-Men-and-Women-Color-May-Vary/186031810?classType=VARIANT&athbdg=L1103&from=/search,Anonymous,,neutral,0.4788,0.5,neutral,roberta,,The look and the sleekness of glasses were fine but the fit was uncomfortable.,,False,0
186031810,,https://www.walmart.com/ip/Ozark-Trail-Full-Frame-Sports-Polarized-Fishing-Sunglasses-for-Men-and-Women-Color-May-Vary/186031810?classType=VARIANT&athbdg=L1103&from=/search,Anonymous,,neutral,0.3853,0.5,neutral,roberta,Did not receive the glasses pictured,The sunglasses I received did not have a full frame around the lens-unlike what is pictured. However-for my 10 year old-they are perfect and you can't beat the price.,,False,0
186031810,,https://www.walmart.com/ip/Ozark-Trail-Full-Frame-Sports-Polarized-Fishing-Sunglasses-for-Men-and-Women-Color-May-Vary/186031810?classType=VARIANT&athbdg=L1103&from=/search,Anonymous,,neutral,0.6496,0.5,neutral,roberta,multiple styles in the picture if you look closely,The glasses we received are good but upon reviewing the images the second one is the one that we received when we were trying to order what the majority of the images show here That's not what we received,,False,0
186031810,,https://www.walmart.com/ip/Ozark-Trail-Full-Frame-Sports-Polarized-Fishing-Sunglasses-for-Men-and-Women-Color-May-Vary/186031810?classType=VARIANT&athbdg=L1103&from=/search,Anonymous,,neutral,0.5182,0.5,neutral,roberta,color may very... thats fine,"i had no problem with different colors, but lens shape and style are completely different there is a problem.",,False,0
186031810,,https://www.walmart.com/ip/Ozark-Trail-Full-Frame-Sports-Polarized-Fishing-Sunglasses-for-Men-and-Women-Color-May-Vary/186031810?classType=VARIANT&athbdg=L1103&from=/search,Anonymous,,neutral,0.4943,0.5,neutral,roberta,Where's my shipment?,I haven't received the other item in my order. The sunglasses are fine.,,False,0
186031810,,https://www.walmart.com/ip/Ozark-Trail-Full-Frame-Sports-Polarized-Fishing-Sunglasses-for-Men-and-Women-Color-May-Vary/186031810?classType=VARIANT&athbdg=L1103&from=/search,Anonymous,,neutral,0.777,0.5,neutral,roberta,half and half,You will not know what glasses you are buying. They could be women's or mens. I got half and half,,False,0
186031810,,https://www.walmart.com/ip/Ozark-Trail-Full-Frame-Sports-Polarized-Fishing-Sunglasses-for-Men-and-Women-Color-May-Vary/186031810?classType=VARIANT&athbdg=L1103&from=/search,Anonymous,,neutral,0.6799,0.5,neutral,roberta,ozark trail sunglasses,glasses were fine however they sent me a pair other than what I ordered so I sent them back.,,False,0
186031810,,https://www.walmart.com/ip/Ozark-Trail-Full-Frame-Sports-Polarized-Fishing-Sunglasses-for-Men-and-Women-Color-May-Vary/186031810?classType=VARIANT&athbdg=L1103&from=/search,Anonymous,,neutral,0.7354,0.5,neutral,roberta,comfortable,like. comfortable fit needs more polarization.,,False,0
186031810,,https://www.walmart.com/ip/Ozark-Trail-Full-Frame-Sports-Polarized-Fishing-Sunglasses-for-Men-and-Women-Color-May-Vary/186031810?classType=VARIANT&athbdg=L1103&from=/search,Anonymous,,neutral,0.5757,0.5,neutral,roberta,Item received was not at pictured.,Item received was not at pictured.,,False,0
186031810,,https://www.walmart.com/ip/Ozark-Trail-Full-Frame-Sports-Polarized-Fishing-Sunglasses-for-Men-and-Women-Color-May-Vary/186031810?classType=VARIANT&athbdg=L1103&from=/search,Anonymous,,neutral,0.4688,0.5,neutral,roberta,it is what it is,"Cheap, but functional and not bad looking.",,False,0
186031810,,https://www.walmart.com/ip/Ozark-Trail-Full-Frame-Sports-Polarized-Fishing-Sunglasses-for-Men-and-Women-Color-May-Vary/186031810?classType=VARIANT&athbdg=L1103&from=/search,Anonymous,,neutral,0.6214,0.5,neutral,roberta,,"If you can find cheaper Polaroid sunglasses, buy them. Nobody mentions the fact that they are polarized, this essential for over the water sports such as fishing diving boating",,False,0
186031810,,https://www.walmart.com/ip/Ozark-Trail-Full-Frame-Sports-Polarized-Fishing-Sunglasses-for-Men-and-Women-Color-May-Vary/186031810?classType=VARIANT&athbdg=L1103&from=/search,Anonymous,,neutral,0.4972,0.5,neutral,roberta,read the WARNINGS,"i got this sunglasses today and that are nice and polarize the price is good but on the tag it says “ warning this product can expose you to chemicals including nickel which is known to the state of California to cause cancer, and bisphenol A(BPA) which is known to the state of California to cause birth defects or other reproductive harm.”",,False,0
186031810,,https://www.walmart.com/ip/Ozark-Trail-Full-Frame-Sports-Polarized-Fishing-Sunglasses-for-Men-and-Women-Color-May-Vary/186031810?classType=VARIANT&athbdg=L1103&from=/search,Anonymous,,neutral,0.6022,0.5,neutral,roberta,,I didn't cancel this item. I canceled the substitude item they picked up for me. The only common thing between the glasses I picked up and the substitute item was the collor.,,False,0
14906281,,https://www.walmart.com/ip/Paper-Mate-SharpWriter-Mechanical-Pencils-0-7-mm-6-CT/14906281?classType=VARIANT&adsRedirect=true,Anonymous,,neutral,0.6187,0.5,neutral,roberta,Bring my order to my room s door and let me know,"They are requested to bring my groceries at my door, Most of the time they do but this time they did not. I am in a Nursing home and I can not go down stairs and bring it up to my room so I have to depend on staff to bring it up to me and if I have frozen food it thaws out.",,False,0
14906281,,https://www.walmart.com/ip/Paper-Mate-SharpWriter-Mechanical-Pencils-0-7-mm-6-CT/14906281?classType=VARIANT&adsRedirect=true,Anonymous,,neutral,0.6081,0.5,neutral,roberta,,Have used them for many years...only pencils I buy.,,False,0
14906281,,https://www.walmart.com/ip/Paper-Mate-SharpWriter-Mechanical-Pencils-0-7-mm-6-CT/14906281?classType=VARIANT&adsRedirect=true,Anonymous,,neutral,0.8227,0.5,neutral,roberta,Hard lead,The pencils were more like %233 than %232. I have some previous Papermate Sharpwriter %232 an they are more like I'm used to finding %232 pencils.,,False,0
565167540,,https://www.walmart.com/ip/Ticonderoga-Premium-Wood-Pencils-Sharpened-2-Lead-Yellow-48-Count-0-20-Lead-Size/565167540?classType=VARIANT&adsRedirect=true,Anonymous,,neutral,0.5614,0.5,neutral,roberta,Where are the other 180 pencils?,"Instead of receiving 240 pencils (4 boxes of 60) as per the title, photo, and description at time of order, I received only 1 box of 60 pencils. I reached out to Walmart customer service via the chat, and they assisted me quickly, which is why I am giving 3 stars instead of 1.",,False,0
565167540,,https://www.walmart.com/ip/Ticonderoga-Premium-Wood-Pencils-Sharpened-2-Lead-Yellow-48-Count-0-20-Lead-Size/565167540?classType=VARIANT&adsRedirect=true,Anonymous,,neutral,0.501,0.5,neutral,roberta,,Ticonderoga pencils are made to withstand student's day to day routine in the classroom. These pencils require less sharpening compared to other pencils.,,False,0
565167540,,https://www.walmart.com/ip/Ticonderoga-Premium-Wood-Pencils-Sharpened-2-Lead-Yellow-48-Count-0-20-Lead-Size/565167540?classType=VARIANT&adsRedirect=true,Anonymous,,neutral,0.6363,0.5,neutral,roberta,Not amount I ordered,I was under the impression it was 4 packs of 60. As shown in the picture. When I received the order it was just one pack!,,False,0
565167540,,https://www.walmart.com/ip/Ticonderoga-Premium-Wood-Pencils-Sharpened-2-Lead-Yellow-48-Count-0-20-Lead-Size/565167540?classType=VARIANT&adsRedirect=true,Anonymous,,neutral,0.5806,0.5,neutral,roberta,,"This description is for 240 pencils, and it's actually for only 60. ONE pack, not 4.",,False,0
565167540,,https://www.walmart.com/ip/Ticonderoga-Premium-Wood-Pencils-Sharpened-2-Lead-Yellow-48-Count-0-20-Lead-Size/565167540?classType=VARIANT&adsRedirect=true,Anonymous,,neutral,0.7078,0.5,neutral,roberta,Pencils,"Only received one box of 60 pencils, not 240",,False,0
565167540,,https://www.walmart.com/ip/Ticonderoga-Premium-Wood-Pencils-Sharpened-2-Lead-Yellow-48-Count-0-20-Lead-Size/565167540?classType=VARIANT&adsRedirect=true,Anonymous,,neutral,0.5289,0.5,neutral,roberta,Sent me one pack of 60 pencils,The description says it's a pack of 240 pencils but I only received 60.,,False,0
565167540,,https://www.walmart.com/ip/Ticonderoga-Premium-Wood-Pencils-Sharpened-2-Lead-Yellow-48-Count-0-20-Lead-Size/565167540?classType=VARIANT&adsRedirect=true,Anonymous,,neutral,0.6715,0.5,neutral,roberta,,a pencilewe haveallused goingtoschooltrustednamegreatsharpingnobrokenpoints,,False,0
565167540,,https://www.walmart.com/ip/Ticonderoga-Premium-Wood-Pencils-Sharpened-2-Lead-Yellow-48-Count-0-20-Lead-Size/565167540?classType=VARIANT&adsRedirect=true,Anonymous,,neutral,0.5946,0.5,neutral,roberta,Not as advertised,This was advertised as 240 count. I received 1 package of 60 pencils.,,False,0
565167540,,https://www.walmart.com/ip/Ticonderoga-Premium-Wood-Pencils-Sharpened-2-Lead-Yellow-48-Count-0-20-Lead-Size/565167540?classType=VARIANT&adsRedirect=true,Anonymous,,neutral,0.8233,0.5,neutral,roberta,"Package should be VERY near door, not steps","As the picture shows there is a stool by the door in hopes that deliveries will be left there. Also as the picture shows, the package was not left on it. The package is nearer the edge of the porch, out of reach for me.",,False,0
565167540,,https://www.walmart.com/ip/Ticonderoga-Premium-Wood-Pencils-Sharpened-2-Lead-Yellow-48-Count-0-20-Lead-Size/565167540?classType=VARIANT&adsRedirect=true,Anonymous,,neutral,0.5617,0.5,neutral,roberta,60pk Master Pack Seems Too Good To Be True,"Though skeptical, I ordered (2) of the advertised Master Pack - 240 count listed as the option when choosing the 60pk box. And instead of receiving what should have been a total 480, I only received (2) 60pk boxes for a total 120 count.",,False,0
565167540,,https://www.walmart.com/ip/Ticonderoga-Premium-Wood-Pencils-Sharpened-2-Lead-Yellow-48-Count-0-20-Lead-Size/565167540?classType=VARIANT&adsRedirect=true,Anonymous,,neutral,0.5879,0.5,neutral,roberta,School starts on Monday,"I'm waiting for my pencils, and I'm waiting for my 10 pack ear buds for school, and I'm waiting for my teen girls lock backpack, I need these 3 Items for School Monday.and several other items. Thank you for your understanding",,False,0
565167540,,https://www.walmart.com/ip/Ticonderoga-Premium-Wood-Pencils-Sharpened-2-Lead-Yellow-48-Count-0-20-Lead-Size/565167540?classType=VARIANT&adsRedirect=true,Anonymous,,neutral,0.8538,0.5,neutral,roberta,like to count,like that they were already sharpened,,False,0
2564739578,,https://www.walmart.com/ip/Welly-Flex-Fabric-Bandages-Assorted-Pattern-Family-Pack-80-Count/2564739578?classType=REGULAR&adsRedirect=true,Anonymous,,neutral,0.5353,0.5,neutral,roberta,Free of forever chemicals,These do not have forever chemicals like most bandaids do. They are expensive but it's why I choose them.,,False,0
2564739578,,https://www.walmart.com/ip/Welly-Flex-Fabric-Bandages-Assorted-Pattern-Family-Pack-80-Count/2564739578?classType=REGULAR&adsRedirect=true,Anonymous,,neutral,0.5574,0.5,neutral,roberta,Stays put,Cute and they don't fray like other bandaids made from that material.,,False,0
2564739578,,https://www.walmart.com/ip/Welly-Flex-Fabric-Bandages-Assorted-Pattern-Family-Pack-80-Count/2564739578?classType=REGULAR&adsRedirect=true,Anonymous,,neutral,0.6526,0.5,neutral,roberta,Allergic to latex?,Best alternative found to avoid latex allergy reaction.,,False,0
2564739578,,https://www.walmart.com/ip/Welly-Flex-Fabric-Bandages-Assorted-Pattern-Family-Pack-80-Count/2564739578?classType=REGULAR&adsRedirect=true,Anonymous,,neutral,0.6078,0.5,neutral,roberta,Mixed Style and Mixed Results,"""Keeps wounds dressed. Comes off without distress."" That is how these bandages are described. That's not 100% accurate. I have used welly bandages in the past without any problem. Recently, I took one off and while half of it on the end of the pad came off okay, the other half tore off some skin clinging to it. Ouch! I like the patterns and design of the specialty bandages for hard to bandage things like toes, knuckles, etc. I like that they come in a tin. Cardboard boxes are flimsy and don't always survive until the last bandage is used. The tins can be kept in my glove box or center console in my car. I like being able to use the empty tins for small objects.",,False,0
19500175,,https://www.walmart.com/ip/Kool-Aid-Bursts-Berry-Blue-Kids-Drink-6-ct-Pack-6-75-fl-oz-Bottles/19500175?classType=VARIANT&adsRedirect=true,Anonymous,,neutral,0.6723,0.5,neutral,roberta,,Only ordered four but it said we ordered eight but we only received seven,,False,0
19500175,,https://www.walmart.com/ip/Kool-Aid-Bursts-Berry-Blue-Kids-Drink-6-ct-Pack-6-75-fl-oz-Bottles/19500175?classType=VARIANT&adsRedirect=true,Anonymous,,neutral,0.4133,0.5,neutral,roberta,Good.,"Good. Price went up too much though, but prices can be fair high also. It was a dollar ish 5 ish years ago.",,False,0
19500175,,https://www.walmart.com/ip/Kool-Aid-Bursts-Berry-Blue-Kids-Drink-6-ct-Pack-6-75-fl-oz-Bottles/19500175?classType=VARIANT&adsRedirect=true,Anonymous,,neutral,0.4131,0.5,neutral,roberta,Kool aid,"we enjoy these, however children have a hard time opening them without squirting half out. Adults have to be careful. The plastic is too flexible. We prefer the mondo brand but the store does not carry it most of the time. The flavor is good, the packaging is not so good. Have a blessed day.",,False,0
19500175,,https://www.walmart.com/ip/Kool-Aid-Bursts-Berry-Blue-Kids-Drink-6-ct-Pack-6-75-fl-oz-Bottles/19500175?classType=VARIANT&adsRedirect=true,Anonymous,,neutral,0.6187,0.5,neutral,roberta,one was empty,"1 of the 6 drinks was empty, some of which was in the sack. it didnt appear to all be in the sack so most had leaked out before they loaded it in my car.",,False,0
19500175,,https://www.walmart.com/ip/Kool-Aid-Bursts-Berry-Blue-Kids-Drink-6-ct-Pack-6-75-fl-oz-Bottles/19500175?classType=VARIANT&adsRedirect=true,Anonymous,,neutral,0.6792,0.5,neutral,roberta,,3 of the kool aid burst were open and spilling in the bag.,,False,0
19500175,,https://www.walmart.com/ip/Kool-Aid-Bursts-Berry-Blue-Kids-Drink-6-ct-Pack-6-75-fl-oz-Bottles/19500175?classType=VARIANT&adsRedirect=true,Anonymous,,neutral,0.5655,0.5,neutral,roberta,Small and sweet,"To small, for that price and to much sugar",,False,0
9026806405,,https://www.walmart.com/ip/Capri-Sun-Fruit-Punch-Flavored-Juice-Drink-Blend-64-oz-Bottle/9026806405?classType=VARIANT&adsRedirect=true,Anonymous,,neutral,0.7963,0.5,neutral,roberta,Bulk,[This review was collected as part of a promotion.] It is essentially buying capri sun in bulk without all the individual pouches and straws mess. You can bottle up however much or little you want at a time.,,False,0
9026806405,,https://www.walmart.com/ip/Capri-Sun-Fruit-Punch-Flavored-Juice-Drink-Blend-64-oz-Bottle/9026806405?classType=VARIANT&adsRedirect=true,Anonymous,,neutral,0.6821,0.5,neutral,roberta,,"it was ok, something was off like it was watery or needed more flavor.",,False,0
5349984440,,https://www.walmart.com/ip/Tropicana-Strawberry-Lemonade-Made-with-Real-Lemons-46-fl-oz-Bottle/5349984440?classType=VARIANT&athbdg=L1300&adsRedirect=true,Anonymous,,neutral,0.6402,0.5,neutral,roberta,,"Reminds me of the starbucks strawberry refresher without the caffine. It's also pretty sugary, but I just mix it with some sparkling water",,False,0
5349984440,,https://www.walmart.com/ip/Tropicana-Strawberry-Lemonade-Made-with-Real-Lemons-46-fl-oz-Bottle/5349984440?classType=VARIANT&athbdg=L1300&adsRedirect=true,Anonymous,,neutral,0.567,0.5,neutral,roberta,,You all said this was unavailable…but yet I found it at the store!!!,,False,0
130303442,,https://www.walmart.com/ip/Great-Value-White-Cranberry-Strawberry-Juice-Cocktail-64-fl-oz/130303442?classType=REGULAR,Anonymous,,neutral,0.6128,0.5,neutral,roberta,Not artificial,Like that it is flavored with natural flavor and no artificial sweetener or color.,,False,0
130303442,,https://www.walmart.com/ip/Great-Value-White-Cranberry-Strawberry-Juice-Cocktail-64-fl-oz/130303442?classType=REGULAR,Anonymous,,neutral,0.782,0.5,neutral,roberta,,charged for two recieved one as i only ordered one but was double charged,,False,0
130303442,,https://www.walmart.com/ip/Great-Value-White-Cranberry-Strawberry-Juice-Cocktail-64-fl-oz/130303442?classType=REGULAR,Anonymous,,neutral,0.46,0.5,neutral,roberta,it was okay,hello i didnt get all my juices its only 9 here and not 10,,False,0
130303442,,https://www.walmart.com/ip/Great-Value-White-Cranberry-Strawberry-Juice-Cocktail-64-fl-oz/130303442?classType=REGULAR&from=/search,Anonymous,,neutral,0.6128,0.5,neutral,roberta,Not artificial,Like that it is flavored with natural flavor and no artificial sweetener or color.,,False,0
130303442,,https://www.walmart.com/ip/Great-Value-White-Cranberry-Strawberry-Juice-Cocktail-64-fl-oz/130303442?classType=REGULAR&from=/search,Anonymous,,neutral,0.782,0.5,neutral,roberta,,charged for two recieved one as i only ordered one but was double charged,,False,0
130303442,,https://www.walmart.com/ip/Great-Value-White-Cranberry-Strawberry-Juice-Cocktail-64-fl-oz/130303442?classType=REGULAR&from=/search,Anonymous,,neutral,0.46,0.5,neutral,roberta,it was okay,hello i didnt get all my juices its only 9 here and not 10,,False,0
911583773,,https://www.walmart.com/ip/Minute-Maid-Zero-Sugar-Fruit-Punch-Juice-52-fl-oz-Bottle/911583773?classType=VARIANT&from=/search,Anonymous,,neutral,0.6993,0.5,neutral,roberta,,"Would you like more Passover items? What I would have preferred grapes less than 2 1/2 pounds before they spoiled . Purchased seatless lemons all the lemons had seeds in them, and I prayed a premium price for them.",,False,0
911583773,,https://www.walmart.com/ip/Minute-Maid-Zero-Sugar-Fruit-Punch-Juice-52-fl-oz-Bottle/911583773?classType=VARIANT&from=/search,Anonymous,,neutral,0.4283,0.5,neutral,roberta,Good but not as much flavor as I'd like,I prefer the mango flavor. I might order this again if I can figure out how to supplement the taste.,,False,0
911583773,,https://www.walmart.com/ip/Minute-Maid-Zero-Sugar-Fruit-Punch-Juice-52-fl-oz-Bottle/911583773?classType=VARIANT&from=/search,Anonymous,,neutral,0.7124,0.5,neutral,roberta,Coupon not used,"There is a $1.00 off coupon attached to the bottle. It was for ""this purchase"". Can I get credit or use it later ??",,False,0
911583773,,https://www.walmart.com/ip/Minute-Maid-Zero-Sugar-Fruit-Punch-Juice-52-fl-oz-Bottle/911583773?classType=VARIANT&from=/search,Anonymous,,neutral,0.5404,0.5,neutral,roberta,,I don't drink soda anymore because I'm diabetic so the zero sugar is fine with me.,,False,0
911583773,,https://www.walmart.com/ip/Minute-Maid-Zero-Sugar-Fruit-Punch-Juice-52-fl-oz-Bottle/911583773?classType=VARIANT&from=/search,Anonymous,,neutral,0.562,0.5,neutral,roberta,My husband has type,"My husband has type 1 diabetes and I had bariatric surgery last year. We generally stay away from sugar, but were missing juice a bit. We saw this at the store, along with the mango passion, lemonade, and pink lemonade flavors. We decided to try the fruit punch and mango passion flavors. The fruit punch has a nice, subtle flavor. I compared it to a melted down sugar free popsicle, but in the best way. The mango passion has a much stronger flavor and is my favorite between the two. If you are looking for a zero sugar juice option, these are great!",,False,0
911583773,,https://www.walmart.com/ip/Minute-Maid-Zero-Sugar-Fruit-Punch-Juice-52-fl-oz-Bottle/911583773?classType=VARIANT&from=/search,Anonymous,,neutral,0.446,0.5,neutral,roberta,It's OK,"I like that there are only 5 calories per serving, but the taste is not that special, like any other sugar-free fruit punch drink.",,False,0
47375904,,https://www.walmart.com/ip/Ocean-Spray-Cran-Mango-Cranberry-Mango-Juice-Drink-101-4-fl-oz-Bottle/47375904?classType=VARIANT&from=/search,Anonymous,,neutral,0.6371,0.5,neutral,roberta,Bottle,It's not the product it's how it was brought out to me,,False,0
47375904,,https://www.walmart.com/ip/Ocean-Spray-Cran-Mango-Cranberry-Mango-Juice-Drink-101-4-fl-oz-Bottle/47375904?classType=VARIANT&from=/search,Anonymous,,neutral,0.5451,0.5,neutral,roberta,,I appreciate the refund. Ordered product on the wrong site. Meant to order it on the pick-up and delivery Walmart app.,,False,0
47375904,,https://www.walmart.com/ip/Ocean-Spray-Cran-Mango-Cranberry-Mango-Juice-Drink-101-4-fl-oz-Bottle/47375904?classType=VARIANT&from=/search,Anonymous,,neutral,0.6466,0.5,neutral,roberta,ok,"It has an artificial mango taste that's kinda perfume tasting. Difficult to describe........you just have to taste it for your self. It took a while for the flavor to 'grow' on me, but i usually get about 2/month.",,False,0
47375904,,https://www.walmart.com/ip/Ocean-Spray-Cran-Mango-Cranberry-Mango-Juice-Drink-101-4-fl-oz-Bottle/47375904?classType=VARIANT&from=/search,Anonymous,,neutral,0.6653,0.5,neutral,roberta,You don't have cranberry mango...so can I get anot,Can I get another kind .. pineapple juice maybe...,,False,0
47375904,,https://www.walmart.com/ip/Ocean-Spray-Cran-Mango-Cranberry-Mango-Juice-Drink-101-4-fl-oz-Bottle/47375904?classType=VARIANT&from=/search,Anonymous,,neutral,0.5731,0.5,neutral,roberta,1/2 damaged,"Ordering process was user friendly. When it arrived today, one bottle was fine. The other was smashed like it had been dropped.",,False,0
47094255,,https://www.walmart.com/ip/AriZona-Kiwi-Strawberry-Juice-Cocktail-128-Fl-Oz/47094255?classType=VARIANT&from=/search,Anonymous,,neutral,0.6377,0.5,neutral,roberta,,I paid for it but didn't get it when I picked up my order. Please see that it gets delivered to me. thanks Daisy Cutler,,False,0
47094255,,https://www.walmart.com/ip/AriZona-Kiwi-Strawberry-Juice-Cocktail-128-Fl-Oz/47094255?classType=VARIANT&from=/search,Anonymous,,neutral,0.9361,0.5,neutral,roberta,3 Arizona Kiwi strawberry substitutes,Arizona kiwi strawberry (3),,False,0
14833167759,,https://www.walmart.com/ip/Telescope-70mm-Telescopes-for-Adults-Kids-300mm-Refractor-Telescope-15X-150X-with-Adjustable-Tripod-for-Astronomy-Beginners-Gift-for-Kids/14833167759?classType=VARIANT&from=/search,Anonymous,,neutral,0.8736,0.5,neutral,roberta,,"4.331536388140162 stars out of 5, based on 371 seller reviews
(4.3)
371 seller reviews",,False,0
3883211270,,https://www.walmart.com/ip/Nerf-Dog-X-Weave-Squeak-Soccer-Ball-for-Large-Dogs/3883211270?classType=REGULAR&adsRedirect=true,Anonymous,,neutral,0.4488,0.5,neutral,roberta,average price for a decent toy.,good size for my Australian Shepherd. it squeaks super easy to the point where if it barely bounds is it squeaks which I can see getting annoying. but the dog keeps losing it underneath couches and beds and the sore so half the time we're looking for it lol it is more of a 7 to $8 item more so than it is for the $10 that they ask. That's my only real complaint actually that I stand for on. overall I recommend it's decent for an Australian Shepherd sized doggy.,,False,0
3883211270,,https://www.walmart.com/ip/Nerf-Dog-X-Weave-Squeak-Soccer-Ball-for-Large-Dogs/3883211270?classType=REGULAR&adsRedirect=true,Anonymous,,neutral,0.478,0.5,neutral,roberta,Not for aggressive dog that play hard!,"I have a 2 year old German Shepherd who is very ball driven, but after a few times of playing with her the material has separated from the ball itself. In my opinion the ball would be great for small dogs. Not for aggressive dogs who play hard, such as German Shepherds!!",,False,0
3883211270,,https://www.walmart.com/ip/Nerf-Dog-X-Weave-Squeak-Soccer-Ball-for-Large-Dogs/3883211270?classType=REGULAR&adsRedirect=true,Anonymous,,neutral,0.348,0.5,neutral,roberta,Made for small dogs not big ones,"Love the fact the squeaker was in deep however, our dog shredded the ball within 10 minutes of receiving it don't put down for aggressive dog chew toys when they can't even last 10 minutes OK",,False,0
3883211270,,https://www.walmart.com/ip/Nerf-Dog-X-Weave-Squeak-Soccer-Ball-for-Large-Dogs/3883211270?classType=REGULAR&adsRedirect=true,Anonymous,,neutral,0.7538,0.5,neutral,roberta,Nerf Rules,We ended up buying two so he would have one outside. He has not been able to tear it up yet.,,False,0
3883211270,,https://www.walmart.com/ip/Nerf-Dog-X-Weave-Squeak-Soccer-Ball-for-Large-Dogs/3883211270?classType=REGULAR&adsRedirect=true,Anonymous,,neutral,0.5666,0.5,neutral,roberta,,It was to easy to treat up. Large dogs need durability.,,False,0
3883211270,,https://www.walmart.com/ip/Nerf-Dog-X-Weave-Squeak-Soccer-Ball-for-Large-Dogs/3883211270?classType=REGULAR&adsRedirect=true,Anonymous,,neutral,0.6258,0.5,neutral,roberta,,This item thought I would have to get it at a pet store but Walmart had it.,,False,0
15954364898,,https://www.walmart.com/ip/2-pack-Hedstrom-Playball-15-inch-Styles-May-Vary/15954364898?classType=VARIANT&athbdg=L1103&from=/search,Anonymous,,neutral,0.6651,0.5,neutral,roberta,,this big red ball was for the pet pig who with the pet puppies chased the ball all over the backyard,,False,0
15954364898,,https://www.walmart.com/ip/2-pack-Hedstrom-Playball-15-inch-Styles-May-Vary/15954364898?classType=VARIANT&athbdg=L1103&from=/search,Anonymous,,neutral,0.6237,0.5,neutral,roberta,,I bought thr ball today and less than 3 hours the ball popped in my sons hands as he was tossing it. He is 2 years old so its not like he was being rough.,,False,0
15954364898,,https://www.walmart.com/ip/2-pack-Hedstrom-Playball-15-inch-Styles-May-Vary/15954364898?classType=VARIANT&athbdg=L1103&from=/search,Anonymous,,neutral,0.503,0.5,neutral,roberta,,My kid liked it but what i didint like was that i wanted two but there was just 1,,False,0
15954364898,,https://www.walmart.com/ip/2-pack-Hedstrom-Playball-15-inch-Styles-May-Vary/15954364898?classType=VARIANT&athbdg=L1103&from=/search,Anonymous,,neutral,0.5566,0.5,neutral,roberta,Popped Quickly,It popped within the first five minutes of playing with it,,False,0
15954364898,,https://www.walmart.com/ip/2-pack-Hedstrom-Playball-15-inch-Styles-May-Vary/15954364898?classType=VARIANT&athbdg=L1103&from=/search,Anonymous,,neutral,0.5803,0.5,neutral,roberta,,"I ordered this online and it came deflated.In the box, so make sure you have a pump",,False,0
15954364898,,https://www.walmart.com/ip/2-pack-Hedstrom-Playball-15-inch-Styles-May-Vary/15954364898?classType=VARIANT&athbdg=L1103&from=/search,Anonymous,,neutral,0.767,0.5,neutral,roberta,,Wind blew out of his fingers and into rose bushes and pop,,False,0
2760453555,,https://www.walmart.com/ip/Playground-Ball-Rubber-8-5-inch-Diameter-Kids-Outdoor-Sports-Ages-3-by-MinnARK/2760453555?classType=VARIANT&athbdg=L1200&from=/search,Anonymous,,neutral,0.6002,0.5,neutral,roberta,Won't hold air.,"Received the ball flat (delivered to home). No problem. I pumped it up. It was flat it minutes. I tried to return it, but they required that I return it to the store. I'm recovering from knee surgery and not walking into stores at the moment. I threw it away. This was irritating because I actually bought the ball for my physical therapy exercises.",,False,0
2760453555,,https://www.walmart.com/ip/Playground-Ball-Rubber-8-5-inch-Diameter-Kids-Outdoor-Sports-Ages-3-by-MinnARK/2760453555?classType=VARIANT&athbdg=L1200&from=/search,Anonymous,,neutral,0.7012,0.5,neutral,roberta,,thought it was bigger so it was a bit smaller then i thought so i just gave it to my grand babies to play with.,,False,0
2760453555,,https://www.walmart.com/ip/Playground-Ball-Rubber-8-5-inch-Diameter-Kids-Outdoor-Sports-Ages-3-by-MinnARK/2760453555?classType=VARIANT&athbdg=L1200&from=/search,Anonymous,,neutral,0.6613,0.5,neutral,roberta,Cheaply made,"This is a cheap version of the great old school playground balls. Spend a few bucks more and get a heavier rubber one. The one that we received was egg shaped. The grandkids still played with it,",,False,0
2760453555,,https://www.walmart.com/ip/Playground-Ball-Rubber-8-5-inch-Diameter-Kids-Outdoor-Sports-Ages-3-by-MinnARK/2760453555?classType=VARIANT&athbdg=L1200&from=/search,Anonymous,,neutral,0.7814,0.5,neutral,roberta,,This rubber is thin on these balls. We use them for the dogs to play with.,,False,0
2760453555,,https://www.walmart.com/ip/Playground-Ball-Rubber-8-5-inch-Diameter-Kids-Outdoor-Sports-Ages-3-by-MinnARK/2760453555?classType=VARIANT&athbdg=L1200&from=/search,Anonymous,,neutral,0.7333,0.5,neutral,roberta,Smaller than stated.,Way smaller than it says. It is about six inches around. It might last for the summer being only played with once a month when Grandkids visit.,,False,0
2760453555,,https://www.walmart.com/ip/Playground-Ball-Rubber-8-5-inch-Diameter-Kids-Outdoor-Sports-Ages-3-by-MinnARK/2760453555?classType=VARIANT&athbdg=L1200&from=/search,Anonymous,,neutral,0.612,0.5,neutral,roberta,Small Ball,"I didn't pay attention to the size of the ball, which is smaller than a traditional kickball. With that said, the ball is fun to throw and bounce, but probably a little small for 10 aged kick ballers .",,False,0
2760453555,,https://www.walmart.com/ip/Playground-Ball-Rubber-8-5-inch-Diameter-Kids-Outdoor-Sports-Ages-3-by-MinnARK/2760453555?classType=VARIANT&athbdg=L1200&from=/search,Anonymous,,neutral,0.4237,0.5,neutral,roberta,,Not as nice as the last one I got. But still usable.,,False,0
2760453555,,https://www.walmart.com/ip/Playground-Ball-Rubber-8-5-inch-Diameter-Kids-Outdoor-Sports-Ages-3-by-MinnARK/2760453555?classType=VARIANT&athbdg=L1200&from=/search,Anonymous,,neutral,0.5842,0.5,neutral,roberta,,I count on Walmart for when I need a quick delivery time,,False,0
2760453555,,https://www.walmart.com/ip/Playground-Ball-Rubber-8-5-inch-Diameter-Kids-Outdoor-Sports-Ages-3-by-MinnARK/2760453555?classType=VARIANT&athbdg=L1200&from=/search,Anonymous,,neutral,0.4717,0.5,neutral,roberta,Inflated when Received Perfect for Arm Exercise,Seen others complain that it wasnt inflated.. Mine WAS.!!!,,False,0
2760453555,,https://www.walmart.com/ip/Playground-Ball-Rubber-8-5-inch-Diameter-Kids-Outdoor-Sports-Ages-3-by-MinnARK/2760453555?classType=VARIANT&athbdg=L1200&from=/search,Anonymous,,neutral,0.6589,0.5,neutral,roberta,Kickball,Standard kickball. Holds up to rowdy nine year old boys playing an intense game of kickball.,,False,0
2760453555,,https://www.walmart.com/ip/Playground-Ball-Rubber-8-5-inch-Diameter-Kids-Outdoor-Sports-Ages-3-by-MinnARK/2760453555?classType=VARIANT&athbdg=L1200&from=/search,Anonymous,,neutral,0.5391,0.5,neutral,roberta,Popped in 2 days,I expected the ball to be better qu,,False,0
2760453555,,https://www.walmart.com/ip/Playground-Ball-Rubber-8-5-inch-Diameter-Kids-Outdoor-Sports-Ages-3-by-MinnARK/2760453555?classType=VARIANT&athbdg=L1200&from=/search,Anonymous,,neutral,0.719,0.5,neutral,roberta,Dodge/Gaga ball,"What is 80's kids know as a dodge ball, my sons generation knows it as a Gaga ball.",,False,0
2760453555,,https://www.walmart.com/ip/Playground-Ball-Rubber-8-5-inch-Diameter-Kids-Outdoor-Sports-Ages-3-by-MinnARK/2760453555?classType=VARIANT&athbdg=L1200&from=/search,Anonymous,,neutral,0.8491,0.5,neutral,roberta,Play yard ball,I expected a rubber textured ball similar to what you would use to play dodgeball. This ball has texture but it is made of a different type plastic. My son uses it to practice dribbling inside the house.,,False,0
2760453555,,https://www.walmart.com/ip/Playground-Ball-Rubber-8-5-inch-Diameter-Kids-Outdoor-Sports-Ages-3-by-MinnARK/2760453555?classType=VARIANT&athbdg=L1200&from=/search,Anonymous,,neutral,0.4963,0.5,neutral,roberta,the ball was deflated,we ordered the ball to pick up at store. When we took out of bag it was deflated,,False,0
2760453555,,https://www.walmart.com/ip/Playground-Ball-Rubber-8-5-inch-Diameter-Kids-Outdoor-Sports-Ages-3-by-MinnARK/2760453555?classType=VARIANT&athbdg=L1200&from=/search,Anonymous,,neutral,0.5016,0.5,neutral,roberta,,I compared it with three places. Compared it and with free shipping and price it won over target.,,False,0
923371511,,https://www.walmart.com/ip/Nerf-Dog-2-5-inch-Squeak-Tennis-Ball-Dog-Toy-3-Pack/923371511?classType=REGULAR&adsRedirect=true,Anonymous,,neutral,0.594,0.5,neutral,roberta,,I was expecting these to be the ones that are the size of golf balls but these are actually the size of real tennis balls so if you are looking for that size this is the one to get,,False,0
923371511,,https://www.walmart.com/ip/Nerf-Dog-2-5-inch-Squeak-Tennis-Ball-Dog-Toy-3-Pack/923371511?classType=REGULAR&adsRedirect=true,Anonymous,,neutral,0.4059,0.5,neutral,roberta,Easy chew,"My dog is a Bicheon puddle mix. These tennis balls are good. However, they were a bit to big for Tobys jaw. The felt or fuzzy cover is easily chewed off. Then he eats it. Not very digestible",,False,0
923371511,,https://www.walmart.com/ip/Nerf-Dog-2-5-inch-Squeak-Tennis-Ball-Dog-Toy-3-Pack/923371511?classType=REGULAR&adsRedirect=true,Anonymous,,neutral,0.5123,0.5,neutral,roberta,I expected a bigger bounce.,"These will do the job if you just want to toss a ball but if you leave your dog with the ball they can (and mine did) chew the fuzzy outer layer right off. Also, because if the squeaker (I am guessing) they don't bounce high at all but it works for my little pup.",,False,0
923371511,,https://www.walmart.com/ip/Nerf-Dog-2-5-inch-Squeak-Tennis-Ball-Dog-Toy-3-Pack/923371511?classType=REGULAR&adsRedirect=true,Anonymous,,neutral,0.5554,0.5,neutral,roberta,Too big for small dog,Not for small dog. Too big to squeeze for squeaky noise,,False,0
923371511,,https://www.walmart.com/ip/Nerf-Dog-2-5-inch-Squeak-Tennis-Ball-Dog-Toy-3-Pack/923371511?classType=REGULAR&adsRedirect=true,Anonymous,,neutral,0.4859,0.5,neutral,roberta,,They are nice toys but if you have a powerful dog like large german shepherd. they wont last long,,False,0
923371511,,https://www.walmart.com/ip/Nerf-Dog-2-5-inch-Squeak-Tennis-Ball-Dog-Toy-3-Pack/923371511?classType=REGULAR&adsRedirect=true,Anonymous,,neutral,0.4542,0.5,neutral,roberta,Not Doberman friendly or dog chew friendly,My Doberman breaks these open within an hour of playing with them. They are worth it however for my dog.,,False,0
923371511,,https://www.walmart.com/ip/Nerf-Dog-2-5-inch-Squeak-Tennis-Ball-Dog-Toy-3-Pack/923371511?classType=REGULAR&adsRedirect=true,Anonymous,,neutral,0.6302,0.5,neutral,roberta,,Not as tough as regular tennis ball. My dog busted 2 into after 2 days.,,False,0
923371511,,https://www.walmart.com/ip/Nerf-Dog-2-5-inch-Squeak-Tennis-Ball-Dog-Toy-3-Pack/923371511?classType=REGULAR&adsRedirect=true,Anonymous,,neutral,0.4229,0.5,neutral,roberta,nerf balls,balls dont hold up under ouppy teeth dryer balls worked almost as well. tennis balls work even better. sorry.,,False,0
923371511,,https://www.walmart.com/ip/Nerf-Dog-2-5-inch-Squeak-Tennis-Ball-Dog-Toy-3-Pack/923371511?classType=REGULAR&adsRedirect=true,Anonymous,,neutral,0.7396,0.5,neutral,roberta,Dogs can chew off fuzz off of surface of balls,CON: EZ for dogs to chew off fuzz from surface of these tennis balls.,,False,0
923371511,,https://www.walmart.com/ip/Nerf-Dog-2-5-inch-Squeak-Tennis-Ball-Dog-Toy-3-Pack/923371511?classType=REGULAR&adsRedirect=true,Anonymous,,neutral,0.4879,0.5,neutral,roberta,Meah…,Two of them didn't squeak and the third one lasted thirty minutes.,,False,0
923371511,,https://www.walmart.com/ip/Nerf-Dog-2-5-inch-Squeak-Tennis-Ball-Dog-Toy-3-Pack/923371511?classType=REGULAR&adsRedirect=true,Anonymous,,neutral,0.7628,0.5,neutral,roberta,outer layer came off quickly,my medium size dog took coverings off balls very quickly,,False,0
923371511,,https://www.walmart.com/ip/Nerf-Dog-2-5-inch-Squeak-Tennis-Ball-Dog-Toy-3-Pack/923371511?classType=REGULAR&adsRedirect=true,Anonymous,,neutral,0.5325,0.5,neutral,roberta,Aussie approved,Ball gets real dirty quickly. Cleans up easily. Squeeker works well even after hard use.,,False,0
5435454742,,https://www.walmart.com/ip/Athletic-Works-Size-4-Soccer-Ball-Blue/5435454742?classType=VARIANT&adsRedirect=true,Anonymous,,neutral,0.829,0.5,neutral,roberta,,"The ball was a little low on air when we received it, but otherwise just as expected from description",,False,0
5435454742,,https://www.walmart.com/ip/Athletic-Works-Size-4-Soccer-Ball-Blue/5435454742?classType=VARIANT&adsRedirect=true,Anonymous,,neutral,0.9031,0.5,neutral,roberta,,"I pumped up the balls and used them for soccer practice. After, I started to notice some of the weavings on the ball were coming out.",,False,0
5435454742,,https://www.walmart.com/ip/Athletic-Works-Size-4-Soccer-Ball-Blue/5435454742?classType=VARIANT&adsRedirect=true,Anonymous,,neutral,0.5364,0.5,neutral,roberta,,"It's a soccer ball. Can't really go wrong, except for the fact that four of them were not in packaging.",,False,0
5435454742,,https://www.walmart.com/ip/Athletic-Works-Size-4-Soccer-Ball-Blue/5435454742?classType=VARIANT&adsRedirect=true,Anonymous,,neutral,0.3975,0.5,neutral,roberta,,"Not sure how this ball got such great reviews. It came new with threads already coming out of the stitching. After one practice, there were threads coming out everywhere. Soend $5 more and get a hugher qualify ball.",,False,0
5435454742,,https://www.walmart.com/ip/Athletic-Works-Size-4-Soccer-Ball-Blue/5435454742?classType=VARIANT&adsRedirect=true,Anonymous,,neutral,0.6425,0.5,neutral,roberta,Loose threads,Loose threads all over the ball straight out of the box.,,False,0
5435454742,,https://www.walmart.com/ip/Athletic-Works-Size-4-Soccer-Ball-Blue/5435454742?classType=VARIANT&adsRedirect=true,Anonymous,,neutral,0.8974,0.5,neutral,roberta,,"These four were actually in packaging, so that's why I read the product this way",,False,0
5435454742,,https://www.walmart.com/ip/Athletic-Works-Size-4-Soccer-Ball-Blue/5435454742?classType=VARIANT&adsRedirect=true,Anonymous,,neutral,0.7092,0.5,neutral,roberta,,"Soccer ball held air for a practice or two. When I pump it back up, it's flat in less than 20 minutes.",,False,0
5435454742,,https://www.walmart.com/ip/Athletic-Works-Size-4-Soccer-Ball-Blue/5435454742?classType=VARIANT&adsRedirect=true,Anonymous,,neutral,0.6861,0.5,neutral,roberta,,A different color was substituted for the color I ordered,,False,0
5435454742,,https://www.walmart.com/ip/Athletic-Works-Size-4-Soccer-Ball-Blue/5435454742?classType=VARIANT&adsRedirect=true,Anonymous,,neutral,0.7999,0.5,neutral,roberta,,Item was delivered the same day. Didn't know Walmart did that.,,False,0
5435454742,,https://www.walmart.com/ip/Athletic-Works-Size-4-Soccer-Ball-Blue/5435454742?classType=VARIANT&adsRedirect=true,Anonymous,,neutral,0.7423,0.5,neutral,roberta,,After one practice the threading started to come undone.,,False,0
15918221306,,https://www.walmart.com/ip/6-pack-Way-to-Celebrate-Party-Glow-Bounce-Ball-Green-3-08in-x-5-32in-x-1-14in-30-Grams/15918221306?classType=VARIANT&from=/search,Anonymous,,neutral,0.5003,0.5,neutral,roberta,Immediately Broke!,"Opened the ball, threw it as instructed to activate, and it exploded the glowing liquid across the room!",,False,0
15918221306,,https://www.walmart.com/ip/6-pack-Way-to-Celebrate-Party-Glow-Bounce-Ball-Green-3-08in-x-5-32in-x-1-14in-30-Grams/15918221306?classType=VARIANT&from=/search,Anonymous,,neutral,0.5517,0.5,neutral,roberta,glo ball,Cat loves playing with it Doesn't keep it's glo.,,False,0
15918221306,,https://www.walmart.com/ip/6-pack-Way-to-Celebrate-Party-Glow-Bounce-Ball-Green-3-08in-x-5-32in-x-1-14in-30-Grams/15918221306?classType=VARIANT&from=/search,Anonymous,,neutral,0.4211,0.5,neutral,roberta,"Bouncy, Glow-y, and...","Well, it's as described. And for the price it seems fine, if you need a glowing ball for whatever reason. The only thing that threw me off a bit was how hard you have to hit this thing for it to light up. Then when it finally starts working, there's a very obvious tinkling of broken glass within the ball. Which makes me think it's maybe not the safest thing for small kids... On the other hand, I could not puncture this thing no matter how hard I tried.",,False,0
825043496,,https://www.walmart.com/ip/Xcello-Sports-Soccer-Ball-Size-4-with-Pump-Youth-Soccer-Sports-Ball-Multicolor-Size-4-Pack-of-2/825043496?classType=VARIANT&adsRedirect=true,Anonymous,,neutral,0.7183,0.5,neutral,roberta,,One ball if we blow air it's not going to same . We keep aside and open yesterday for another one you can see picture.,,False,0
825043496,,https://www.walmart.com/ip/Xcello-Sports-Soccer-Ball-Size-4-with-Pump-Youth-Soccer-Sports-Ball-Multicolor-Size-4-Pack-of-2/825043496?classType=VARIANT&adsRedirect=true,Anonymous,,neutral,0.553,0.5,neutral,roberta,A bit small,I’m not sure if these balls are just specifically for toddlers or smaller children. And I say this because they run small. Not the regular size of a volleyball or soccer ball. Maybe this is why they come two in a pack. But other than that they are nice balls. They come with a air pump. Which is nice because the balls are shipped deflated. It’s easy to blow up. Once blown up they bounce pretty good and seem to be of decent quality. It’s pretty firm yet could be a bit softer for use as a volleyball. I thought they could be used for both. But a soccer ball would be it’s best use. Easy for holding but not as comfortable to grip. I would get different balls for adults or teens. But I think these balls are perfect for kids.,,False,0
825043496,,https://www.walmart.com/ip/Xcello-Sports-Soccer-Ball-Size-4-with-Pump-Youth-Soccer-Sports-Ball-Multicolor-Size-4-Pack-of-2/825043496?classType=VARIANT&adsRedirect=true,Anonymous,,neutral,0.6273,0.5,neutral,roberta,,"one ball stays inflated, the other one keeps going down",,False,0
825043496,,https://www.walmart.com/ip/Xcello-Sports-Soccer-Ball-Size-4-with-Pump-Youth-Soccer-Sports-Ball-Multicolor-Size-4-Pack-of-2/825043496?classType=VARIANT&adsRedirect=true,Anonymous,,neutral,0.8967,0.5,neutral,roberta,plug protrudes out,inflating plug sticks out of the ball.,,False,0
825043496,,https://www.walmart.com/ip/Xcello-Sports-Soccer-Ball-Size-4-with-Pump-Youth-Soccer-Sports-Ball-Multicolor-Size-4-Pack-of-2/825043496?classType=VARIANT&adsRedirect=true,Anonymous,,neutral,0.6069,0.5,neutral,roberta,LEAK IN 1 SOCCER BALL DOSENT HOLD AIR VERY LONG,ONE BALL HAS A LEAK IN IT IT,,False,0
825043496,,https://www.walmart.com/ip/Xcello-Sports-Soccer-Ball-Size-4-with-Pump-Youth-Soccer-Sports-Ball-Multicolor-Size-4-Pack-of-2/825043496?classType=VARIANT&adsRedirect=true,Anonymous,,neutral,0.6672,0.5,neutral,roberta,Saved $ over Amazon for same product,With two balls I would have liked two pumps,,False,0
806314955,,https://www.walmart.com/ip/Way-to-Celebrate-6CT-BOUNCY-BALLS/806314955?classType=VARIANT&from=/search,Anonymous,,neutral,0.6735,0.5,neutral,roberta,"Hard like erasers, but do bounce. For Older kids.","These rubber balls feel just like erasers, hard. But they do bounce. I got these for trick-o-treaters, bunch of packs to give out one each.. I would just pass these out to ages 10 and up. I purchased softer and larger bulk for younger kids.",,False,0
806314955,,https://www.walmart.com/ip/Way-to-Celebrate-6CT-BOUNCY-BALLS/806314955?classType=VARIANT&from=/search,Anonymous,,neutral,0.9245,0.5,neutral,roberta,,the package contains 6 sold rubber balls. the balls measure 1 inch diameter.,,False,0
806314955,,https://www.walmart.com/ip/Way-to-Celebrate-6CT-BOUNCY-BALLS/806314955?classType=VARIANT&from=/search,Anonymous,,neutral,0.5229,0.5,neutral,roberta,,Size and quantity in the package. I bought them for an Easter egg hunt and they fit in the eggs.,,False,0
5442709802,,https://www.walmart.com/ip/Athletic-Works-Size-5-Soccer-Ball-Blue/5442709802?classType=VARIANT&from=/search,Anonymous,,neutral,0.829,0.5,neutral,roberta,,"The ball was a little low on air when we received it, but otherwise just as expected from description",,False,0
5442709802,,https://www.walmart.com/ip/Athletic-Works-Size-5-Soccer-Ball-Blue/5442709802?classType=VARIANT&from=/search,Anonymous,,neutral,0.9031,0.5,neutral,roberta,,"I pumped up the balls and used them for soccer practice. After, I started to notice some of the weavings on the ball were coming out.",,False,0
5442709802,,https://www.walmart.com/ip/Athletic-Works-Size-5-Soccer-Ball-Blue/5442709802?classType=VARIANT&from=/search,Anonymous,,neutral,0.5364,0.5,neutral,roberta,,"It's a soccer ball. Can't really go wrong, except for the fact that four of them were not in packaging.",,False,0
5442709802,,https://www.walmart.com/ip/Athletic-Works-Size-5-Soccer-Ball-Blue/5442709802?classType=VARIANT&from=/search,Anonymous,,neutral,0.3975,0.5,neutral,roberta,,"Not sure how this ball got such great reviews. It came new with threads already coming out of the stitching. After one practice, there were threads coming out everywhere. Soend $5 more and get a hugher qualify ball.",,False,0
5442709802,,https://www.walmart.com/ip/Athletic-Works-Size-5-Soccer-Ball-Blue/5442709802?classType=VARIANT&from=/search,Anonymous,,neutral,0.6425,0.5,neutral,roberta,Loose threads,Loose threads all over the ball straight out of the box.,,False,0
5442709802,,https://www.walmart.com/ip/Athletic-Works-Size-5-Soccer-Ball-Blue/5442709802?classType=VARIANT&from=/search,Anonymous,,neutral,0.8974,0.5,neutral,roberta,,"These four were actually in packaging, so that's why I read the product this way",,False,0
5442709802,,https://www.walmart.com/ip/Athletic-Works-Size-5-Soccer-Ball-Blue/5442709802?classType=VARIANT&from=/search,Anonymous,,neutral,0.7092,0.5,neutral,roberta,,"Soccer ball held air for a practice or two. When I pump it back up, it's flat in less than 20 minutes.",,False,0
5442709802,,https://www.walmart.com/ip/Athletic-Works-Size-5-Soccer-Ball-Blue/5442709802?classType=VARIANT&from=/search,Anonymous,,neutral,0.6861,0.5,neutral,roberta,,A different color was substituted for the color I ordered,,False,0
5442709802,,https://www.walmart.com/ip/Athletic-Works-Size-5-Soccer-Ball-Blue/5442709802?classType=VARIANT&from=/search,Anonymous,,neutral,0.7999,0.5,neutral,roberta,,Item was delivered the same day. Didn't know Walmart did that.,,False,0
5442709802,,https://www.walmart.com/ip/Athletic-Works-Size-5-Soccer-Ball-Blue/5442709802?classType=VARIANT&from=/search,Anonymous,,neutral,0.7423,0.5,neutral,roberta,,After one practice the threading started to come undone.,,False,0
655904944,,https://www.walmart.com/ip/Light-up-Spikey-Ball-Way-to-Celebrate-Party-Favors-Multi-Color-Plastic-Novelty-Everyday/655904944?classType=VARIANT&from=/search,Anonymous,,neutral,0.5461,0.5,neutral,roberta,,"The ball is fine if you get a working one. Only one of the balls I prdered worked. I don't think the seam where the light was insertered will hold up very well, but for the price, it's not bad.",,False,0
655904944,,https://www.walmart.com/ip/Light-up-Spikey-Ball-Way-to-Celebrate-Party-Favors-Multi-Color-Plastic-Novelty-Everyday/655904944?classType=VARIANT&from=/search,Anonymous,,neutral,0.5793,0.5,neutral,roberta,,"The balls are much smaller than expected, I didn't see a size, but the picture made them look larger.",,False,0
655904944,,https://www.walmart.com/ip/Light-up-Spikey-Ball-Way-to-Celebrate-Party-Favors-Multi-Color-Plastic-Novelty-Everyday/655904944?classType=VARIANT&from=/search,Anonymous,,neutral,0.5887,0.5,neutral,roberta,,"Cat likes to chase it around, doesn't easily get misplaced like the smaller rubber balls do",,False,0
10054951926,,https://www.walmart.com/ip/Franklin-Sports-8-5-Red-Playground-Ball-Kickball/10054951926?classType=VARIANT&from=/search,Anonymous,,neutral,0.5833,0.5,neutral,roberta,,It's for my gramdson and this ball is exactly what he described to me.,,False,0
10054951926,,https://www.walmart.com/ip/Franklin-Sports-8-5-Red-Playground-Ball-Kickball/10054951926?classType=VARIANT&from=/search,Anonymous,,neutral,0.5785,0.5,neutral,roberta,,I felt the Franklin balls would have been a bit thicker for playground use. Also they were fully inflated and I was expecting them to be deflated,,False,0
10054951926,,https://www.walmart.com/ip/Franklin-Sports-8-5-Red-Playground-Ball-Kickball/10054951926?classType=VARIANT&from=/search,Anonymous,,neutral,0.584,0.5,neutral,roberta,Popped after 20 kicks,I kicked the ball about 20-25 times and my Swiss Shepherd would retrieve it. silar balls only last between one and five kicks. So I figure each kick cost about .20-.25 cents. Not the end of the world. I hope the expensive ball I bought will last much longer.,,False,0
10054951926,,https://www.walmart.com/ip/Franklin-Sports-8-5-Red-Playground-Ball-Kickball/10054951926?classType=VARIANT&from=/search,Anonymous,,neutral,0.5368,0.5,neutral,roberta,ok with my order,"my order was fulfilled on time only one item was not available but that was fine, the only question I have is why does Walmart not deliver to the West End of Oakhurst homes in Johnstown pa, when aldis does",,False,0
10054951926,,https://www.walmart.com/ip/Franklin-Sports-8-5-Red-Playground-Ball-Kickball/10054951926?classType=VARIANT&from=/search,Anonymous,,neutral,0.636,0.5,neutral,roberta,Make Sure You Have An Air Pump For This Ball!!!,Ball was delivered not fully inflated.,,False,0
10054951926,,https://www.walmart.com/ip/Franklin-Sports-8-5-Red-Playground-Ball-Kickball/10054951926?classType=VARIANT&from=/search,Anonymous,,neutral,0.4895,0.5,neutral,roberta,Torn up,"I think this would work well with a kid and not my Gunner. Gunner, my German Shepherd had this torn up in less then a minute",,False,0
10054951926,,https://www.walmart.com/ip/Franklin-Sports-8-5-Red-Playground-Ball-Kickball/10054951926?classType=VARIANT&from=/search,Anonymous,,neutral,0.4012,0.5,neutral,roberta,Need to return it,Great ball but it's too large for my project,,False,0
10054951926,,https://www.walmart.com/ip/Franklin-Sports-8-5-Red-Playground-Ball-Kickball/10054951926?classType=VARIANT&from=/search,Anonymous,,neutral,0.7233,0.5,neutral,roberta,Lasted a few days,Son played with it a few days and it already warped,,False,0
10054951926,,https://www.walmart.com/ip/Franklin-Sports-8-5-Red-Playground-Ball-Kickball/10054951926?classType=VARIANT&from=/search,Anonymous,,neutral,0.6294,0.5,neutral,roberta,Random colors given not necessarily red.,did not receive the color shown,,False,0
10054951926,,https://www.walmart.com/ip/Franklin-Sports-8-5-Red-Playground-Ball-Kickball/10054951926?classType=VARIANT&from=/search,Anonymous,,neutral,0.5119,0.5,neutral,roberta,Worth trying for $5,"My son received this ball for his birthday. During the first time using it outside, a hole was punctured in it… However, that occurred when he accidentally kicked it into a sharp piece of wood….So I bought one more to replace it. It feels like a sturdy ball for $5 as long as it's kept away from sharp objects.",,False,0
10054951926,,https://www.walmart.com/ip/Franklin-Sports-8-5-Red-Playground-Ball-Kickball/10054951926?classType=VARIANT&from=/search,Anonymous,,neutral,0.4801,0.5,neutral,roberta,Yes %26 No,"I'm a senior who uses this ball to do my physical therapy. Its great for exercise and so far, holds the air in. But, the ball has a strong smell, that I'm sure is not good for my lungs.",,False,0
10054951926,,https://www.walmart.com/ip/Franklin-Sports-8-5-Red-Playground-Ball-Kickball/10054951926?classType=VARIANT&from=/search,Anonymous,,neutral,0.5806,0.5,neutral,roberta,Don't Buy,I bought 2 balls in September for my 5th graders and the balls are already flat. I pump them up and they're flat within the day.,,False,0
2205436996,,https://www.walmart.com/ip/Homchy-20-50-100PCS-Kids-5-7cm-Pit-Balls-Baby-Toys-Ocean-Balls-For-Play-Pool-Fun-Colorful-Soft-Plastic-Ocean-Ball/2205436996?classType=VARIANT&from=/search,Anonymous,,neutral,0.5055,0.5,neutral,roberta,Durable.,"These are the toughest ball pit balls available. Two additional types have to be returned. Since they are soft, they won't dent. Strongly advised!",,False,0
5113175900,,https://www.walmart.com/ip/Nerf-Dog-Compact-Blaster-12-inch-Tennis-Ball-Launcher-for-Dogs/5113175900?adsRedirect=true,Anonymous,,neutral,0.5527,0.5,neutral,roberta,NERF Gun for Dogs 20 inch,Our last Nerf Gun for Dogs 16 inch broke but I believe it was because the wife was putting more than one tennis ball in the chamber and it wasn't designed for that but the new Nerf Gun for dogs 20 inch states it is tennis ball friendly. Even with the over use the older 16 inch lasted a long time. I will have to see how long this new one lasts but our dogs love it.,,False,0
5113175900,,https://www.walmart.com/ip/Nerf-Dog-Compact-Blaster-12-inch-Tennis-Ball-Launcher-for-Dogs/5113175900?adsRedirect=true,Anonymous,,neutral,0.3796,0.5,neutral,roberta,"Small Tennis balls,possible choaking hazard","I'm sure its great however, it doesn't use standard tennis balls. The small balls are a choking hazard for a medium sized dog.",,False,0
5113175900,,https://www.walmart.com/ip/Nerf-Dog-Compact-Blaster-12-inch-Tennis-Ball-Launcher-for-Dogs/5113175900?adsRedirect=true,Anonymous,,neutral,0.5028,0.5,neutral,roberta,,Item quite difficult to pull back in order to shoot it doesn't shoot as far as 50 ft,,False,0
5113175900,,https://www.walmart.com/ip/Nerf-Dog-Compact-Blaster-12-inch-Tennis-Ball-Launcher-for-Dogs/5113175900?adsRedirect=true,Anonymous,,neutral,0.5163,0.5,neutral,roberta,my 2nd one,"this is my 2nd one. my dog just lives this toy, so i do too. only problem i have is the trigger quit working on my first one. i have onlybhad this one 2 weeks and the trigger is already giving me problems",,False,0
5113175900,,https://www.walmart.com/ip/Nerf-Dog-Compact-Blaster-12-inch-Tennis-Ball-Launcher-for-Dogs/5113175900?adsRedirect=true,Anonymous,,neutral,0.505,0.5,neutral,roberta,,"Just beware it makes a loud noise, “Pop” a little loud so if your dogs are skittish, then this might not be the toy for them. It shoots good, not a super long distance. You do have to pull the lever back and reload each time. It worked as advertised. So that's why I rated higher. Just too loud for my dogs who don't hand the loud “POP” each time.",,False,0
5113175900,,https://www.walmart.com/ip/Nerf-Dog-Compact-Blaster-12-inch-Tennis-Ball-Launcher-for-Dogs/5113175900?adsRedirect=true,Anonymous,,neutral,0.4644,0.5,neutral,roberta,High hopes,"Don't get your hopes too high . Good for kids , elderly and maybe if had an arm injury and couldn't throw",,False,0
5113175900,,https://www.walmart.com/ip/Nerf-Dog-Compact-Blaster-12-inch-Tennis-Ball-Launcher-for-Dogs/5113175900?adsRedirect=true,Anonymous,,neutral,0.4547,0.5,neutral,roberta,,Not bad 1st one only lasted a month the second one is still going. The bands inside snap after a lot of use.,,False,0
5113175900,,https://www.walmart.com/ip/Nerf-Dog-Compact-Blaster-12-inch-Tennis-Ball-Launcher-for-Dogs/5113175900?adsRedirect=true,Anonymous,,neutral,0.5099,0.5,neutral,roberta,,My dog will play ball all day. Takes off running when he sees me bring this outside.,,False,0
5113175900,,https://www.walmart.com/ip/Nerf-Dog-Compact-Blaster-12-inch-Tennis-Ball-Launcher-for-Dogs/5113175900?adsRedirect=true,Anonymous,,neutral,0.6652,0.5,neutral,roberta,Cheap and breaks after few months,Breaks after 2-3 months. (On my 4th this year),,False,0
5113175900,,https://www.walmart.com/ip/Nerf-Dog-Compact-Blaster-12-inch-Tennis-Ball-Launcher-for-Dogs/5113175900?adsRedirect=true,Anonymous,,neutral,0.4953,0.5,neutral,roberta,Too Loud,"[This review was collected as part of a promotion.] I give this dog toy two stars. I would say it's zero as a dog toy, but you can still use it to play with and shoot, so I give it two stars. My family has two dogs. One is a large golden doodle, and the other is a small French bulldog. The toy is so loud that it scared the golden doodle. She ran away. The French bulldog just kept barking at the toy. If Nerf can make the sound when you pull it back and then shoot it quieter, I think dogs wouldn't be so scared of it. ￼￼",,False,0
923371511,,https://www.walmart.com/ip/Nerf-Dog-2-5-inch-Squeak-Tennis-Ball-Dog-Toy-3-Pack/923371511?adsRedirect=true,Anonymous,,neutral,0.594,0.5,neutral,roberta,,I was expecting these to be the ones that are the size of golf balls but these are actually the size of real tennis balls so if you are looking for that size this is the one to get,,False,0
923371511,,https://www.walmart.com/ip/Nerf-Dog-2-5-inch-Squeak-Tennis-Ball-Dog-Toy-3-Pack/923371511?adsRedirect=true,Anonymous,,neutral,0.4059,0.5,neutral,roberta,Easy chew,"My dog is a Bicheon puddle mix. These tennis balls are good. However, they were a bit to big for Tobys jaw. The felt or fuzzy cover is easily chewed off. Then he eats it. Not very digestible",,False,0
923371511,,https://www.walmart.com/ip/Nerf-Dog-2-5-inch-Squeak-Tennis-Ball-Dog-Toy-3-Pack/923371511?adsRedirect=true,Anonymous,,neutral,0.5123,0.5,neutral,roberta,I expected a bigger bounce.,"These will do the job if you just want to toss a ball but if you leave your dog with the ball they can (and mine did) chew the fuzzy outer layer right off. Also, because if the squeaker (I am guessing) they don't bounce high at all but it works for my little pup.",,False,0
923371511,,https://www.walmart.com/ip/Nerf-Dog-2-5-inch-Squeak-Tennis-Ball-Dog-Toy-3-Pack/923371511?adsRedirect=true,Anonymous,,neutral,0.4859,0.5,neutral,roberta,,They are nice toys but if you have a powerful dog like large german shepherd. they wont last long,,False,0
923371511,,https://www.walmart.com/ip/Nerf-Dog-2-5-inch-Squeak-Tennis-Ball-Dog-Toy-3-Pack/923371511?adsRedirect=true,Anonymous,,neutral,0.5554,0.5,neutral,roberta,Too big for small dog,Not for small dog. Too big to squeeze for squeaky noise,,False,0
923371511,,https://www.walmart.com/ip/Nerf-Dog-2-5-inch-Squeak-Tennis-Ball-Dog-Toy-3-Pack/923371511?adsRedirect=true,Anonymous,,neutral,0.4542,0.5,neutral,roberta,Not Doberman friendly or dog chew friendly,My Doberman breaks these open within an hour of playing with them. They are worth it however for my dog.,,False,0
923371511,,https://www.walmart.com/ip/Nerf-Dog-2-5-inch-Squeak-Tennis-Ball-Dog-Toy-3-Pack/923371511?adsRedirect=true,Anonymous,,neutral,0.6302,0.5,neutral,roberta,,Not as tough as regular tennis ball. My dog busted 2 into after 2 days.,,False,0
923371511,,https://www.walmart.com/ip/Nerf-Dog-2-5-inch-Squeak-Tennis-Ball-Dog-Toy-3-Pack/923371511?adsRedirect=true,Anonymous,,neutral,0.4229,0.5,neutral,roberta,nerf balls,balls dont hold up under ouppy teeth dryer balls worked almost as well. tennis balls work even better. sorry.,,False,0
923371511,,https://www.walmart.com/ip/Nerf-Dog-2-5-inch-Squeak-Tennis-Ball-Dog-Toy-3-Pack/923371511?adsRedirect=true,Anonymous,,neutral,0.7396,0.5,neutral,roberta,Dogs can chew off fuzz off of surface of balls,CON: EZ for dogs to chew off fuzz from surface of these tennis balls.,,False,0
923371511,,https://www.walmart.com/ip/Nerf-Dog-2-5-inch-Squeak-Tennis-Ball-Dog-Toy-3-Pack/923371511?adsRedirect=true,Anonymous,,neutral,0.5316,0.5,neutral,roberta,nerf dog squeaky ball,didn't last 5 min with my 20lb Terrier,,False,0
923371511,,https://www.walmart.com/ip/Nerf-Dog-2-5-inch-Squeak-Tennis-Ball-Dog-Toy-3-Pack/923371511?adsRedirect=true,Anonymous,,neutral,0.4879,0.5,neutral,roberta,Meah…,Two of them didn't squeak and the third one lasted thirty minutes.,,False,0
923371511,,https://www.walmart.com/ip/Nerf-Dog-2-5-inch-Squeak-Tennis-Ball-Dog-Toy-3-Pack/923371511?adsRedirect=true,Anonymous,,neutral,0.4764,0.5,neutral,roberta,,my dog dont call them nerf balls she say worf balls other than the name being wrong good item,,False,0
923371511,,https://www.walmart.com/ip/Nerf-Dog-2-5-inch-Squeak-Tennis-Ball-Dog-Toy-3-Pack/923371511?adsRedirect=true,Anonymous,,neutral,0.5325,0.5,neutral,roberta,Aussie approved,Ball gets real dirty quickly. Cleans up easily. Squeeker works well even after hard use.,,False,0
923371511,,https://www.walmart.com/ip/Nerf-Dog-2-5-inch-Squeak-Tennis-Ball-Dog-Toy-3-Pack/923371511?adsRedirect=true,Anonymous,,neutral,0.7628,0.5,neutral,roberta,outer layer came off quickly,my medium size dog took coverings off balls very quickly,,False,0
30100250,,https://www.walmart.com/ip/Voit-6-Playground-Ball/30100250?classType=VARIANT&from=/search,Anonymous,,neutral,0.6412,0.5,neutral,roberta,Needs Air,"The ball is fine. It is shipped deflated though. Be sure you have a needle and an air pump handy if you actually want to use it. If it's a gift, plan in advance to inflate. Other than that, the ball is round and bounces, so yes, it's a ball.",,False,0
30100250,,https://www.walmart.com/ip/Voit-6-Playground-Ball/30100250?classType=VARIANT&from=/search,Anonymous,,neutral,0.7301,0.5,neutral,roberta,Voit Ball,Make sure you have an air pump...ball does not come inflated.,,False,0
30100250,,https://www.walmart.com/ip/Voit-6-Playground-Ball/30100250?classType=VARIANT&from=/search,Anonymous,,neutral,0.669,0.5,neutral,roberta,,How should i pump it up since i dont own a pump? Should include this in the description . We needed this .,,False,0
30100250,,https://www.walmart.com/ip/Voit-6-Playground-Ball/30100250?classType=VARIANT&from=/search,Anonymous,,neutral,0.4334,0.5,neutral,roberta,good price was,Received it on time and for a good price the only problem what you have to by a pump to pump it up .That is not what I expected.And not stated in the online post about the product.,,False,0
30100250,,https://www.walmart.com/ip/Voit-6-Playground-Ball/30100250?classType=VARIANT&from=/search,Anonymous,,neutral,0.6899,0.5,neutral,roberta,,This does not come inflated. Had to buy a pump to pump it up.,,False,0
13587870571,,https://www.walmart.com/ip/Mainstays-Executive-Home-Office-Chair-Ergonomic-High-Back-Cushion-Lumbar-Back-Support-Computer-Desk-Chair-Leather-Chair-with-Arms-Black/13587870571?classType=VARIANT&athbdg=L1600&adsRedirect=true,Anonymous,,neutral,0.483,0.5,neutral,roberta,,The material is not durable. The chair is sturdy and comfortable. Directions for assembly very clear.,,False,0
15223003561,,https://www.walmart.com/ip/CONCETTA-Ergonomic-Home-Office-Mesh-Desk-Chair-Small-Space-Armless-Rolling-Chair-for-Adults-Blue/15223003561?classType=VARIANT&from=/search,Anonymous,,neutral,0.8183,0.5,neutral,roberta,Return,it was never dismantled. It's a return because the college provided chairs.,,False,0
15223003561,,https://www.walmart.com/ip/CONCETTA-Ergonomic-Home-Office-Mesh-Desk-Chair-Small-Space-Armless-Rolling-Chair-for-Adults-Blue/15223003561?classType=VARIANT&from=/search,Anonymous,,neutral,0.6431,0.5,neutral,roberta,office chair,it rolls fast. no arms to push against,,False,0
3652302320,,https://www.walmart.com/ip/Coolhut-Executive-Office-Chair-Big-Tall-Office-Chair-Foot-Rest-Reclining-Leather-Chair-High-Back-Lumbar-Support-Ergonomic-Office-Chair-Padded-Armrest/3652302320?classType=VARIANT&adsRedirect=true,Anonymous,,neutral,0.567,0.5,neutral,roberta,Replaced an aging relic,Easier than i thought to assemble.,,False,0
3652302320,,https://www.walmart.com/ip/Coolhut-Executive-Office-Chair-Big-Tall-Office-Chair-Foot-Rest-Reclining-Leather-Chair-High-Back-Lumbar-Support-Ergonomic-Office-Chair-Padded-Armrest/3652302320?classType=VARIANT&adsRedirect=true,Anonymous,,neutral,0.5575,0.5,neutral,roberta,,"Comfortable and fits my desk neatly, However the foot rest is too short. When extended. it only rest on my calf.",,False,0
3652302320,,https://www.walmart.com/ip/Coolhut-Executive-Office-Chair-Big-Tall-Office-Chair-Foot-Rest-Reclining-Leather-Chair-High-Back-Lumbar-Support-Ergonomic-Office-Chair-Padded-Armrest/3652302320?classType=VARIANT&adsRedirect=true,Anonymous,,neutral,0.8237,0.5,neutral,roberta,New Chair,l gave it to someone who weighs less yhan 100 pounds.,,False,0
16577507190,,https://www.walmart.com/ip/JONPONY-Ergonomic-Office-Chair-Lumbar-Support-Adjustable-Height-with-Armrests-for-Adults-Black/16577507190?classType=VARIANT&adsRedirect=true,Anonymous,,neutral,0.6968,0.5,neutral,roberta,Will purchase again,"Simple assembly even with poor instructions. The only tool needed was supplied with parts. I will assemble arms to back before attaching to seat. There is probably a video, but I did not search for one. I am going to order three more for the kitchen table.",,False,0
16577507190,,https://www.walmart.com/ip/JONPONY-Ergonomic-Office-Chair-Lumbar-Support-Adjustable-Height-with-Armrests-for-Adults-Black/16577507190?classType=VARIANT&adsRedirect=true,Anonymous,,neutral,0.4302,0.5,neutral,roberta,NOT FOT BIG AND TALL,"It is not for a big and tall person My husband is 6'4"" and 290lbs and he barely fits in between arms of the chairs and it feels rickety to him but I am 115lbs and it is great for me.",,False,0
16577507190,,https://www.walmart.com/ip/JONPONY-Ergonomic-Office-Chair-Lumbar-Support-Adjustable-Height-with-Armrests-for-Adults-Black/16577507190?classType=VARIANT&adsRedirect=true,Anonymous,,neutral,0.5048,0.5,neutral,roberta,,smaller then i thought its definitely not for big and tall my grandson is not so tall and not big hes about 5'10 and 180 to 190 lb and he looks so big in the chair .,,False,0
16577507190,,https://www.walmart.com/ip/JONPONY-Ergonomic-Office-Chair-Lumbar-Support-Adjustable-Height-with-Armrests-for-Adults-Black/16577507190?classType=VARIANT&adsRedirect=true,Anonymous,,neutral,0.6894,0.5,neutral,roberta,,I thought for it being a big and tall chair it would've been bigger but it is a bit small. My son is 5ft 10 and 230 pounds and it looks kind of small for him.,,False,0
16577507190,,https://www.walmart.com/ip/JONPONY-Ergonomic-Office-Chair-Lumbar-Support-Adjustable-Height-with-Armrests-for-Adults-Black/16577507190?classType=VARIANT&adsRedirect=true,Anonymous,,neutral,0.4811,0.5,neutral,roberta,,"It's listed as Big and Tall, so you would think it would be large enough for a big person, but the seat was too narrow. NOT BIG and TALL at all. otherwise it's a very nice desk chair.",,False,0
16577507190,,https://www.walmart.com/ip/JONPONY-Ergonomic-Office-Chair-Lumbar-Support-Adjustable-Height-with-Armrests-for-Adults-Black/16577507190?classType=VARIANT&adsRedirect=true,Anonymous,,neutral,0.4803,0.5,neutral,roberta,,The back support won't stay up and is laying down after we built it and we've built many chairs before so we followed the instructions correctly. I tried to contact the seller to exchange the chair but due to my email not being able to receive anymore emails and they won't answer me through a different email so I give up,,False,0
16577507190,,https://www.walmart.com/ip/JONPONY-Ergonomic-Office-Chair-Lumbar-Support-Adjustable-Height-with-Armrests-for-Adults-Black/16577507190?classType=VARIANT&adsRedirect=true,Anonymous,,neutral,0.5337,0.5,neutral,roberta,Not as it appears,"Don't buy online, test in-store FIRST!",,False,0
16577507190,,https://www.walmart.com/ip/JONPONY-Ergonomic-Office-Chair-Lumbar-Support-Adjustable-Height-with-Armrests-for-Adults-Black/16577507190?classType=VARIANT&adsRedirect=true,Anonymous,,neutral,0.7344,0.5,neutral,roberta,,To small to be listed as big and tall Wheel base to small,,False,0
16577507190,,https://www.walmart.com/ip/JONPONY-Ergonomic-Office-Chair-Lumbar-Support-Adjustable-Height-with-Armrests-for-Adults-Black/16577507190?classType=VARIANT&adsRedirect=true,Anonymous,,neutral,0.49,0.5,neutral,roberta,,The chair does not look like pictures. The size of the chair is smaller than stated.,,False,0
16577507190,,https://www.walmart.com/ip/JONPONY-Ergonomic-Office-Chair-Lumbar-Support-Adjustable-Height-with-Armrests-for-Adults-Black/16577507190?classType=VARIANT&adsRedirect=true,Anonymous,,neutral,0.6498,0.5,neutral,roberta,deceptive picture neck rest is in middle of back,photo appears at the chair is a tall but it's not it's a mid-back and the center cushion makes the chair uncomfortable,,False,0
16577507190,,https://www.walmart.com/ip/JONPONY-Ergonomic-Office-Chair-Lumbar-Support-Adjustable-Height-with-Armrests-for-Adults-Black/16577507190?classType=VARIANT&adsRedirect=true,Anonymous,,neutral,0.568,0.5,neutral,roberta,This is a sturdy chair BUTT,"I meant BUTT. This is a chair for tall people not fat people. The seat is not very wide or big and, at it's lowest setting, my feet barley rest on the floor. I am 6' tall, by the way.",,False,0
16577507190,,https://www.walmart.com/ip/JONPONY-Ergonomic-Office-Chair-Lumbar-Support-Adjustable-Height-with-Armrests-for-Adults-Black/16577507190?classType=VARIANT&adsRedirect=true,Anonymous,,neutral,0.6623,0.5,neutral,roberta,,"for a 400lb chair, it could've been wider in the seats",,False,0
16577507190,,https://www.walmart.com/ip/JONPONY-Ergonomic-Office-Chair-Lumbar-Support-Adjustable-Height-with-Armrests-for-Adults-Black/16577507190?classType=VARIANT&adsRedirect=true,Anonymous,,neutral,0.4097,0.5,neutral,roberta,FOR TALL BUT NOT BIG,"PROS: EASY TO PUT TOGETHER, CAME WITH EXTRA HARDWARE(JUST IN CASE), NICE TEE HANDLE WRENCH, SEEMS WELL MADE, VERY STURDY, CONS: THE HEIGHT WILL NOT GO LOW ENOUGH FOR ME, THE WIDTH IS NOT QUITE ENOUGH FOT A BIG MAN. IT SEEMS THAT IT WHOULD HAVE NO PROBLEM WITH A 500 LB TALL MAN JUST NOT A BIG MAN",,False,0
16577507190,,https://www.walmart.com/ip/JONPONY-Ergonomic-Office-Chair-Lumbar-Support-Adjustable-Height-with-Armrests-for-Adults-Black/16577507190?classType=VARIANT&adsRedirect=true,Anonymous,,neutral,0.5564,0.5,neutral,roberta,Best for big person.,"You need 2 persons assemble. Back is difficult to assemble. You may have to improvise, I used 3 paint sticks. It is worth it when assembled. This is not a cheap plastic chair.",,False,0
627233886,,https://www.walmart.com/ip/Yaheetech-Upholstered-Club-Chair-Accent-Barrel-Chair-Ivory/627233886?classType=VARIANT&athbdg=L1900&from=/search,Anonymous,,neutral,0.5286,0.5,neutral,roberta,,I cannot get the legs level with each other so it rocks when you sit in it. They are comfortable for about an hour but after that you want something with a higher back. But they make a cute small conversation area when placed together.,,False,0
627233886,,https://www.walmart.com/ip/Yaheetech-Upholstered-Club-Chair-Accent-Barrel-Chair-Ivory/627233886?classType=VARIANT&athbdg=L1900&from=/search,Anonymous,,neutral,0.7163,0.5,neutral,roberta,firm,"A bit firm, but that's what was needed in my case, which was a teacher chair for storytelling. Might not be a cozy place to unwind.",,False,0
627233886,,https://www.walmart.com/ip/Yaheetech-Upholstered-Club-Chair-Accent-Barrel-Chair-Ivory/627233886?classType=VARIANT&athbdg=L1900&from=/search,Anonymous,,neutral,0.6938,0.5,neutral,roberta,Rock Chair,"It's like sitting on a rock. More of a decoration piece. Barely any back support either, looks way bigger in the photos.",,False,0
627233886,,https://www.walmart.com/ip/Yaheetech-Upholstered-Club-Chair-Accent-Barrel-Chair-Ivory/627233886?classType=VARIANT&athbdg=L1900&from=/search,Anonymous,,neutral,0.8016,0.5,neutral,roberta,Description ambiguity,The description says ‘count 2' quantity 1 This gives an indication that the quantity is a set We only received one chair. Keep in mind if you are looking for 2 chairs,,False,0
627233886,,https://www.walmart.com/ip/Yaheetech-Upholstered-Club-Chair-Accent-Barrel-Chair-Ivory/627233886?classType=VARIANT&athbdg=L1900&from=/search,Anonymous,,neutral,0.7299,0.5,neutral,roberta,Size matters,Chair is a very small almost like a youth chair,,False,0
627233886,,https://www.walmart.com/ip/Yaheetech-Upholstered-Club-Chair-Accent-Barrel-Chair-Ivory/627233886?classType=VARIANT&athbdg=L1900&from=/search,Anonymous,,neutral,0.6032,0.5,neutral,roberta,Small and light chairs,The am hairs are okay but rather small and lightweight. They weren't substantial enough for my living room. I am trying to return them.,,False,0
1365766722,,https://www.walmart.com/ip/Waleaf-Armless-Office-Desk-Chair-No-Wheels-Fabric-Padded-Criss-Cross-Legged-Office-Chair-Swivel-Vanity-Chair/1365766722?classType=VARIANT&from=/search,Anonymous,,neutral,0.4445,0.5,neutral,roberta,My new desk chair,"The chair had a few stains when I was unpacking it under the wrapper. I don't know what happened with it in storage with plastic and it took a little time to put it together, but that was OK. I love the style and it wasn't worth me returning it to get a new one, so I'll just try to work on the stain.",,False,0
1365766722,,https://www.walmart.com/ip/Waleaf-Armless-Office-Desk-Chair-No-Wheels-Fabric-Padded-Criss-Cross-Legged-Office-Chair-Swivel-Vanity-Chair/1365766722?classType=VARIANT&from=/search,Anonymous,,neutral,0.5256,0.5,neutral,roberta,,The seat is large and comfortable but think twice if you like to move around with your chair a lot since it has no wheels.,,False,0
1365766722,,https://www.walmart.com/ip/Waleaf-Armless-Office-Desk-Chair-No-Wheels-Fabric-Padded-Criss-Cross-Legged-Office-Chair-Swivel-Vanity-Chair/1365766722?classType=VARIANT&from=/search,Anonymous,,neutral,0.7682,0.5,neutral,roberta,,It was fairly easy to assemble however the color was not what was advertised. The pictures displayed a light blue but in reality the chair was more of a dark denim color,,False,0
1365766722,,https://www.walmart.com/ip/Waleaf-Armless-Office-Desk-Chair-No-Wheels-Fabric-Padded-Criss-Cross-Legged-Office-Chair-Swivel-Vanity-Chair/1365766722?classType=VARIANT&from=/search,Anonymous,,neutral,0.4245,0.5,neutral,roberta,Broke after 6 months,"As an office chair, I used this pretty regularly. Don't get me wrong, the chair is really great as it is advertised; however, any time you move at all in it, it would squeak. I dealt with it because the chair was comfortable and I sit with my legs crossed anyway. I won't purchase another. I bought this when it was just over $100, and it lasted 6months. I have had cheaper chairs that lasted longer.",,False,0
1365766722,,https://www.walmart.com/ip/Waleaf-Armless-Office-Desk-Chair-No-Wheels-Fabric-Padded-Criss-Cross-Legged-Office-Chair-Swivel-Vanity-Chair/1365766722?classType=VARIANT&from=/search,Anonymous,,neutral,0.6674,0.5,neutral,roberta,,Comfortable. Can't lean fully back tho or else the chair tips backwards,,False,0
13249472446,,https://www.walmart.com/ip/Minnie-Mouse-Cozee-Buddy-Chair-by-Delta-Children-Pink/13249472446?classType=VARIANT&athbdg=L1600,Anonymous,,neutral,0.4556,0.5,neutral,roberta,,The seating portion is too small. The backrest is too large. My grandchild struggled to adjust to a comfortable position. She did like it.,,False,0
13249472446,,https://www.walmart.com/ip/Minnie-Mouse-Cozee-Buddy-Chair-by-Delta-Children-Pink/13249472446?classType=VARIANT&athbdg=L1600,Anonymous,,neutral,0.4578,0.5,neutral,roberta,Solidly okay.,"Not a bad little chair, but on the small side. Didn't seem to look good as long as some others.",,False,0
13249472446,,https://www.walmart.com/ip/Minnie-Mouse-Cozee-Buddy-Chair-by-Delta-Children-Pink/13249472446?classType=VARIANT&athbdg=L1600,Anonymous,,neutral,0.7547,0.5,neutral,roberta,Kids Chair,I expected it to be a little bigger than it was,,False,0
13487702915,,https://www.walmart.com/ip/X-Rocker-Navigator-Floor-Rocker-Gaming-Chair-with-RGB-Lighting-and-2-0-Audio-Black/13487702915?classType=VARIANT&adsRedirect=true,Anonymous,,neutral,0.5593,0.5,neutral,roberta,Neat chair,Vague instructions read like the chair needs to be plugged in to stay lit up. Hopefully that's not the case.,,False,0
13487702915,,https://www.walmart.com/ip/X-Rocker-Navigator-Floor-Rocker-Gaming-Chair-with-RGB-Lighting-and-2-0-Audio-Black/13487702915?classType=VARIANT&adsRedirect=true,Anonymous,,neutral,0.6457,0.5,neutral,roberta,sound issues,when chair is hooked to controler the sound goes in and out. it sound good when the sound stay on for about thirty seconds,,False,0
13487702915,,https://www.walmart.com/ip/X-Rocker-Navigator-Floor-Rocker-Gaming-Chair-with-RGB-Lighting-and-2-0-Audio-Black/13487702915?classType=VARIANT&adsRedirect=true,Anonymous,,neutral,0.6539,0.5,neutral,roberta,Tips backwards,Love the chair but it has to be leaning against the wall or it tip backwards and u have to get up to sit in it again,,False,0
13487702915,,https://www.walmart.com/ip/X-Rocker-Navigator-Floor-Rocker-Gaming-Chair-with-RGB-Lighting-and-2-0-Audio-Black/13487702915?classType=VARIANT&adsRedirect=true,Anonymous,,neutral,0.4409,0.5,neutral,roberta,It's nice as far as looks but the 5v 2A cable connection sparked when I plugged it in,I went to plug it in and it started smoking and sparks flew out,,False,0
13487702915,,https://www.walmart.com/ip/X-Rocker-Navigator-Floor-Rocker-Gaming-Chair-with-RGB-Lighting-and-2-0-Audio-Black/13487702915?classType=VARIANT&adsRedirect=true,Anonymous,,neutral,0.5902,0.5,neutral,roberta,Missing pieces,it is ok to sit in... but plugs for lights are not in box when bought.,,False,0
13487702915,,https://www.walmart.com/ip/X-Rocker-Navigator-Floor-Rocker-Gaming-Chair-with-RGB-Lighting-and-2-0-Audio-Black/13487702915?classType=VARIANT&adsRedirect=true,Anonymous,,neutral,0.5893,0.5,neutral,roberta,Christmas Gift,Folding motion floor rocker chair with audio with lights...,,False,0
13487702915,,https://www.walmart.com/ip/X-Rocker-Navigator-Floor-Rocker-Gaming-Chair-with-RGB-Lighting-and-2-0-Audio-Black/13487702915?classType=VARIANT&adsRedirect=true,Anonymous,,neutral,0.5512,0.5,neutral,roberta,QR code doesn't work,Chair seems to be fine . QR code to register clothes rocker doesn't work,,False,0
5310933899,,https://www.walmart.com/ip/Spidey-and-His-Amazing-Friends-Cozee-Buddy-Flip-Out-Chair-by-Delta-Children-Blue/5310933899?classType=VARIANT,Anonymous,,neutral,0.4958,0.5,neutral,roberta,Not as expected,Did not realize it would come vacuumed sealed. So we let it sit for 72 hours and it didn't really come to life like we had hoped. Still works and is functional.,,False,0
5310933899,,https://www.walmart.com/ip/Spidey-and-His-Amazing-Friends-Cozee-Buddy-Flip-Out-Chair-by-Delta-Children-Blue/5310933899?classType=VARIANT,Anonymous,,neutral,0.5443,0.5,neutral,roberta,Its ok,I thought it was going to be bigger for the prize of 39$. It also came compressed in a box half its size and when un packing it came out al wrinkle… which I think for the small size could. Have fit in a bigger box and would off been ok,,False,0
5310933899,,https://www.walmart.com/ip/Spidey-and-His-Amazing-Friends-Cozee-Buddy-Flip-Out-Chair-by-Delta-Children-Blue/5310933899?classType=VARIANT,Anonymous,,neutral,0.4485,0.5,neutral,roberta,,Because every thing was exactly how I expected it to be and one package even came earlier then expected,,False,0
5310933899,,https://www.walmart.com/ip/Spidey-and-His-Amazing-Friends-Cozee-Buddy-Flip-Out-Chair-by-Delta-Children-Blue/5310933899?classType=VARIANT,Anonymous,,neutral,0.5979,0.5,neutral,roberta,,not very big for amount it costs would have just bought a regular foam couch,,False,0
5310933899,,https://www.walmart.com/ip/Spidey-and-His-Amazing-Friends-Cozee-Buddy-Flip-Out-Chair-by-Delta-Children-Blue/5310933899?classType=VARIANT,Anonymous,,neutral,0.6042,0.5,neutral,roberta,Smaller than expected,It's smaller than I expected.,,False,0
5310933899,,https://www.walmart.com/ip/Spidey-and-His-Amazing-Friends-Cozee-Buddy-Flip-Out-Chair-by-Delta-Children-Blue/5310933899?classType=VARIANT,Anonymous,,neutral,0.5559,0.5,neutral,roberta,,i honestly thought it would be a little bit bigger but other than that not to bad,,False,0
5310933899,,https://www.walmart.com/ip/Spidey-and-His-Amazing-Friends-Cozee-Buddy-Flip-Out-Chair-by-Delta-Children-Blue/5310933899?classType=VARIANT,Anonymous,,neutral,0.5317,0.5,neutral,roberta,small chair / couch,it was cute and all but to little. return to store,,False,0
5310933899,,https://www.walmart.com/ip/Spidey-and-His-Amazing-Friends-Cozee-Buddy-Flip-Out-Chair-by-Delta-Children-Blue/5310933899?classType=VARIANT,Anonymous,,neutral,0.7707,0.5,neutral,roberta,,I thought it was going to be bigger and longer then the picture,,False,0
5310933899,,https://www.walmart.com/ip/Spidey-and-His-Amazing-Friends-Cozee-Buddy-Flip-Out-Chair-by-Delta-Children-Blue/5310933899?classType=VARIANT,Anonymous,,neutral,0.5338,0.5,neutral,roberta,,"I was hoping it was bigger, but I should have paid more attention to the measurements.",,False,0
857512945,,https://www.walmart.com/ip/Delta-Children-Cozee-Flip-Out-Sherpa-2-in-1-Convertible-Chair-to-Lounger-for-Kids-Cream/857512945?classType=VARIANT,Anonymous,,neutral,0.4224,0.5,neutral,roberta,,"First I would not recommend getting the white ,after 1st wash it will be tent brown white. My 3yr old loves it!!! ahe can fold it up or take it out to a mini bed. Easy to wash and the foam cushion's piece of Cake putting them back in",,False,0
857512945,,https://www.walmart.com/ip/Delta-Children-Cozee-Flip-Out-Sherpa-2-in-1-Convertible-Chair-to-Lounger-for-Kids-Cream/857512945?classType=VARIANT,Anonymous,,neutral,0.4043,0.5,neutral,roberta,"Not pottery barn, but also not terrible","This chair is OK. It's not fair to say this is a close second to the kids chair by pottery barn. That said, I've had it a few months and it's still white. It has been easy to wash",,False,0
857512945,,https://www.walmart.com/ip/Delta-Children-Cozee-Flip-Out-Sherpa-2-in-1-Convertible-Chair-to-Lounger-for-Kids-Cream/857512945?classType=VARIANT,Anonymous,,neutral,0.6279,0.5,neutral,roberta,Small. Check measurements before buying.,Check the measurements- looked bigger in the pictures than it really is. It's small.,,False,0
857512945,,https://www.walmart.com/ip/Delta-Children-Cozee-Flip-Out-Sherpa-2-in-1-Convertible-Chair-to-Lounger-for-Kids-Cream/857512945?classType=VARIANT,Anonymous,,neutral,0.354,0.5,neutral,roberta,Not what I thought,Too small and mushy does not work as stated but my daughter loves it so I will keep it,,False,0
857512945,,https://www.walmart.com/ip/Delta-Children-Cozee-Flip-Out-Sherpa-2-in-1-Convertible-Chair-to-Lounger-for-Kids-Cream/857512945?classType=VARIANT,Anonymous,,neutral,0.507,0.5,neutral,roberta,,My 2 granddaughters enjoying the chair and laying there for napping,,False,0
857512945,,https://www.walmart.com/ip/Delta-Children-Cozee-Flip-Out-Sherpa-2-in-1-Convertible-Chair-to-Lounger-for-Kids-Cream/857512945?classType=VARIANT,Anonymous,,neutral,0.5175,0.5,neutral,roberta,Soft and plush chair for toddler,"Purchased for grand-daughter because our grandson, in another household, has a chair and uses it frequently. The off-white color is more off white/blush and perfect for the little girl, but by no means pink. Soft and plush.",,False,0
857512945,,https://www.walmart.com/ip/Delta-Children-Cozee-Flip-Out-Sherpa-2-in-1-Convertible-Chair-to-Lounger-for-Kids-Cream/857512945?classType=VARIANT,Anonymous,,neutral,0.5343,0.5,neutral,roberta,Toddlers sofa bed,It's not what it looks like in the picture totally different.,,False,0
857512945,,https://www.walmart.com/ip/Delta-Children-Cozee-Flip-Out-Sherpa-2-in-1-Convertible-Chair-to-Lounger-for-Kids-Cream/857512945?classType=VARIANT,Anonymous,,neutral,0.7514,0.5,neutral,roberta,Gift for my niece,"One side arm lob-sided, kinda folded outward so when my niece leans to that side she falls out.",,False,0
857512945,,https://www.walmart.com/ip/Delta-Children-Cozee-Flip-Out-Sherpa-2-in-1-Convertible-Chair-to-Lounger-for-Kids-Cream/857512945?classType=VARIANT,Anonymous,,neutral,0.6871,0.5,neutral,roberta,Cozy for Grandgirls,"The chairs are a fit for their purpose, but the description states the covers come off, but they do not.",,False,0
857512945,,https://www.walmart.com/ip/Delta-Children-Cozee-Flip-Out-Sherpa-2-in-1-Convertible-Chair-to-Lounger-for-Kids-Cream/857512945?classType=VARIANT,Anonymous,,neutral,0.7552,0.5,neutral,roberta,Chair is smaller then the picture,The chair is smaller then what the picture looks like.,,False,0
13094117660,,https://www.walmart.com/ip/Beavtaens-Toddler-Couch-2-in-1-Kids-Flip-Chair-Kids-Pink-Sofa-Bed-Storage-Fold-Chairs-Boys-Girls-Reading-Relaxing-Playing-Sleeping-Hearts/13094117660?classType=VARIANT&athbdg=L1600,Anonymous,,neutral,0.422,0.5,neutral,roberta,Just OK,Looks better in the picture. It is ok but not what I was expecting. Comes in a very small box and you put it all together. Material is very thin and hard to fit the cushions in.,,False,0
13094117660,,https://www.walmart.com/ip/Beavtaens-Toddler-Couch-2-in-1-Kids-Flip-Chair-Kids-Pink-Sofa-Bed-Storage-Fold-Chairs-Boys-Girls-Reading-Relaxing-Playing-Sleeping-Hearts/13094117660?classType=VARIANT&athbdg=L1600,Anonymous,,neutral,0.4072,0.5,neutral,roberta,,Difficult to put together. Directions weren't clear. Dog loves it.,,False,0
5326338272,,https://www.walmart.com/ip/Room-Revival-Compressed-Foam-Bean-Bag-Chair-for-Kids-Rainbow-Checkerboard/5326338272?classType=VARIANT&athbdg=L1600,Anonymous,,neutral,0.4718,0.5,neutral,roberta,Comfy Chair,"I bought this chair for a play space for my toddler. It came in a box and was shrunk into to an air sealed bag. I was nervous! The chair fluffed up in no time taking form, just as pictured. Definitely toddler or small child sized.",,False,0
5326338272,,https://www.walmart.com/ip/Room-Revival-Compressed-Foam-Bean-Bag-Chair-for-Kids-Rainbow-Checkerboard/5326338272?classType=VARIANT&athbdg=L1600,Anonymous,,neutral,0.6716,0.5,neutral,roberta,,ordered for my 12 yr old granddaughter for her birthday. my 12 yr old granddaughter had to give it to her 2 yr old sister because it was so small .,,False,0
5326338272,,https://www.walmart.com/ip/Room-Revival-Compressed-Foam-Bean-Bag-Chair-for-Kids-Rainbow-Checkerboard/5326338272?classType=VARIANT&athbdg=L1600,Anonymous,,neutral,0.4601,0.5,neutral,roberta,,it was no where near as fluffy as I thought it would be. I followed the instructions and all. The kids are fine with it tho.,,False,0
5326338272,,https://www.walmart.com/ip/Room-Revival-Compressed-Foam-Bean-Bag-Chair-for-Kids-Rainbow-Checkerboard/5326338272?classType=VARIANT&athbdg=L1600,Anonymous,,neutral,0.5785,0.5,neutral,roberta,,Bought this for 3 year old grandson. The stuffing is a little lumpier than I expected.,,False,0
5326338272,,https://www.walmart.com/ip/Room-Revival-Compressed-Foam-Bean-Bag-Chair-for-Kids-Rainbow-Checkerboard/5326338272?classType=VARIANT&athbdg=L1600,Anonymous,,neutral,0.6518,0.5,neutral,roberta,Smaller than expected,Make sure to read the size measurements. It was a lot smaller than expected. It does still fit my five year old.,,False,0
5326338272,,https://www.walmart.com/ip/Room-Revival-Compressed-Foam-Bean-Bag-Chair-for-Kids-Rainbow-Checkerboard/5326338272?classType=VARIANT&athbdg=L1600,Anonymous,,neutral,0.6745,0.5,neutral,roberta,,The chairs never fluffed up all the way. Especially at the top,,False,0
5326338272,,https://www.walmart.com/ip/Room-Revival-Compressed-Foam-Bean-Bag-Chair-for-Kids-Rainbow-Checkerboard/5326338272?classType=VARIANT&athbdg=L1600,Anonymous,,neutral,0.7336,0.5,neutral,roberta,Okay Product,Chair doesn't get completely full in the back. It must be reconfigured after every use.,,False,0
5326338272,,https://www.walmart.com/ip/Room-Revival-Compressed-Foam-Bean-Bag-Chair-for-Kids-Rainbow-Checkerboard/5326338272?classType=VARIANT&athbdg=L1600,Anonymous,,neutral,0.4586,0.5,neutral,roberta,For toddlers and small children,For toddlers or under 50 lbs. The foam is very flat and the handle ripped after one day and i had to resew. Cute though and good price.,,False,0
15905314069,,https://www.walmart.com/ip/Kid-s-Bean-Bag-Chair/15905314069?classType=VARIANT,Anonymous,,neutral,0.6472,0.5,neutral,roberta,,"Like that it's up higher, it is easier to get into . Arthritis has made lower beds harder as I have aged.",,False,0
15905314069,,https://www.walmart.com/ip/Kid-s-Bean-Bag-Chair/15905314069?classType=VARIANT,Anonymous,,neutral,0.3431,0.5,neutral,roberta,"Misleading listing, but nice bedframe","It's a fine bedframe at a reasonable price. The only annoying thing was the prominent 16-inch designation. It's an 18-inch bedframe. 16 inches refers to the clearance under the frame, so it's higher than I wanted.",,False,0
15905314069,,https://www.walmart.com/ip/Kid-s-Bean-Bag-Chair/15905314069?classType=VARIANT,Anonymous,,neutral,0.5135,0.5,neutral,roberta,Bed frame,Some what needed more then one person to put it together but it was some what easy to assemble..,,False,0
15905314069,,https://www.walmart.com/ip/Kid-s-Bean-Bag-Chair/15905314069?classType=VARIANT,Anonymous,,neutral,0.4122,0.5,neutral,roberta,easy to put together and very functional,i dont like the middle legs due to stubbing my tors when making the bed.,,False,0
15905314069,,https://www.walmart.com/ip/Kid-s-Bean-Bag-Chair/15905314069?classType=VARIANT,Anonymous,,neutral,0.4876,0.5,neutral,roberta,"Only problem, China made!","Seemed solid %26 assembly not difficult, a little time consuming.",,False,0
15905314069,,https://www.walmart.com/ip/Kid-s-Bean-Bag-Chair/15905314069?classType=VARIANT,Anonymous,,neutral,0.599,0.5,neutral,roberta,,Can't find a comforter that will hide the middle legs. Otherwise comfortable.,,False,0
15905314069,,https://www.walmart.com/ip/Kid-s-Bean-Bag-Chair/15905314069?classType=VARIANT,Anonymous,,neutral,0.6681,0.5,neutral,roberta,Easy to assemble if all the pieces were in the box,Missing parts,,False,0
15905314069,,https://www.walmart.com/ip/Kid-s-Bean-Bag-Chair/15905314069?classType=VARIANT,Anonymous,,neutral,0.677,0.5,neutral,roberta,Watch out for the middle foot,Very easy to assemble (10 min chronic) but to be used as an extra bed (which is our case) or for a child. The only downside is the intermediate foot in which we stumble quite often and which gets in the way.,,False,0
15905314069,,https://www.walmart.com/ip/Kid-s-Bean-Bag-Chair/15905314069?classType=VARIANT,Anonymous,,neutral,0.6528,0.5,neutral,roberta,Alright,Easy to assemble and yet I am a single woman who fitted out for the first time alone and assembled her furniture alone,,False,0
15905314069,,https://www.walmart.com/ip/Kid-s-Bean-Bag-Chair/15905314069?classType=VARIANT,Anonymous,,neutral,0.504,0.5,neutral,roberta,storage bed,"Bed quite high from the ground, very solid and large, which also allows you to store bins or other items underneath",,False,0
15905314069,,https://www.walmart.com/ip/Kid-s-Bean-Bag-Chair/15905314069?classType=VARIANT,Anonymous,,neutral,0.5553,0.5,neutral,roberta,Bed base of excellent robust quality damage the feet a little too high,Easy to assemble well explained instructions,,False,0
15905314069,,https://www.walmart.com/ip/Kid-s-Bean-Bag-Chair/15905314069?classType=VARIANT,Anonymous,,neutral,0.6805,0.5,neutral,roberta,Easy to mount,Cp too high for me because in addition to its height I bought an Emma mattress,,False,0
5089315688,,https://www.walmart.com/ip/Disney-Minnie-Mouse-Foam-Chair-by-Delta-Children-Pink/5089315688?classType=REGULAR,Anonymous,,neutral,0.5704,0.5,neutral,roberta,,Easy to put togethr. The back wood piece does not go very far up so most of the back is just foam but sturdy foam.,,False,0
5089315688,,https://www.walmart.com/ip/Disney-Minnie-Mouse-Foam-Chair-by-Delta-Children-Pink/5089315688?classType=REGULAR,Anonymous,,neutral,0.6885,0.5,neutral,roberta,,snaller than description. for a 2 year old. not 3 or older.,,False,0
583657041,,https://www.walmart.com/ip/DeerValley-Liberty-DV-1F52812-Dual-Flush-Elongated-One-Piece-Toilet-Seat-Included/583657041?classType=REGULAR&athbdg=L1600&from=/search,Anonymous,,neutral,0.4609,0.5,neutral,roberta,Tiny toilet,"The toilet seems very small. It is the normal height, however, it is very slim and it will work great for a tight area. The only challenge is that the toilet seat is not standard. I don't know what you would do to replace it.",,False,0
583657041,,https://www.walmart.com/ip/DeerValley-Liberty-DV-1F52812-Dual-Flush-Elongated-One-Piece-Toilet-Seat-Included/583657041?classType=REGULAR&athbdg=L1600&from=/search,Anonymous,,neutral,0.4609,0.5,neutral,roberta,Tiny toilet,"The toilet seems very small. It is the normal height, however, it is very slim and it will work great for a tight area. The only challenge is that the toilet seat is not standard. I don't know what you would do to replace it.",,False,0
2484810403,,https://www.walmart.com/ip/BlackHawk-Agility-SUV-All-Season-235-55R19-105V-XL-SUV-Crossover-Tire/2484810403?classType=REGULAR&from=/search,Anonymous,,neutral,0.414,0.5,neutral,roberta,Tires Not Round,Two of the four tires were out of shape. Walmart was helpful and allowed me to return and install a different brand. So I appreciate that.,,False,0
2484810403,,https://www.walmart.com/ip/BlackHawk-Agility-SUV-All-Season-235-55R19-105V-XL-SUV-Crossover-Tire/2484810403?classType=REGULAR&from=/search,Anonymous,,neutral,0.4847,0.5,neutral,roberta,,Just got the tire so it's hard to give a rating. They seem good the first 10 miles so far.,,False,0
5089460327,,https://www.walmart.com/ip/Goodyear-Assurance-Fuel-Max-255-65R18-111H-All-Season-Tire/5089460327?classType=REGULAR&from=/search,Anonymous,,neutral,0.513,0.5,neutral,roberta,,"The tires are Great, But Walmart Seabrook, NH a little lacking. On the paperwork they reported that all 4 tires were inflated to the proper psi of 33. But the tires were inflated to different psi's ranging from 39-50 psi.",,False,0
5089460327,,https://www.walmart.com/ip/Goodyear-Assurance-Fuel-Max-255-65R18-111H-All-Season-Tire/5089460327?classType=REGULAR&from=/search,Anonymous,,neutral,0.5442,0.5,neutral,roberta,Quiet ride,"These tire run quiet, not sure they help with fuel mileage but there is an assurance in having good tires.",,False,0
5089460327,,https://www.walmart.com/ip/Goodyear-Assurance-Fuel-Max-255-65R18-111H-All-Season-Tire/5089460327?classType=REGULAR&from=/search,Anonymous,,neutral,0.5045,0.5,neutral,roberta,,"were higher priced for the same thing, shipping showed up eariler that expected, able to get the job done quicker, service for me is the %231 reason, i expect to get what i pay for in a reasonable amount of time and not when being thrown into loops. tks",,False,0
5089460327,,https://www.walmart.com/ip/Goodyear-Assurance-Fuel-Max-255-65R18-111H-All-Season-Tire/5089460327?classType=REGULAR&from=/search,Anonymous,,neutral,0.6619,0.5,neutral,roberta,,"I have owned a set of these tires before on a 2000 Saturn LS1 in size 205-60R-15. Most of my driving experience with these come from that vehicle. After owning a set of Michelin Premier A/S for the last two years, I chose to switch back to the Goodyear Assurance Fuel Max tires. Consumer Reports ranks the Goodyear tires lower than the top rated Michelins. However, in my experience, I feel that the Goodyear is truer to it's performance promise. For every day driving, most drivers will find that the Goodyear assurance delivers better than expected performance for a tire whose primary mission is fuel economy. With a good suspension set up, the tires will grip well in the dry, allowing the driver to handle long sweeper curves at 10-20 mph faster than the posted speed without feeling overburdened. They also provide plenty of audible warning when the traction limit is getting close. The downside is the wet weather traction. Especially in light rain for the first 1/2 hour when the roads can still be very slick. Be especially careful with these tires approaching intersections and stop signs as these areas tend to have collected grease patches on the ground from previous cars. Many times, without paying my full attention I have activated the Anti-lock brakes with only moderate braking force. This has caused me to ""stop long"" and overshoot the intersection. Thankfully, no other cross traffic was approaching and I was able to throw the car into reverse. But one users minor embarrassment could be another user's fatal accident. If you buy these tires, be extremely cautious in the wet. The surprise upside to these tires is the snow traction. Several times, during the winter, my car had been parked on the street and 'plowed in'. Most car owners spend 1/2 hour shoveling out their cars and spinning their tires in the process. I have to say that as long as these tires had passable tread on them, I never had to excessively rock my car back and forth or have anyone help push me out of a driveway apron or other snowy situation. Even driving 30mph on a snowy highway (about 5"" of snow) that had other vehicles fish tailing (some were even Subaru's!), my car was stable. Don't get me wrong, I activated the traction control system many times with these all-seasons in the snow and a true winter tire would blow them away. But if you are someone who doesn't have the luxury of being able to store a separate set of winter tires, like me, the winter traction of these tires are better-than-expected. The ride quality falls somewhere between sporty and flinty. They can absorb a decent amount of rough pavement. But if you live in an area with seriously neglected roads, you will notice that these tires aren't a luxury tire after-all. Road noise is very good and these tires only really started developing a warbling-humming noise when they were near the end of their life. Speaking of which, the tread life is also very good. I believe that Goodyear has a 60k mile tread-life rating. I got about 55K out of them. I am very careful to check tire pressure and get an alignment at least 1x per year and I try to rotate the tires every 5000-8000 miles. Oh, and the low rolling resistance/Fuel-Economy claim is legit. I averaged about 0.5 to 1mpg (it is more noticeable on the highway, but if you know how to time city traffic lights and coast in gear you can improve city mileage as well) better than I usually got with my Michelin Premier A/S tires. The Michelin's did have a cushier ride and they handled the wet conditions masterfully. However, their snow traction felt very 'greasy' and I got stuck a couple of times in snow less than 3"" thick. Overall, if you are consciously aware of the wet traction warning with these tires, the combination of sporty ride, tread-life and fuel economy will deliver value. And as an added bonus, they are pretty good in the snow, as far as all-seasons are concerned.",,False,0
5089460327,,https://www.walmart.com/ip/Goodyear-Assurance-Fuel-Max-255-65R18-111H-All-Season-Tire/5089460327?classType=REGULAR&from=/search,Anonymous,,neutral,0.6377,0.5,neutral,roberta,saves you money,when they say u will save gas u do. i get on average 30-40 extra mi out of a tank of gas. the only complait that i have is that walmart charges separtly for mounting and balance. they do not say that any where on the web when u order so i thought it was all paid when i picked them up but had to shell out an extra 50 bucks. the tires are awsome tho. i would buy anouther set in a heart beat,,False,0
5089460327,,https://www.walmart.com/ip/Goodyear-Assurance-Fuel-Max-255-65R18-111H-All-Season-Tire/5089460327?classType=REGULAR&from=/search,Anonymous,,neutral,0.4688,0.5,neutral,roberta,Wal Mart Sold me 4 YEAR OLD TIRES !!!,I bought 4 of these tires. I picked them up at Mooresville NC store. After I got them home I looked at the manufactured date. The tires Walmart sold me are 4 years old. Now I get to make another trip to return them. THANKS ALOT WALMART FOR SELLING ME 4 YEAR OLD TIRES !!!!,,False,0
5089460327,,https://www.walmart.com/ip/Goodyear-Assurance-Fuel-Max-255-65R18-111H-All-Season-Tire/5089460327?classType=REGULAR&from=/search,Anonymous,,neutral,0.6208,0.5,neutral,roberta,"Saves gas, can have temporary noise wear","Makes a real difference in mileage - count on at least 1 mpg, sometimes more, versus decent factory-installed tires. However, on my Malibu I will get a wear pattern when they're on the rear that when they are rotated to the front, they'll produce quite a bit of road noise for the first thousand miles or so, peaking at 40 mph. After that thousand miles, they quiet down again. However, for the mileage improvement, good tradeoff for me. 50,000 miles and still loads of treadwear left.",,False,0
5089460327,,https://www.walmart.com/ip/Goodyear-Assurance-Fuel-Max-255-65R18-111H-All-Season-Tire/5089460327?classType=REGULAR&from=/search,Anonymous,,neutral,0.533,0.5,neutral,roberta,Quiet ride,"Only have been on the car a few days, the ride is definitely quiet",,False,0
5089460327,,https://www.walmart.com/ip/Goodyear-Assurance-Fuel-Max-255-65R18-111H-All-Season-Tire/5089460327?classType=REGULAR&from=/search,Anonymous,,neutral,0.6349,0.5,neutral,roberta,Tires the easy way,Got these delivered and I took them somewhere less busy to get mounted.,,False,0
5089460327,,https://www.walmart.com/ip/Goodyear-Assurance-Fuel-Max-255-65R18-111H-All-Season-Tire/5089460327?classType=REGULAR&from=/search,Anonymous,,neutral,0.8991,0.5,neutral,roberta,Tires,Would like to see the information where you can have the item shipped.,,False,0
5089460327,,https://www.walmart.com/ip/Goodyear-Assurance-Fuel-Max-255-65R18-111H-All-Season-Tire/5089460327?classType=REGULAR&from=/search,Anonymous,,neutral,0.4963,0.5,neutral,roberta,,Not really sure if fuel saves or not? but obviously less than usual but not every tank.,,False,0
5089460327,,https://www.walmart.com/ip/Goodyear-Assurance-Fuel-Max-255-65R18-111H-All-Season-Tire/5089460327?classType=REGULAR&from=/search,Anonymous,,neutral,0.6931,0.5,neutral,roberta,,We bought these 6 months ago. Maybe 3000 miles. One already has a bulge in the sidewall.,,False,0
5089460327,,https://www.walmart.com/ip/Goodyear-Assurance-Fuel-Max-255-65R18-111H-All-Season-Tire/5089460327?classType=REGULAR&from=/search,Anonymous,,neutral,0.4762,0.5,neutral,roberta,Loud on the Interstate,I didn't know until after I bought these tires how loud they were at high speeds.They also seem to wear down faster.,,False,0
5089460327,,https://www.walmart.com/ip/Goodyear-Assurance-Fuel-Max-255-65R18-111H-All-Season-Tire/5089460327?classType=REGULAR&from=/search,Anonymous,,neutral,0.5886,0.5,neutral,roberta,"Lasted a little over 56,000 miles!","Bought a set of four (4) of these tires in 2011 for a 2010 Ford Focus. Just replaced them in late December, 2018 with a little over 56,000 miles on them. Little tread left on them when they were replaced and they were beginning to ""crack"" and/or show signs of dry-rot. Overall they were good, but not great, tires. The front-end of a Ford Focus is rather ""light"" and these tires had a tendency to ""spin/slip"" from a dead-stop if given much ""throttle"" even on dry pavement. They weren't the best in rain or snow either but they weren't terrible. They would probably do better on a heavier car. I replaced them with Goodyear Triple Tread tires. Triple Treads are GREAT in both rain and snow. I currently have them on two (2) other cars I own (Camry & Corolla) and have used them on other cars in the past also, always with GREAT results.....they are my tire of choice here in Ohio weather.",,False,0
5089460327,,https://www.walmart.com/ip/Goodyear-Assurance-Fuel-Max-255-65R18-111H-All-Season-Tire/5089460327?classType=REGULAR&from=/search,Anonymous,,neutral,0.5001,0.5,neutral,roberta,Questionable mileage improvement,"I bought this set of tires about a month ago to replace Michelin tires that had 76,000 miles on them. I have them on a 2005 Lexus RX330. The tires look good on the car and clean up well. I had read reviews saying the tires are loud, but they seem quieter than my previous tires. I hope that continues. My old Michelin tires were supposedly energy saving tires, too. I am not getting any improvement in gas mileage after 4 or 5 fill-ups with the Goodyears. In fact I would say my gas mileage has gotten worse by a MPG or so. I am hoping these tires are as long-wearing as the Michelins were. If not, I would consider them a bad trade.",,False,0
5089460327,,https://www.walmart.com/ip/Goodyear-Assurance-Fuel-Max-255-65R18-111H-All-Season-Tire/5089460327?classType=REGULAR&from=/search,Anonymous,,neutral,0.7288,0.5,neutral,roberta,Goodyear Assurance Fuel Max 225/55R17 95 H Tire,I needed new tires for my car,,False,0
125804762,,https://www.walmart.com/ip/Pirelli-P-Zero-All-Season-UHP-All-Season-215-55R17-94V-Passenger-Tire/125804762?classType=VARIANT&from=/search,Anonymous,,neutral,0.5168,0.5,neutral,roberta,pirelli tires purchase,"my only concern is that I meant to make sure that I got road hazard coverage and I'm not sure if I did or not! is there a way for me to check? if I did not, may I still do so? that has saved me once before a couple years ago when I got something in a tire that I had purchased from Walmart! other than that everything is perfect!",,False,0
125804762,,https://www.walmart.com/ip/Pirelli-P-Zero-All-Season-UHP-All-Season-215-55R17-94V-Passenger-Tire/125804762?classType=VARIANT&from=/search,Anonymous,,neutral,0.5201,0.5,neutral,roberta,"Good Product, Poor Service","Tires are good and purchased them on sale. Also scheduled and paid for installation at my local Walmart at the same time as tire purchase. Arrived to my appointment 15 minutes early, staff arrived late. Got checked in, they said they would text when done and expected it to take about an hour. An hour and fifteen minutes later, I hear my name over the PA system and was asked to return to the auto center, never receiving a text. Made my way back to the auto center where I was informed that they were unable to put my new tires on because they lift was out of service. I asked the staff if they could call the next closest Walmart Auto Center to see if they could install them. We waited for 20 minutes on hold and finally were informed that they had the proper lift, lift was in working order, and they had time to install them. It took me 8 minutes to drive there, waited 20 minutes to have someone check me in, was told that it would be about an hour and that they would text me. After an hour and a half, I went back to the auto center to see if they were about done and noticed that my car was still in the original place I parked it. I asked a staff member how much longer it would be and they told me that they couldn't to it because the lift they needed wasn't working. They suggested that I take my tires and go to Firestone for installation. Although they refunded my installation fees, I went to Discount Tire for installation which costed me double what I was refunded since I didn't buy the tires from them, but they had them installed in about 30 minutes. I would recommend the tires but would not recommend Walmart Auto Centers in Wetumpka or Pratville, AL.",,False,0
125804762,,https://www.walmart.com/ip/Pirelli-P-Zero-All-Season-UHP-All-Season-215-55R17-94V-Passenger-Tire/125804762?classType=VARIANT&from=/search,Anonymous,,neutral,0.5565,0.5,neutral,roberta,Parti,"I ordered four tires on Wednesday and the tracking appeared to be just fine that quit an hour after they were shown to be delivered they were not here the tracking showed for tires, but we finally found the FedEx truck on the road and he only had two tires then it was marked as package delivered called FedEx help and got no satisfaction. She tried to tell me it had to have a separate tracking number for each tire, but Walmart and FedEx only gave one tracking number and then they delivered only two tires. I don't know where to start again finding the other two Perelli tires I bought Wednesday and they all two were delivered on the following Monday I. Space you are pursue this with FedEx somehow or with Walmart thanks for help.",,False,0
125804762,,https://www.walmart.com/ip/Pirelli-P-Zero-All-Season-UHP-All-Season-215-55R17-94V-Passenger-Tire/125804762?classType=VARIANT&from=/search,Anonymous,,neutral,0.9351,0.5,neutral,roberta,Pirelli P Zero All Season UHP All Season 215/55R17,Lasted 3 weeks,,False,0
125804762,,https://www.walmart.com/ip/Pirelli-P-Zero-All-Season-UHP-All-Season-215-55R17-94V-Passenger-Tire/125804762?classType=VARIANT&from=/search,Anonymous,,neutral,0.6681,0.5,neutral,roberta,"Only 30,000 miles works.","I drove with this tire around 25,000 miles for my commuter. My daily drive mile is 150 miles, and I purchased this in July 2024. So my point is that this tire is only able to make 30,000 miles. I think that the maximum. The price is very reasonable, but if you think about brand quality from Pirelli, This is not a great option. I am moving to HanKook tire. Kinergy GT or PT. That tire easily makes over 50,000 miles and even 70,000 miles.",,False,0
125804762,,https://www.walmart.com/ip/Pirelli-P-Zero-All-Season-UHP-All-Season-215-55R17-94V-Passenger-Tire/125804762?classType=VARIANT&from=/search,Anonymous,,neutral,0.471,0.5,neutral,roberta,Look good but not installed,Look good but not installed,,False,0
5260744958,,https://www.walmart.com/ip/Ironman-GR906-All-Season-P225-55R18-98H-Passenger-Tire/5260744958?classType=REGULAR&from=/search,Anonymous,,neutral,0.5969,0.5,neutral,roberta,,"the tires are fine. my problem was in the order and receipt. i ordered onlune to have delivered to the store. I scheduled installation. I got a message saying my appointment was cancelled because the delivery was delayed. a week later, after no further communication, I went to the store . after investigation, we found my tires on the sales floor. apparently they had arrived with no name or order info. THE STORE WAS NOT TO BLAME, but it is weird that they got the tires with no info, and they just put the tires on the sales floor?",,False,0
5260744958,,https://www.walmart.com/ip/Ironman-GR906-All-Season-P225-55R18-98H-Passenger-Tire/5260744958?classType=REGULAR&from=/search,Anonymous,,neutral,0.5825,0.5,neutral,roberta,,The technicians stripped the lugg nuts on the vehicle and told us there was nothing they could do and sent us out the door!,,False,0
5260744958,,https://www.walmart.com/ip/Ironman-GR906-All-Season-P225-55R18-98H-Passenger-Tire/5260744958?classType=REGULAR&from=/search,Anonymous,,neutral,0.4544,0.5,neutral,roberta,Value all season tire,GREAT value in a all season tire - the tread pattern makes a little noise on the highway - but not enough to be irritating.,,False,0
5260744958,,https://www.walmart.com/ip/Ironman-GR906-All-Season-P225-55R18-98H-Passenger-Tire/5260744958?classType=REGULAR&from=/search,Anonymous,,neutral,0.4961,0.5,neutral,roberta,,Purchase it 16 of those tires for my rental Fleet The optimal solution between Tires price and quality.,,False,0
5260744958,,https://www.walmart.com/ip/Ironman-GR906-All-Season-P225-55R18-98H-Passenger-Tire/5260744958?classType=REGULAR&from=/search,Anonymous,,neutral,0.5969,0.5,neutral,roberta,,"the tires are fine. my problem was in the order and receipt. i ordered onlune to have delivered to the store. I scheduled installation. I got a message saying my appointment was cancelled because the delivery was delayed. a week later, after no further communication, I went to the store . after investigation, we found my tires on the sales floor. apparently they had arrived with no name or order info. THE STORE WAS NOT TO BLAME, but it is weird that they got the tires with no info, and they just put the tires on the sales floor?",,False,0
5260744958,,https://www.walmart.com/ip/Ironman-GR906-All-Season-P225-55R18-98H-Passenger-Tire/5260744958?classType=REGULAR&from=/search,Anonymous,,neutral,0.4544,0.5,neutral,roberta,Value all season tire,GREAT value in a all season tire - the tread pattern makes a little noise on the highway - but not enough to be irritating.,,False,0
5260744958,,https://www.walmart.com/ip/Ironman-GR906-All-Season-P225-55R18-98H-Passenger-Tire/5260744958?classType=REGULAR&from=/search,Anonymous,,neutral,0.5825,0.5,neutral,roberta,,The technicians stripped the lugg nuts on the vehicle and told us there was nothing they could do and sent us out the door!,,False,0
5260744958,,https://www.walmart.com/ip/Ironman-GR906-All-Season-P225-55R18-98H-Passenger-Tire/5260744958?classType=REGULAR&from=/search,Anonymous,,neutral,0.4961,0.5,neutral,roberta,,Purchase it 16 of those tires for my rental Fleet The optimal solution between Tires price and quality.,,False,0
878259147,,https://www.walmart.com/ip/Amolife-Full-Size-Platform-Bed-Frame-with-Square-stitched-Headboard-and-4-Drawers-Dark-Gray/878259147?classType=VARIANT&adsRedirect=true,Anonymous,,neutral,0.4887,0.5,neutral,roberta,,"Assembly was difficult as many holes did not line up, so I needed additional help to pull the framework to ensure the screws would go in tight. Once fully assembled, the bed is sturdy, good looking and great for the price.",,False,0
878259147,,https://www.walmart.com/ip/Amolife-Full-Size-Platform-Bed-Frame-with-Square-stitched-Headboard-and-4-Drawers-Dark-Gray/878259147?classType=VARIANT&adsRedirect=true,Anonymous,,neutral,0.6629,0.5,neutral,roberta,,Drawers underneath could use a better system for locking in place.,,False,0
878259147,,https://www.walmart.com/ip/Amolife-Full-Size-Platform-Bed-Frame-with-Square-stitched-Headboard-and-4-Drawers-Dark-Gray/878259147?classType=VARIANT&adsRedirect=true,Anonymous,,neutral,0.4551,0.5,neutral,roberta,Eh,"Received my order today and it was missing the headboard and frame. Walmarts customer service was great and got in contact with the seller for me, so now I'm just waiting to hear back from them.",,False,0
878259147,,https://www.walmart.com/ip/Amolife-Full-Size-Platform-Bed-Frame-with-Square-stitched-Headboard-and-4-Drawers-Dark-Gray/878259147?classType=VARIANT&adsRedirect=true,Anonymous,,neutral,0.5443,0.5,neutral,roberta,4 Drawers underneath bed,Bed was hard to put to together. It took two of us to finally finish. It would be worth while to pay some one to do it for you.,,False,0
878259147,,https://www.walmart.com/ip/Amolife-Full-Size-Platform-Bed-Frame-with-Square-stitched-Headboard-and-4-Drawers-Dark-Gray/878259147?classType=VARIANT&adsRedirect=true,Anonymous,,neutral,0.5038,0.5,neutral,roberta,,"there was couple of the bracket an bolt holes that didn't line up,..but otherwise easy to assemble an looks nice",,False,0
878259147,,https://www.walmart.com/ip/Amolife-Full-Size-Platform-Bed-Frame-with-Square-stitched-Headboard-and-4-Drawers-Dark-Gray/878259147?classType=VARIANT&adsRedirect=true,Anonymous,,neutral,0.3991,0.5,neutral,roberta,bed frame,everything was good except the drawers can't hook them and instructions didn't help,,False,0
878259147,,https://www.walmart.com/ip/Amolife-Full-Size-Platform-Bed-Frame-with-Square-stitched-Headboard-and-4-Drawers-Dark-Gray/878259147?classType=VARIANT&adsRedirect=true,Anonymous,,neutral,0.4934,0.5,neutral,roberta,Very cheaply made,The material is very cheap. It started coming apart after just a few weeks,,False,0
878259147,,https://www.walmart.com/ip/Amolife-Full-Size-Platform-Bed-Frame-with-Square-stitched-Headboard-and-4-Drawers-Dark-Gray/878259147?classType=VARIANT&adsRedirect=true,Anonymous,,neutral,0.5939,0.5,neutral,roberta,,The bed came with no instructions on how to assemble.,,False,0
878259147,,https://www.walmart.com/ip/Amolife-Full-Size-Platform-Bed-Frame-with-Square-stitched-Headboard-and-4-Drawers-Dark-Gray/878259147?classType=VARIANT&adsRedirect=true,Anonymous,,neutral,0.452,0.5,neutral,roberta,Meh,Cool bed frame. Hate that the drawers aren’t actually attached to the bed tho,,False,0
878259147,,https://www.walmart.com/ip/Amolife-Full-Size-Platform-Bed-Frame-with-Square-stitched-Headboard-and-4-Drawers-Dark-Gray/878259147?classType=VARIANT&adsRedirect=true,Anonymous,,neutral,0.7914,0.5,neutral,roberta,missing headboard and bed frame,amolife Queen size platform bed frame with headboard and 4 storage drawers,,False,0
8898710757,,https://www.walmart.com/ip/Better-Homes-Gardens-Juliet-King-Boucle-Platform-Bed-Ivory/8898710757?classType=VARIANT&athbdg=L1103&from=/search,Anonymous,,neutral,0.4199,0.5,neutral,roberta,Allow me to de-influence you,"While this bed frame is beautiful (the main reason for giving any stars at all) It took nearly two hours to put together and I probably wouldn't recommend it to anyone. once assembled the middle slats are somewhat uneven and are big gaps all around the mattress. I'm not entirely sure why since I measured the mattress to confirm it is indeed a King size mattress and this is a king size bed frame. When trying to get help from Walmart (and report the manufacture defect) the best they could offer me was to send the frame back (aka take another two hours to take it apart) OR a $25 promo code (aka buy more stuff and we will give you $25 off lol) they do not have ""buttons"" for offering partial refunds due to manufacture defects. I'm still on the fence on If I will be returning it with the my new dresser that doesn't work.",,False,0
5469929206,,https://www.walmart.com/ip/Mainstays-Upholstered-Platform-Bed-No-Box-Spring-Needed-Gray-Queen/5469929206?classType=VARIANT&athbdg=L1103&adsRedirect=true,Anonymous,,neutral,0.438,0.5,neutral,roberta,"Good, but not the Best","Its a strong bed, just not so heavy that it won't move. If you push a little it will slide. Otherwise its a nice bed, you can keep small storage stuff underneath.",,False,0
5469929206,,https://www.walmart.com/ip/Mainstays-Upholstered-Platform-Bed-No-Box-Spring-Needed-Gray-Queen/5469929206?classType=VARIANT&athbdg=L1103&adsRedirect=true,Anonymous,,neutral,0.4189,0.5,neutral,roberta,It can definitely improve design and instructions.,"Sturdy, solid queen bed frame, however the instructions can improve and the headboard doesn't align with the holes to insert the screws. I had to drill new ones to make it work. I have seen that comment several times and thought I would be a lucky customer, but sadly, no, I wasn't. Do not know what the designer of this bedframe (the headboard absurd misalignment) was smoking or drinking at the time of designing the attachment of that part... Other than that, the frame is pretty good. The mattress feels very firm and steady on it.",,False,0
5469929206,,https://www.walmart.com/ip/Mainstays-Upholstered-Platform-Bed-No-Box-Spring-Needed-Gray-Queen/5469929206?classType=VARIANT&athbdg=L1103&adsRedirect=true,Anonymous,,neutral,0.5073,0.5,neutral,roberta,worth it,relatively easy to put together with directions book but it is definitely heavy for the headboard and sode rails. the center bars can be a challenge to put into place fully but once mattress is on they will slide all the way into place. i just dont like the description of it being suitable for no box spring because my box spring less mattress gets stick in the rails but easy to lift out.,,False,0
5469929206,,https://www.walmart.com/ip/Mainstays-Upholstered-Platform-Bed-No-Box-Spring-Needed-Gray-Queen/5469929206?classType=VARIANT&athbdg=L1103&adsRedirect=true,Anonymous,,neutral,0.5505,0.5,neutral,roberta,Okayish,"Bed is fine, building it was a hassle! The mattress keeps slipping from the top and uou have to adjust it everytime you get down from the bed.",,False,0
5469929206,,https://www.walmart.com/ip/Mainstays-Upholstered-Platform-Bed-No-Box-Spring-Needed-Gray-Queen/5469929206?classType=VARIANT&athbdg=L1103&adsRedirect=true,Anonymous,,neutral,0.7773,0.5,neutral,roberta,mattress moves on it!,no boundries or frame to keep mattredd still. mattress slip ans slides to sides,,False,0
5469929206,,https://www.walmart.com/ip/Mainstays-Upholstered-Platform-Bed-No-Box-Spring-Needed-Gray-Queen/5469929206?classType=VARIANT&athbdg=L1103&adsRedirect=true,Anonymous,,neutral,0.7154,0.5,neutral,roberta,,Box delivered taped up. When guy from Angi came to assemble the bed a piece was missing. Returned it.,,False,0
5469929206,,https://www.walmart.com/ip/Mainstays-Upholstered-Platform-Bed-No-Box-Spring-Needed-Gray-Queen/5469929206?classType=VARIANT&athbdg=L1103&adsRedirect=true,Anonymous,,neutral,0.5594,0.5,neutral,roberta,,one of the main screws was not getting in the frame,,False,0
5469929206,,https://www.walmart.com/ip/Mainstays-Upholstered-Platform-Bed-No-Box-Spring-Needed-Gray-Queen/5469929206?classType=VARIANT&athbdg=L1103&adsRedirect=true,Anonymous,,neutral,0.678,0.5,neutral,roberta,,Frame did not fit headboard frame so had to fit it to the bed,,False,0
5469929206,,https://www.walmart.com/ip/Mainstays-Upholstered-Platform-Bed-No-Box-Spring-Needed-Gray-Queen/5469929206?classType=VARIANT&athbdg=L1103&adsRedirect=true,Anonymous,,neutral,0.5277,0.5,neutral,roberta,,It was okay kinda flimsy the metal to hold the bed just slips out of place,,False,0
5469929206,,https://www.walmart.com/ip/Mainstays-Upholstered-Platform-Bed-No-Box-Spring-Needed-Gray-Queen/5469929206?classType=VARIANT&athbdg=L1103&adsRedirect=true,Anonymous,,neutral,0.6344,0.5,neutral,roberta,,The “metal” bars break easy got this in March and is already starting to break,,False,0
5368661508,,https://www.walmart.com/ip/Amolife-Queen-Size-Velvet-Upholstered-Bed-with-Wingback-Headboard-Off-white/5368661508?classType=VARIANT&adsRedirect=true,Anonymous,,neutral,0.4939,0.5,neutral,roberta,,"It's a quality product for the cost. However, it was a lot of moving parts to assemble. The directions were unclear for what was tip or bottom for the slat holders and there was confusion for the different size screws. I had to take out and change sizes as it wasn't clear prior to assembly. I was thankful I caught that mistake before I assemble tightly because the longer screws could have torn the fabric or put a holes in the design of the headboard. Aside from that, it appears to be a decent and durable product. Thank you",,False,0
5368661508,,https://www.walmart.com/ip/Amolife-Queen-Size-Velvet-Upholstered-Bed-with-Wingback-Headboard-Off-white/5368661508?classType=VARIANT&adsRedirect=true,Anonymous,,neutral,0.5399,0.5,neutral,roberta,inyeresting item.,"I do like the design of the bed frame. It fits with the esthetics of my room. However, the dimemsions are slightly off. Whoever purchases this item will see that it's slightly smaller than a queen-size mattress. It sabout a 1/4 of an inch off in length and width.",,False,0
5368661508,,https://www.walmart.com/ip/Amolife-Queen-Size-Velvet-Upholstered-Bed-with-Wingback-Headboard-Off-white/5368661508?classType=VARIANT&adsRedirect=true,Anonymous,,neutral,0.5939,0.5,neutral,roberta,,Didn't put at my door left at a random door downstairs,,False,0
5368661508,,https://www.walmart.com/ip/Amolife-Queen-Size-Velvet-Upholstered-Bed-with-Wingback-Headboard-Off-white/5368661508?classType=VARIANT&adsRedirect=true,Anonymous,,neutral,0.5507,0.5,neutral,roberta,damaged,it came with a slit in the headboard.So the stuffing was sticking out.,,False,0
14934309534,,https://www.walmart.com/ip/Floating-Bed-Frame-Twin-Size-Metal-Platform-Bed-with-LED-Lights-for-Bedroom-No-Box-Spring-Needed-Black/14934309534?classType=VARIANT&from=/search,Anonymous,,neutral,0.7686,0.5,neutral,roberta,,"for the people who send the lights do not stick. the blue tape is stuck to the white adhesive, so be careful when taking it off cuz you will peel the whole thing off. if you peel it and it doesn't feel sticky you have to peel the blue part away from that very thin white piece that stuck to the blue. lol after I did that it stuck very well then I put the zip ties on. when doing the instructions to assemble the bed frame look at the pictures and see where the screw holes at on the picture to align everything correctly",,False,0
14934309534,,https://www.walmart.com/ip/Floating-Bed-Frame-Twin-Size-Metal-Platform-Bed-with-LED-Lights-for-Bedroom-No-Box-Spring-Needed-Black/14934309534?classType=VARIANT&from=/search,Anonymous,,neutral,0.4043,0.5,neutral,roberta,"Great frame, needs better installation model",Bed too a while to put together and after assembling and following instructions I couldn't get 4 of the bars into the edge of the frame because of other frames being in the way. I don't know how to make sense of that but I recommend getting a box spring to avoid the bed dipping in on the head and foot area. Holds up well tho!,,False,0
14934309534,,https://www.walmart.com/ip/Floating-Bed-Frame-Twin-Size-Metal-Platform-Bed-with-LED-Lights-for-Bedroom-No-Box-Spring-Needed-Black/14934309534?classType=VARIANT&from=/search,Anonymous,,neutral,0.4011,0.5,neutral,roberta,,What i like about it is that it's spacious and alote more room. What i dislike about it is that the measurements and line up dis not match on the right side front draw. I can't even close it all the way.,,False,0
14934309534,,https://www.walmart.com/ip/Floating-Bed-Frame-Twin-Size-Metal-Platform-Bed-with-LED-Lights-for-Bedroom-No-Box-Spring-Needed-Black/14934309534?classType=VARIANT&from=/search,Anonymous,,neutral,0.5604,0.5,neutral,roberta,,its a little confusing to assemble and the height on this one isn't to tall but its perfect foe people older who has a hard time getting in and out of bed i would recommend something on the legs of the bed like costers or something like that,,False,0
14934309534,,https://www.walmart.com/ip/Floating-Bed-Frame-Twin-Size-Metal-Platform-Bed-with-LED-Lights-for-Bedroom-No-Box-Spring-Needed-Black/14934309534?classType=VARIANT&from=/search,Anonymous,,neutral,0.3762,0.5,neutral,roberta,Horrific,Led strip doesn't even go all the way around. You can honestly find a frame off Facebook market place for a way cheaper price and just buy a led strip that actually covers the entire bed frame,,False,0
14934309534,,https://www.walmart.com/ip/Floating-Bed-Frame-Twin-Size-Metal-Platform-Bed-with-LED-Lights-for-Bedroom-No-Box-Spring-Needed-Black/14934309534?classType=VARIANT&from=/search,Anonymous,,neutral,0.679,0.5,neutral,roberta,,Ver that's to put together . It is sturdy for now but I think the bars underneath will come undone,,False,0
14934309534,,https://www.walmart.com/ip/Floating-Bed-Frame-Twin-Size-Metal-Platform-Bed-with-LED-Lights-for-Bedroom-No-Box-Spring-Needed-Black/14934309534?classType=VARIANT&from=/search,Anonymous,,neutral,0.5786,0.5,neutral,roberta,,no mattress even a small one you need to put a mattress with it,,False,0
14934309534,,https://www.walmart.com/ip/Floating-Bed-Frame-Twin-Size-Metal-Platform-Bed-with-LED-Lights-for-Bedroom-No-Box-Spring-Needed-Black/14934309534?classType=VARIANT&from=/search,Anonymous,,neutral,0.4632,0.5,neutral,roberta,assembly time 2.5 hrs..,"first impression.. she was heavyyy but i got her to the room😮‍💨. Opening the box was a lil overwhelming but once you pull everything out and organize them by number, you should flow a lot better while assembling.. instructions are mostly pictures. they weren't thattt hard to follow😅 .. but i can't stress this enough.. ‘make sure you're paying attention to if you're screwing the bars in upwards or downwards' cause if they're downwards instead of upwards.. you're gonna have to back track and fix em.. and that's a time eater. but after all the screwing and what not.. the rest falls into place and you should have a beautiful floating bed😍😍🥹 ..",,False,0
14934309534,,https://www.walmart.com/ip/Floating-Bed-Frame-Twin-Size-Metal-Platform-Bed-with-LED-Lights-for-Bedroom-No-Box-Spring-Needed-Black/14934309534?classType=VARIANT&from=/search,Anonymous,,neutral,0.3971,0.5,neutral,roberta,Floating Bed Frame,It was fairly easy to assemble. Not a big fan of the lights because they fall off super easy. I even used the adhesive that it comes with and those come off the frame super easy. The bed also slips and slides off the frame as well. Other than that its a very sturdy bed frame and very cool.,,False,0
14934309534,,https://www.walmart.com/ip/Floating-Bed-Frame-Twin-Size-Metal-Platform-Bed-with-LED-Lights-for-Bedroom-No-Box-Spring-Needed-Black/14934309534?classType=VARIANT&from=/search,Anonymous,,neutral,0.554,0.5,neutral,roberta,Not what is described,This is not a floating bed. It's a regular full size metal frame,,False,0
14934309534,,https://www.walmart.com/ip/Floating-Bed-Frame-Twin-Size-Metal-Platform-Bed-with-LED-Lights-for-Bedroom-No-Box-Spring-Needed-Black/14934309534?classType=VARIANT&from=/search,Anonymous,,neutral,0.5537,0.5,neutral,roberta,,"Easy set up, i can see the instructions being hard to understand for some though.",,False,0
14934309534,,https://www.walmart.com/ip/Floating-Bed-Frame-Twin-Size-Metal-Platform-Bed-with-LED-Lights-for-Bedroom-No-Box-Spring-Needed-Black/14934309534?classType=VARIANT&from=/search,Anonymous,,neutral,0.557,0.5,neutral,roberta,.Lower than expected,Bed is lower to the floor than I expected,,False,0
14934309534,,https://www.walmart.com/ip/Floating-Bed-Frame-Twin-Size-Metal-Platform-Bed-with-LED-Lights-for-Bedroom-No-Box-Spring-Needed-Black/14934309534?classType=VARIANT&from=/search,Anonymous,,neutral,0.7636,0.5,neutral,roberta,,The LED Lights didn't go all the way around the frame,,False,0
15485552422,,https://www.walmart.com/ip/Feonase-Twin-Bed-Frame-Storage-Drawer-Metal-Platform-Bed-Charging-Station-Upholstered-Button-Tufted-Storage-Headboard-Box-Spring-Needed-Noise-Free-Ea/15485552422?classType=VARIANT&from=/search,Anonymous,,neutral,0.8352,0.5,neutral,roberta,Consider a different frame,If all weight is applied to one side rails from the opposite side may stick out or come out of place. When moving around bed frame may make some noise.,,False,0
15485552422,,https://www.walmart.com/ip/Feonase-Twin-Bed-Frame-Storage-Drawer-Metal-Platform-Bed-Charging-Station-Upholstered-Button-Tufted-Storage-Headboard-Box-Spring-Needed-Noise-Free-Ea/15485552422?classType=VARIANT&from=/search,Anonymous,,neutral,0.7612,0.5,neutral,roberta,,It would be more finished if the side if the headboard were enclosed.,,False,0
5107768796,,https://www.walmart.com/ip/Lifezone-Queen-Bed-Frame-with-Rustic-Vintage-Wood-Headboard-and-Footboard-Metal-Support-Rustic-Brown/5107768796?classType=VARIANT&athbdg=L1600&from=/search,Anonymous,,neutral,0.5683,0.5,neutral,roberta,"nice, sturdy bedframe w/ headboard","Assembly went smooth except for 1 bolt/screw. The instructions indicated to use was too short, the only other 1 was too long. so i used it but used a nut to take up the slack to prevent the bolt from going thru the wood.",,False,0
5107768796,,https://www.walmart.com/ip/Lifezone-Queen-Bed-Frame-with-Rustic-Vintage-Wood-Headboard-and-Footboard-Metal-Support-Rustic-Brown/5107768796?classType=VARIANT&athbdg=L1600&from=/search,Anonymous,,neutral,0.5213,0.5,neutral,roberta,Middle support gave in immediately,"As soon as I got the mattress on top and sat down, the middle part bent. Took the mattress off to try and straighten it out but nope, it's permanently like that now.",,False,0
5107768796,,https://www.walmart.com/ip/Lifezone-Queen-Bed-Frame-with-Rustic-Vintage-Wood-Headboard-and-Footboard-Metal-Support-Rustic-Brown/5107768796?classType=VARIANT&athbdg=L1600&from=/search,Anonymous,,neutral,0.551,0.5,neutral,roberta,Life zone rustic bedframe.,Could you send me a video instruction step by step how to put it together. We're satisfied with the bedframe. We just need help getting it put together. Could you please give us some feedback about this ?,,False,0
5107768796,,https://www.walmart.com/ip/Lifezone-Queen-Bed-Frame-with-Rustic-Vintage-Wood-Headboard-and-Footboard-Metal-Support-Rustic-Brown/5107768796?classType=VARIANT&athbdg=L1600&from=/search,Anonymous,,neutral,0.8903,0.5,neutral,roberta,,middle support bar leans to the right so now the legs lean as well and is unsturdy.,,False,0
5107768796,,https://www.walmart.com/ip/Lifezone-Queen-Bed-Frame-with-Rustic-Vintage-Wood-Headboard-and-Footboard-Metal-Support-Rustic-Brown/5107768796?classType=VARIANT&athbdg=L1600&from=/search,Anonymous,,neutral,0.5131,0.5,neutral,roberta,,easy to assemble but bent in the middle pretty early on,,False,0
5107768796,,https://www.walmart.com/ip/Lifezone-Queen-Bed-Frame-with-Rustic-Vintage-Wood-Headboard-and-Footboard-Metal-Support-Rustic-Brown/5107768796?classType=VARIANT&athbdg=L1600&from=/search,Anonymous,,neutral,0.8243,0.5,neutral,roberta,,putting it together was a 2 person job. we put a 12 inch mattress on it with pillows like the picture and the headboard is burried. not exactly like the picture but will do. I purchased 3 of them to replace some other beds.,,False,0
5107768796,,https://www.walmart.com/ip/Lifezone-Queen-Bed-Frame-with-Rustic-Vintage-Wood-Headboard-and-Footboard-Metal-Support-Rustic-Brown/5107768796?classType=VARIANT&athbdg=L1600&from=/search,Anonymous,,neutral,0.7411,0.5,neutral,roberta,,what was expected not too fancy or cheap in between,,False,0
5107768796,,https://www.walmart.com/ip/Lifezone-Queen-Bed-Frame-with-Rustic-Vintage-Wood-Headboard-and-Footboard-Metal-Support-Rustic-Brown/5107768796?classType=VARIANT&athbdg=L1600&from=/search,Anonymous,,neutral,0.48,0.5,neutral,roberta,,"took a few days for matress to expand ,wellworth the wait.ease of assembly ,just have to be handy.",,False,0
5107768796,,https://www.walmart.com/ip/Lifezone-Queen-Bed-Frame-with-Rustic-Vintage-Wood-Headboard-and-Footboard-Metal-Support-Rustic-Brown/5107768796?classType=VARIANT&athbdg=L1600&from=/search,Anonymous,,neutral,0.5948,0.5,neutral,roberta,Queen bed,"While it was easy to put together, I did not expect to have to put every single piece together.",,False,0
5107768796,,https://www.walmart.com/ip/Lifezone-Queen-Bed-Frame-with-Rustic-Vintage-Wood-Headboard-and-Footboard-Metal-Support-Rustic-Brown/5107768796?classType=VARIANT&athbdg=L1600&from=/search,Anonymous,,neutral,0.7994,0.5,neutral,roberta,,it would have ni e for thr wood ti have been real wood.,,False,0
5107768796,,https://www.walmart.com/ip/Lifezone-Queen-Bed-Frame-with-Rustic-Vintage-Wood-Headboard-and-Footboard-Metal-Support-Rustic-Brown/5107768796?classType=VARIANT&athbdg=L1600&from=/search,Anonymous,,neutral,0.608,0.5,neutral,roberta,,the support poles are not long enough so they pop out of the support brackets they rest in,,False,0
5107768796,,https://www.walmart.com/ip/Lifezone-Queen-Bed-Frame-with-Rustic-Vintage-Wood-Headboard-and-Footboard-Metal-Support-Rustic-Brown/5107768796?classType=VARIANT&athbdg=L1600&from=/search,Anonymous,,neutral,0.3996,0.5,neutral,roberta,Decent for the price,Decent bed for the price. Only bad thing is the footers stick out from the mattress making sharp edges on the corners of the bottom of the bed.,,False,0
5107768796,,https://www.walmart.com/ip/Lifezone-Queen-Bed-Frame-with-Rustic-Vintage-Wood-Headboard-and-Footboard-Metal-Support-Rustic-Brown/5107768796?classType=VARIANT&athbdg=L1600&from=/search,Anonymous,,neutral,0.7602,0.5,neutral,roberta,short term use,ok but not LONG TERM uses. keep tools to re tighten every month for sure,,False,0
3839175141,,https://www.walmart.com/ip/LED-Bed-Frame-Queen-Size-2-USB-Ports-Outlets-Platform-Metal-Bed-Frame-4-Storage-Drawers-Headboard-Box-Spring-Needed-Noise-Free-Rustic-Brown-Queen/3839175141?classType=VARIANT&from=/search,Anonymous,,neutral,0.6787,0.5,neutral,roberta,,"Definitely needs a bunkie board under the mattress, recommended to lightly sand where the light strip goes so it will stay in place",,False,0
3839175141,,https://www.walmart.com/ip/LED-Bed-Frame-Queen-Size-2-USB-Ports-Outlets-Platform-Metal-Bed-Frame-4-Storage-Drawers-Headboard-Box-Spring-Needed-Noise-Free-Rustic-Brown-Queen/3839175141?classType=VARIANT&from=/search,Anonymous,,neutral,0.4633,0.5,neutral,roberta,Long time to assemble,"Would recommend if you could put it together lots of small pieces just like anything, but it takes time to put together in all on the end. It says satisfied with it but again took a long time to put together.",,False,0
3839175141,,https://www.walmart.com/ip/LED-Bed-Frame-Queen-Size-2-USB-Ports-Outlets-Platform-Metal-Bed-Frame-4-Storage-Drawers-Headboard-Box-Spring-Needed-Noise-Free-Rustic-Brown-Queen/3839175141?classType=VARIANT&from=/search,Anonymous,,neutral,0.5498,0.5,neutral,roberta,,Didn't have all the holes drilled into the bed frame so I had too improvise .other than that I like it,,False,0
3839175141,,https://www.walmart.com/ip/LED-Bed-Frame-Queen-Size-2-USB-Ports-Outlets-Platform-Metal-Bed-Frame-4-Storage-Drawers-Headboard-Box-Spring-Needed-Noise-Free-Rustic-Brown-Queen/3839175141?classType=VARIANT&from=/search,Anonymous,,neutral,0.5508,0.5,neutral,roberta,,"On the drawer, part of the bed or one of the poles you do not have a hole so I cannot put it together",,False,0
3839175141,,https://www.walmart.com/ip/LED-Bed-Frame-Queen-Size-2-USB-Ports-Outlets-Platform-Metal-Bed-Frame-4-Storage-Drawers-Headboard-Box-Spring-Needed-Noise-Free-Rustic-Brown-Queen/3839175141?classType=VARIANT&from=/search,Anonymous,,neutral,0.7363,0.5,neutral,roberta,,the led for some reason flashes on and off like its being disconnected but its hard to tell. other then that the assembly was simply and it holds up.,,False,0
3839175141,,https://www.walmart.com/ip/LED-Bed-Frame-Queen-Size-2-USB-Ports-Outlets-Platform-Metal-Bed-Frame-4-Storage-Drawers-Headboard-Box-Spring-Needed-Noise-Free-Rustic-Brown-Queen/3839175141?classType=VARIANT&from=/search,Anonymous,,neutral,0.4659,0.5,neutral,roberta,,This bed didnt have clear instructions just pictures so it took me a long time putting it together but overall it's a decent bed,,False,0
3839175141,,https://www.walmart.com/ip/LED-Bed-Frame-Queen-Size-2-USB-Ports-Outlets-Platform-Metal-Bed-Frame-4-Storage-Drawers-Headboard-Box-Spring-Needed-Noise-Free-Rustic-Brown-Queen/3839175141?classType=VARIANT&from=/search,Anonymous,,neutral,0.5273,0.5,neutral,roberta,,Some of the pre-drilled holes were not drilled had to do it myself,,False,0
3839175141,,https://www.walmart.com/ip/LED-Bed-Frame-Queen-Size-2-USB-Ports-Outlets-Platform-Metal-Bed-Frame-4-Storage-Drawers-Headboard-Box-Spring-Needed-Noise-Free-Rustic-Brown-Queen/3839175141?classType=VARIANT&from=/search,Anonymous,,neutral,0.5373,0.5,neutral,roberta,Queen bed,Bed is very sturdy… The drawers needs a little more stability… Very flimsy… drawers needs to be more like the bed…,,False,0
3839175141,,https://www.walmart.com/ip/LED-Bed-Frame-Queen-Size-2-USB-Ports-Outlets-Platform-Metal-Bed-Frame-4-Storage-Drawers-Headboard-Box-Spring-Needed-Noise-Free-Rustic-Brown-Queen/3839175141?classType=VARIANT&from=/search,Anonymous,,neutral,0.4177,0.5,neutral,roberta,,The assembly was easy and the frame is very solid. However the draws are not so good.,,False,0
3839175141,,https://www.walmart.com/ip/LED-Bed-Frame-Queen-Size-2-USB-Ports-Outlets-Platform-Metal-Bed-Frame-4-Storage-Drawers-Headboard-Box-Spring-Needed-Noise-Free-Rustic-Brown-Queen/3839175141?classType=VARIANT&from=/search,Anonymous,,neutral,0.6168,0.5,neutral,roberta,Low to the Ground,"This bed is very low to the ground, even with the mattress on it.",,False,0
3839175141,,https://www.walmart.com/ip/LED-Bed-Frame-Queen-Size-2-USB-Ports-Outlets-Platform-Metal-Bed-Frame-4-Storage-Drawers-Headboard-Box-Spring-Needed-Noise-Free-Rustic-Brown-Queen/3839175141?classType=VARIANT&from=/search,Anonymous,,neutral,0.6251,0.5,neutral,roberta,,it works but it has big gap at the head of the bed it has cloth basket for droores,,False,0
3839175141,,https://www.walmart.com/ip/LED-Bed-Frame-Queen-Size-2-USB-Ports-Outlets-Platform-Metal-Bed-Frame-4-Storage-Drawers-Headboard-Box-Spring-Needed-Noise-Free-Rustic-Brown-Queen/3839175141?classType=VARIANT&from=/search,Anonymous,,neutral,0.6837,0.5,neutral,roberta,,mattress falls in and gets wedged between bars at head and foot,,False,0
5469929206,,https://www.walmart.com/ip/Mainstays-Upholstered-Platform-Bed-No-Box-Spring-Needed-Gray-Queen/5469929206?classType=VARIANT&athbdg=L1103&from=/search,Anonymous,,neutral,0.438,0.5,neutral,roberta,"Good, but not the Best","Its a strong bed, just not so heavy that it won't move. If you push a little it will slide. Otherwise its a nice bed, you can keep small storage stuff underneath.",,False,0
5469929206,,https://www.walmart.com/ip/Mainstays-Upholstered-Platform-Bed-No-Box-Spring-Needed-Gray-Queen/5469929206?classType=VARIANT&athbdg=L1103&from=/search,Anonymous,,neutral,0.4189,0.5,neutral,roberta,It can definitely improve design and instructions.,"Sturdy, solid queen bed frame, however the instructions can improve and the headboard doesn't align with the holes to insert the screws. I had to drill new ones to make it work. I have seen that comment several times and thought I would be a lucky customer, but sadly, no, I wasn't. Do not know what the designer of this bedframe (the headboard absurd misalignment) was smoking or drinking at the time of designing the attachment of that part... Other than that, the frame is pretty good. The mattress feels very firm and steady on it.",,False,0
5469929206,,https://www.walmart.com/ip/Mainstays-Upholstered-Platform-Bed-No-Box-Spring-Needed-Gray-Queen/5469929206?classType=VARIANT&athbdg=L1103&from=/search,Anonymous,,neutral,0.5073,0.5,neutral,roberta,worth it,relatively easy to put together with directions book but it is definitely heavy for the headboard and sode rails. the center bars can be a challenge to put into place fully but once mattress is on they will slide all the way into place. i just dont like the description of it being suitable for no box spring because my box spring less mattress gets stick in the rails but easy to lift out.,,False,0
5469929206,,https://www.walmart.com/ip/Mainstays-Upholstered-Platform-Bed-No-Box-Spring-Needed-Gray-Queen/5469929206?classType=VARIANT&athbdg=L1103&from=/search,Anonymous,,neutral,0.5505,0.5,neutral,roberta,Okayish,"Bed is fine, building it was a hassle! The mattress keeps slipping from the top and uou have to adjust it everytime you get down from the bed.",,False,0
5469929206,,https://www.walmart.com/ip/Mainstays-Upholstered-Platform-Bed-No-Box-Spring-Needed-Gray-Queen/5469929206?classType=VARIANT&athbdg=L1103&from=/search,Anonymous,,neutral,0.7773,0.5,neutral,roberta,mattress moves on it!,no boundries or frame to keep mattredd still. mattress slip ans slides to sides,,False,0
5469929206,,https://www.walmart.com/ip/Mainstays-Upholstered-Platform-Bed-No-Box-Spring-Needed-Gray-Queen/5469929206?classType=VARIANT&athbdg=L1103&from=/search,Anonymous,,neutral,0.7154,0.5,neutral,roberta,,Box delivered taped up. When guy from Angi came to assemble the bed a piece was missing. Returned it.,,False,0
5469929206,,https://www.walmart.com/ip/Mainstays-Upholstered-Platform-Bed-No-Box-Spring-Needed-Gray-Queen/5469929206?classType=VARIANT&athbdg=L1103&from=/search,Anonymous,,neutral,0.5594,0.5,neutral,roberta,,one of the main screws was not getting in the frame,,False,0
5469929206,,https://www.walmart.com/ip/Mainstays-Upholstered-Platform-Bed-No-Box-Spring-Needed-Gray-Queen/5469929206?classType=VARIANT&athbdg=L1103&from=/search,Anonymous,,neutral,0.5277,0.5,neutral,roberta,,It was okay kinda flimsy the metal to hold the bed just slips out of place,,False,0
5469929206,,https://www.walmart.com/ip/Mainstays-Upholstered-Platform-Bed-No-Box-Spring-Needed-Gray-Queen/5469929206?classType=VARIANT&athbdg=L1103&from=/search,Anonymous,,neutral,0.6344,0.5,neutral,roberta,,The “metal” bars break easy got this in March and is already starting to break,,False,0
5375281156,,https://www.walmart.com/ip/4-EVER-WINNER-Twin-Bed-Frame-White-Twin-Bed-Frame-for-Kids-Twin-Size-Upholstered-Bed-Frame-with-Headboard-White/5375281156?adsRedirect=true,Anonymous,,neutral,0.7558,0.5,neutral,roberta,,It was just a little smaller then the pictures looked,,False,0
5044454331,,https://www.walmart.com/ip/NISIEN-Queen-Bed-Frame-with-Charging-Station-Upholstered-Platform-Bed-with-Wingback-Storage-Headboard-Dark-Gray/5044454331?classType=VARIANT&from=/search,Anonymous,,neutral,0.5841,0.5,neutral,roberta,2/3 person assembly %26 not noise free,"Definitely need 2/3 people to assemble the bed but after you get through the first part and a few breaks, it’s pretty easy. The bed is comfortable but it is not noise free as stated. My son said it squeaks and I heard it for myself today. Other than that, the bed looks great!",,False,0
5044454331,,https://www.walmart.com/ip/NISIEN-Queen-Bed-Frame-with-Charging-Station-Upholstered-Platform-Bed-with-Wingback-Storage-Headboard-Dark-Gray/5044454331?classType=VARIANT&from=/search,Anonymous,,neutral,0.3915,0.5,neutral,roberta,,"I never opened the box...my son beat me to this Christmas present for my grandson, so I won't be needing it. I'm sure everything is great but since I didn't know for sure.. I rated down the middle.",,False,0
3091655744,,https://www.walmart.com/ip/Govee-A19-E26-800LM-9W-RGBWW-Smart-LED-Bulb-2-Packs/3091655744?classType=REGULAR&adsRedirect=true,Anonymous,,neutral,0.7928,0.5,neutral,roberta,Paid Membership Required!!!,You have to pay for a yearly membership to access the color changing features of these light bulbs.,,False,0
3091655744,,https://www.walmart.com/ip/Govee-A19-E26-800LM-9W-RGBWW-Smart-LED-Bulb-2-Packs/3091655744?classType=REGULAR&adsRedirect=true,Anonymous,,neutral,0.671,0.5,neutral,roberta,,White light is able to light up a room the colored lights barely light up anything,,False,0
3091655744,,https://www.walmart.com/ip/Govee-A19-E26-800LM-9W-RGBWW-Smart-LED-Bulb-2-Packs/3091655744?classType=REGULAR&adsRedirect=true,Anonymous,,neutral,0.4686,0.5,neutral,roberta,Solid 3 but get one with Bluetooth for easier connection.,"Its great light, but for long term use there is an issue. the H6003 requires 2.4Ghz wi-fi band to set it up and continue controlling the lights. Your phone is probably on a 5Ghz wifi band. it won't connect to the light or control them after setup if you move your phone back to the faster wi-fi. Each light has to be setup individually. There is no batch change option that I've found in the app.",,False,0
3091655744,,https://www.walmart.com/ip/Govee-A19-E26-800LM-9W-RGBWW-Smart-LED-Bulb-2-Packs/3091655744?classType=REGULAR&adsRedirect=true,Anonymous,,neutral,0.5231,0.5,neutral,roberta,Software problem,"I bought this item with the purpose of changing the lights to colors to the rhythm of the music, and it works when I enter the app and press that mode, but when I exit the app, it resets. I bought two of them, and while one works in the app with the music, the other one doesn't. I think it's a software issue. Can you help me with this matter?",,False,0
3091655744,,https://www.walmart.com/ip/Govee-A19-E26-800LM-9W-RGBWW-Smart-LED-Bulb-2-Packs/3091655744?classType=REGULAR&adsRedirect=true,Anonymous,,neutral,0.4215,0.5,neutral,roberta,Updated review..Nice lights not without with some issues,Nice lights nice colors you can group lights in app and group lights with google voice has more control than alexa. Alexa integration of groups doesnt exist. I give it a 8 if it had alexa control as well it's a 7 I'm very happy hopefully they last and don't have to be reset often. Few days later seems that initial app install was fine on iOS secondary phone app installed on android not as well. Android govee app can control lights but can never bring the lights back to a of 2700k white seems like a bug. I'm using android 7 nougat and reinstalled app and still very buggy on android. Looks like product is aimed at the iphone user my wifes iphone works very nice. Google voice and alexa will switch on and offf lights at the last set color. You can change the light color in google home but wont ever be 2700k full brightness . Alexa app is strictly on/off no groups i can see yet. so really need an iphone with govee app to make this unit purr. Hopefully they will work out the kinks or maybe my android is too old I really would just like to be able to tell google these lights go to 2700k full brightness with or and i woud be very pleased . I can tell google to go to green no issue to go red no issue and white but whites not a normal lighting for room. Well i like govee it looks like there is a lot of effort put in this product but it does fall short of the mark they set for the light. I bought 6 for my bedroom and they do work but not without some issues. Its always posibble that ymmmv. Perhaps a new android phone would cure the issue Ill update when something changes.Update....awesome lights my phone was corrupted reformatted phone hover works as it should 5 stars,,False,0
823129042,,https://www.walmart.com/ip/Merkury-Innovations-Indoor-USB-Powered-Remote-Control-3-Flashing-Modes-LEDs-Curtain-Lights/823129042?classType=REGULAR&athbdg=L1600&from=/search,Anonymous,,neutral,0.7995,0.5,neutral,roberta,,I asked for the colored ones and I got the white ones,,False,0
823129042,,https://www.walmart.com/ip/Merkury-Innovations-Indoor-USB-Powered-Remote-Control-3-Flashing-Modes-LEDs-Curtain-Lights/823129042?classType=REGULAR&athbdg=L1600&from=/search,Anonymous,,neutral,0.4965,0.5,neutral,roberta,,I ordered these thinking they were fairy lights but when I picked it up it was micro led lights. The description was not detailed enough. The gentleman who helped me with my pick then helped me to return it. He was very busy and still exceptionally polite and professional.,,False,0
823129042,,https://www.walmart.com/ip/Merkury-Innovations-Indoor-USB-Powered-Remote-Control-3-Flashing-Modes-LEDs-Curtain-Lights/823129042?classType=REGULAR&athbdg=L1600&from=/search,Anonymous,,neutral,0.4349,0.5,neutral,roberta,,Lights look nice if they kept working. The remote gave a lot of issues worked sometimes other times didn't work at all. Now they don't turn on at all.,,False,0
823129042,,https://www.walmart.com/ip/Merkury-Innovations-Indoor-USB-Powered-Remote-Control-3-Flashing-Modes-LEDs-Curtain-Lights/823129042?classType=REGULAR&athbdg=L1600&from=/search,Anonymous,,neutral,0.721,0.5,neutral,roberta,,"used a couple of times, then all of sudden only two strands of light would lit up. Only had them for a week.",,False,0
823129042,,https://www.walmart.com/ip/Merkury-Innovations-Indoor-USB-Powered-Remote-Control-3-Flashing-Modes-LEDs-Curtain-Lights/823129042?classType=REGULAR&athbdg=L1600&from=/search,Anonymous,,neutral,0.8198,0.5,neutral,roberta,Wall hanging lights,They are powered by a usb so have a box to plug in to use,,False,0
823129042,,https://www.walmart.com/ip/Merkury-Innovations-Indoor-USB-Powered-Remote-Control-3-Flashing-Modes-LEDs-Curtain-Lights/823129042?classType=REGULAR&athbdg=L1600&from=/search,Anonymous,,neutral,0.7098,0.5,neutral,roberta,,very small window curtain lights not large as measured,,False,0
104043689,,https://www.walmart.com/ip/Window-Curtain-String-Light-300-Waterproof-LED-Twinkle-Lights-8-Modes-Fairy-Lights-USB-Remote-Control-Lights-Christmas-Bedroom-Party-Wedding-Home-Gar/104043689?classType=VARIANT&from=/search,Anonymous,,neutral,0.4657,0.5,neutral,roberta,,I liked it because it served its purpose but it looks better looking from the outside in but when you’re inside it doesn’t really look as nice,,False,0
104043689,,https://www.walmart.com/ip/Window-Curtain-String-Light-300-Waterproof-LED-Twinkle-Lights-8-Modes-Fairy-Lights-USB-Remote-Control-Lights-Christmas-Bedroom-Party-Wedding-Home-Gar/104043689?classType=VARIANT&from=/search,Anonymous,,neutral,0.5952,0.5,neutral,roberta,,i just used these for a wedding back drop now im going to use them for a photo booth set up at church for Christmas,,False,0
104043689,,https://www.walmart.com/ip/Window-Curtain-String-Light-300-Waterproof-LED-Twinkle-Lights-8-Modes-Fairy-Lights-USB-Remote-Control-Lights-Christmas-Bedroom-Party-Wedding-Home-Gar/104043689?classType=VARIANT&from=/search,Anonymous,,neutral,0.6992,0.5,neutral,roberta,Color changing option rocks,"I bought this LED strip to bring some different highlights to my room. Placed it behind my tv to get the focus and give accents to the room. Bright lights, but not too bright. It also looks waterproof cause the LEDs and wiring are embedded in this rubber overlay. The strip is about half an inch thick if you were wondering how thick it was. It does contain adhesive on the back to stick it to the wall or around the back of the TV. Does contain a slight barely noticeable noise when it is plugged into the outlet, I guess it depends on how good your hearing is, since you have to be right near the outlet to hear it. Many modes, so far I’ve noticed solid color, flicker, and music.",,False,0
104043689,,https://www.walmart.com/ip/Window-Curtain-String-Light-300-Waterproof-LED-Twinkle-Lights-8-Modes-Fairy-Lights-USB-Remote-Control-Lights-Christmas-Bedroom-Party-Wedding-Home-Gar/104043689?classType=VARIANT&from=/search,Anonymous,,neutral,0.6508,0.5,neutral,roberta,adds festive touch,"read instructions for best install. 1st nail ,then hang then unravel strands.",,False,0
104043689,,https://www.walmart.com/ip/Window-Curtain-String-Light-300-Waterproof-LED-Twinkle-Lights-8-Modes-Fairy-Lights-USB-Remote-Control-Lights-Christmas-Bedroom-Party-Wedding-Home-Gar/104043689?classType=VARIANT&from=/search,Anonymous,,neutral,0.5368,0.5,neutral,roberta,Better if all parts were there.,No hooks in pigs making it difficult to use.,,False,0
104043689,,https://www.walmart.com/ip/Window-Curtain-String-Light-300-Waterproof-LED-Twinkle-Lights-8-Modes-Fairy-Lights-USB-Remote-Control-Lights-Christmas-Bedroom-Party-Wedding-Home-Gar/104043689?classType=VARIANT&athbdg=L1600&from=/search,Anonymous,,neutral,0.5952,0.5,neutral,roberta,,i just used these for a wedding back drop now im going to use them for a photo booth set up at church for Christmas,,False,0
104043689,,https://www.walmart.com/ip/Window-Curtain-String-Light-300-Waterproof-LED-Twinkle-Lights-8-Modes-Fairy-Lights-USB-Remote-Control-Lights-Christmas-Bedroom-Party-Wedding-Home-Gar/104043689?classType=VARIANT&athbdg=L1600&from=/search,Anonymous,,neutral,0.4657,0.5,neutral,roberta,,I liked it because it served its purpose but it looks better looking from the outside in but when you’re inside it doesn’t really look as nice,,False,0
104043689,,https://www.walmart.com/ip/Window-Curtain-String-Light-300-Waterproof-LED-Twinkle-Lights-8-Modes-Fairy-Lights-USB-Remote-Control-Lights-Christmas-Bedroom-Party-Wedding-Home-Gar/104043689?classType=VARIANT&athbdg=L1600&from=/search,Anonymous,,neutral,0.6992,0.5,neutral,roberta,Color changing option rocks,"I bought this LED strip to bring some different highlights to my room. Placed it behind my tv to get the focus and give accents to the room. Bright lights, but not too bright. It also looks waterproof cause the LEDs and wiring are embedded in this rubber overlay. The strip is about half an inch thick if you were wondering how thick it was. It does contain adhesive on the back to stick it to the wall or around the back of the TV. Does contain a slight barely noticeable noise when it is plugged into the outlet, I guess it depends on how good your hearing is, since you have to be right near the outlet to hear it. Many modes, so far I’ve noticed solid color, flicker, and music.",,False,0
104043689,,https://www.walmart.com/ip/Window-Curtain-String-Light-300-Waterproof-LED-Twinkle-Lights-8-Modes-Fairy-Lights-USB-Remote-Control-Lights-Christmas-Bedroom-Party-Wedding-Home-Gar/104043689?classType=VARIANT&athbdg=L1600&from=/search,Anonymous,,neutral,0.6508,0.5,neutral,roberta,adds festive touch,"read instructions for best install. 1st nail ,then hang then unravel strands.",,False,0
104043689,,https://www.walmart.com/ip/Window-Curtain-String-Light-300-Waterproof-LED-Twinkle-Lights-8-Modes-Fairy-Lights-USB-Remote-Control-Lights-Christmas-Bedroom-Party-Wedding-Home-Gar/104043689?classType=VARIANT&athbdg=L1600&from=/search,Anonymous,,neutral,0.4988,0.5,neutral,roberta,,I never got to use them. Maybe I will be able to use them next Christmas,,False,0
104043689,,https://www.walmart.com/ip/Window-Curtain-String-Light-300-Waterproof-LED-Twinkle-Lights-8-Modes-Fairy-Lights-USB-Remote-Control-Lights-Christmas-Bedroom-Party-Wedding-Home-Gar/104043689?classType=VARIANT&athbdg=L1600&from=/search,Anonymous,,neutral,0.5368,0.5,neutral,roberta,Better if all parts were there.,No hooks in pigs making it difficult to use.,,False,0
493599532,,https://www.walmart.com/ip/Mainstays-Indoor-50-Count-LED-Globe-Lights-with-Frosted-White-G20-Globes-AC-Adaptor-4-5-Volts/493599532?classType=REGULAR&from=/search,Anonymous,,neutral,0.7088,0.5,neutral,roberta,,It's not as brightness as the display suggests. Still was enough light given it being night time tho.,,False,0
493599532,,https://www.walmart.com/ip/Mainstays-Indoor-50-Count-LED-Globe-Lights-with-Frosted-White-G20-Globes-AC-Adaptor-4-5-Volts/493599532?classType=REGULAR&from=/search,Anonymous,,neutral,0.5325,0.5,neutral,roberta,Tiny light bulbs,Tiny light bulbs. Not your usual E21 bulbs. Returning to Walmart.,,False,0
493599532,,https://www.walmart.com/ip/Mainstays-Indoor-50-Count-LED-Globe-Lights-with-Frosted-White-G20-Globes-AC-Adaptor-4-5-Volts/493599532?classType=REGULAR&from=/search,Anonymous,,neutral,0.8488,0.5,neutral,roberta,Decorative frosted globe lights.,There are 50ct. led globe lights. They are a white frosted G20 globes. The lighted length is 16.3 ft. (4.9m). & total length is 21.3 ft. (6.4m). The cord is white and the globe lights are frosted white. Can only be used indoors. The size of the globes compared to a quarter in my picture below. These are nice little bright lights.,,False,0
493599532,,https://www.walmart.com/ip/Mainstays-Indoor-50-Count-LED-Globe-Lights-with-Frosted-White-G20-Globes-AC-Adaptor-4-5-Volts/493599532?classType=REGULAR&from=/search,Anonymous,,neutral,0.4927,0.5,neutral,roberta,96-ct LED Bulb Curtain Lights,"Easy to hang, standard outlet but no option for this item on the drop down menu for novelty lights 1-year warranty registration for this product. Not bad for price $11.27 in-store.",,False,0
493599532,,https://www.walmart.com/ip/Mainstays-Indoor-50-Count-LED-Globe-Lights-with-Frosted-White-G20-Globes-AC-Adaptor-4-5-Volts/493599532?classType=REGULAR&from=/search,Anonymous,,neutral,0.5125,0.5,neutral,roberta,50 frosted little globe lights on white wire - ? into a regular outlet ???,50 little frosted globe lights on white wire- they look like they're going to look fwhen the rest of my order comes from Shien over seas. Is probably take a while so now my goal is to not misplaced these until I get them down but tepestry I ord Er ed them with. I'm excited! These look so good! Thanks I really hope they last a season,,False,0
493599532,,https://www.walmart.com/ip/Mainstays-Indoor-50-Count-LED-Globe-Lights-with-Frosted-White-G20-Globes-AC-Adaptor-4-5-Volts/493599532?classType=REGULAR&from=/search,Anonymous,,neutral,0.5861,0.5,neutral,roberta,Bang for your buck,The globe fixtures need to be tightened together with the bulb so that the plastic globes don't fall off. Otherwise it's good.,,False,0
493599532,,https://www.walmart.com/ip/Mainstays-Indoor-50-Count-LED-Globe-Lights-with-Frosted-White-G20-Globes-AC-Adaptor-4-5-Volts/493599532?classType=REGULAR&from=/search,Anonymous,,neutral,0.5969,0.5,neutral,roberta,Tiny lights.,"So you know, these lights are the size of small marbles.",,False,0
714657701,,https://www.walmart.com/ip/Mainstays-96-Count-Indoor-Curtain-Lights-with-Warm-White-LED-Light-Bulbs-Corded-Electric/714657701?classType=REGULAR&athbdg=L1600&from=/search,Anonymous,,neutral,0.6931,0.5,neutral,roberta,,I bought for my daughter's bedroom. She wanted the one with white hanging bulbs but that's all they had.,,False,0
714657701,,https://www.walmart.com/ip/Mainstays-96-Count-Indoor-Curtain-Lights-with-Warm-White-LED-Light-Bulbs-Corded-Electric/714657701?classType=REGULAR&athbdg=L1600&from=/search,Anonymous,,neutral,0.5599,0.5,neutral,roberta,,i ordered warm white light and they are not warm but very cool and bright,,False,0
714657701,,https://www.walmart.com/ip/Mainstays-96-Count-Indoor-Curtain-Lights-with-Warm-White-LED-Light-Bulbs-Corded-Electric/714657701?classType=REGULAR&athbdg=L1600&from=/search,Anonymous,,neutral,0.4345,0.5,neutral,roberta,Can't connect two together end to end,"These are quite pretty. They provide a nice soft glow. There's only one drawback, you can't connect them together end to end. I wanted to put these up on my sliding glass door in my eat in kitchen/family room and saw that I would need more than one to reach all the way across. So, I got two more and ended up not needing the third. Come to find out, there is no way to connect them together end to end like you can with Christmas lights, for example. So, I had to get two extension cords, connect the power ends together in the middle of the doors, and run the extension cord from the middle of my sliders down the side, and connect another extension cord to the first one in order to plug them into an outlet. (The fact that I had to use two extension cords isn't the fault of the product, it's because my sliders are very tall and I needed to avoid a doggy door that's next to them.) Other than that, they're still up on my doors and I plug them in every night to add a nice glow to add to the lights we use when watching tv or eating at the table.",,False,0
714657701,,https://www.walmart.com/ip/Mainstays-96-Count-Indoor-Curtain-Lights-with-Warm-White-LED-Light-Bulbs-Corded-Electric/714657701?classType=REGULAR&athbdg=L1600&from=/search,Anonymous,,neutral,0.747,0.5,neutral,roberta,Window lighting,"Soft lighting. Lightweight. Do not remove tie tags until you hang first. Otherwise, they will tangle and can become difficult to separate. You may need an extension cord to meet up with your local outlet.",,False,0
714657701,,https://www.walmart.com/ip/Mainstays-96-Count-Indoor-Curtain-Lights-with-Warm-White-LED-Light-Bulbs-Corded-Electric/714657701?classType=REGULAR&athbdg=L1600&from=/search,Anonymous,,neutral,0.6933,0.5,neutral,roberta,,"They weren't long enough to actually hang from anything, I used it as a runner around my charcuterie boards at my wedding instead so not a total loss.",,False,0
714657701,,https://www.walmart.com/ip/Mainstays-96-Count-Indoor-Curtain-Lights-with-Warm-White-LED-Light-Bulbs-Corded-Electric/714657701?classType=REGULAR&athbdg=L1600&from=/search,Anonymous,,neutral,0.5527,0.5,neutral,roberta,curtain lights,"love them but theres only about 5 strands that hang down, also the power cord to the actual lights is close together making it hard to put the lights up higher away from the outlet",,False,0
5000026176,,https://www.walmart.com/ip/Great-Value-Wireless-LED-Large-Tap-Light/5000026176?classType=VARIANT,Anonymous,,neutral,0.5197,0.5,neutral,roberta,,"I ordered 3 of these puck lights to place in closets that needed a bit more light. They came with batteries, but 1 had dead batteries. I didn't expect the batteries to be included, so that did not matter. The lights are a good size diameter, but I thought they would be a little brighter.",,False,0
5000026176,,https://www.walmart.com/ip/Great-Value-Wireless-LED-Large-Tap-Light/5000026176?classType=VARIANT,Anonymous,,neutral,0.6104,0.5,neutral,roberta,GV Wireless LED Tap Light,"The price is very reasonable, but don't buy the light thinking it will operate like a floodlight. Be reasonable with expectations. It is more or less supplemental light where more is needed. I put two in each closet. Originally planned to put a couple underneath my upper cabinets to better light certain areas of countertop but decided it wouldn't provide the needed brightness for kitchen work. It would be great to put on decorated shelves that need a little light or so many other places. Good product for adding supplemental or accent lighting.",,False,0
5000026176,,https://www.walmart.com/ip/Great-Value-Wireless-LED-Large-Tap-Light/5000026176?classType=VARIANT,Anonymous,,neutral,0.4752,0.5,neutral,roberta,,Very Useful when lights go off can used during bad weather,,False,0
5000026176,,https://www.walmart.com/ip/Great-Value-Wireless-LED-Large-Tap-Light/5000026176?classType=VARIANT,Anonymous,,neutral,0.7507,0.5,neutral,roberta,Will not stay stuck,Fell within 5 minutes and will not stay stuck,,False,0
5000026176,,https://www.walmart.com/ip/Great-Value-Wireless-LED-Large-Tap-Light/5000026176?classType=VARIANT,Anonymous,,neutral,0.5569,0.5,neutral,roberta,,Kinda big doesn't stay up on its own to heavy with batterys,,False,0
5000026176,,https://www.walmart.com/ip/Great-Value-Wireless-LED-Large-Tap-Light/5000026176?classType=VARIANT,Anonymous,,neutral,0.5576,0.5,neutral,roberta,,The light does not stick to the wall it falls off. If the sticky thing would stick to the wall it would be perfect,,False,0
5000026176,,https://www.walmart.com/ip/Great-Value-Wireless-LED-Large-Tap-Light/5000026176?classType=VARIANT,Anonymous,,neutral,0.491,0.5,neutral,roberta,,Stayed on ceiling of my pantry (stuck with Velcro). Fell two days later.,,False,0
5000026176,,https://www.walmart.com/ip/Great-Value-Wireless-LED-Large-Tap-Light/5000026176?classType=VARIANT,Anonymous,,neutral,0.907,0.5,neutral,roberta,,"Item is new and still being rated, can update on item after more time of use.",,False,0
5000026176,,https://www.walmart.com/ip/Great-Value-Wireless-LED-Large-Tap-Light/5000026176?classType=VARIANT,Anonymous,,neutral,0.5894,0.5,neutral,roberta,,one was broken and would not work. second works fine. just goes through batteries very quickly,,False,0
5000026176,,https://www.walmart.com/ip/Great-Value-Wireless-LED-Large-Tap-Light/5000026176?classType=VARIANT,Anonymous,,neutral,0.4083,0.5,neutral,roberta,Ok… battery cover comes right off though,I had to buy 4. They work well. Great under the cabinet and in the closets. However! That battery cover comes right off. I had to find a little screw to put in the notch- to be able to install it in conjunction with the Velcro that comes on it. I even tried taping the battery cover on and it somehow still slipped off without the screw. It's nothing that will cause me to return them. They work well and give off a nice amount of light. If they were more than $5 I probably would have not bothered.,,False,0
5000026176,,https://www.walmart.com/ip/Great-Value-Wireless-LED-Large-Tap-Light/5000026176?classType=VARIANT,Anonymous,,neutral,0.4545,0.5,neutral,roberta,Lights but no power,"Bought 2 of these mostly to have in case of power outage. The lights themselves are great. However, I wanted to buy batteries to go with them, but looked high an low and didn't find them. I checked the checkout counters where most stores have some.. none.. the cashier told me there was 1 counter with them ""locked up"".. come on.. that's crazy.",,False,0
5000026176,,https://www.walmart.com/ip/Great-Value-Wireless-LED-Large-Tap-Light/5000026176?classType=VARIANT,Anonymous,,neutral,0.5801,0.5,neutral,roberta,Battery cover isn't sturdy enough for under cabinets,"[This review was collected as part of a promotion.] I decided to put this light under the counter so it's a lot easier to make coffee in the early morning. It worked great for lighting until several times I came home to find the light had come unattached and fell to the floor with batteries scattered everywhere. I recommend using something besides the Velcro provided and then not really sure that will work because the cover seems to be the issue and it unlatches. Installation was simple and it was bright so that is a plus. But, definitely have to figure out the cover issue.",,False,0
714657701,,https://www.walmart.com/ip/Mainstays-96-Count-Indoor-Curtain-Lights-with-Warm-White-LED-Light-Bulbs-Corded-Electric/714657701?classType=REGULAR&athbdg=L1600,Anonymous,,neutral,0.6931,0.5,neutral,roberta,,I bought for my daughter's bedroom. She wanted the one with white hanging bulbs but that's all they had.,,False,0
714657701,,https://www.walmart.com/ip/Mainstays-96-Count-Indoor-Curtain-Lights-with-Warm-White-LED-Light-Bulbs-Corded-Electric/714657701?classType=REGULAR&athbdg=L1600,Anonymous,,neutral,0.5599,0.5,neutral,roberta,,i ordered warm white light and they are not warm but very cool and bright,,False,0
714657701,,https://www.walmart.com/ip/Mainstays-96-Count-Indoor-Curtain-Lights-with-Warm-White-LED-Light-Bulbs-Corded-Electric/714657701?classType=REGULAR&athbdg=L1600,Anonymous,,neutral,0.4345,0.5,neutral,roberta,Can't connect two together end to end,"These are quite pretty. They provide a nice soft glow. There's only one drawback, you can't connect them together end to end. I wanted to put these up on my sliding glass door in my eat in kitchen/family room and saw that I would need more than one to reach all the way across. So, I got two more and ended up not needing the third. Come to find out, there is no way to connect them together end to end like you can with Christmas lights, for example. So, I had to get two extension cords, connect the power ends together in the middle of the doors, and run the extension cord from the middle of my sliders down the side, and connect another extension cord to the first one in order to plug them into an outlet. (The fact that I had to use two extension cords isn't the fault of the product, it's because my sliders are very tall and I needed to avoid a doggy door that's next to them.) Other than that, they're still up on my doors and I plug them in every night to add a nice glow to add to the lights we use when watching tv or eating at the table.",,False,0
714657701,,https://www.walmart.com/ip/Mainstays-96-Count-Indoor-Curtain-Lights-with-Warm-White-LED-Light-Bulbs-Corded-Electric/714657701?classType=REGULAR&athbdg=L1600,Anonymous,,neutral,0.5527,0.5,neutral,roberta,curtain lights,"love them but theres only about 5 strands that hang down, also the power cord to the actual lights is close together making it hard to put the lights up higher away from the outlet",,False,0
714657701,,https://www.walmart.com/ip/Mainstays-96-Count-Indoor-Curtain-Lights-with-Warm-White-LED-Light-Bulbs-Corded-Electric/714657701?classType=REGULAR&athbdg=L1600,Anonymous,,neutral,0.6933,0.5,neutral,roberta,,"They weren't long enough to actually hang from anything, I used it as a runner around my charcuterie boards at my wedding instead so not a total loss.",,False,0
714657701,,https://www.walmart.com/ip/Mainstays-96-Count-Indoor-Curtain-Lights-with-Warm-White-LED-Light-Bulbs-Corded-Electric/714657701?classType=REGULAR&athbdg=L1600,Anonymous,,neutral,0.747,0.5,neutral,roberta,Window lighting,"Soft lighting. Lightweight. Do not remove tie tags until you hang first. Otherwise, they will tangle and can become difficult to separate. You may need an extension cord to meet up with your local outlet.",,False,0
17183258079,,https://www.walmart.com/ip/20V-Cordless-Leaf-Blower-120MPH-Electric-Blower-1-Batteries-Charger-Lightweight-Yard-Tools-Lawn-Care-Patio-Backyard-Garden-Grass-Blower-Floor-Outdoor/17183258079?classType=VARIANT&from=/search,Anonymous,,neutral,0.4498,0.5,neutral,roberta,,"Tiny but mighty. Only issue is the battery longevity. after a full charge, I was able to use it for 15-20 minutes before the battery died. Then, it takes 5 times as long to charge.",,False,0
1933662356,,https://www.walmart.com/ip/Hyper-Tough-Corded-Electric-Blower-7-Amp-330-CFM-blowing-force-150-MPH-air-speed-all-purpose-Leaf-Blower/1933662356?classType=REGULAR&from=/search,Anonymous,,neutral,0.3975,0.5,neutral,roberta,not bad for the money,Not bad for the money. Enough power for smaller jobs. Light weight and easy to handle. I wouldn't recommend this for regular yard work but is handy for lighter cleanup. Packaging is horrible. The tubes come jammed inside each other and some may not realize they are both there. Also some people feel it should come with a longer cord but all blowers come this way. Overall it is a good addition to my yard tools.,,False,0
1933662356,,https://www.walmart.com/ip/Hyper-Tough-Corded-Electric-Blower-7-Amp-330-CFM-blowing-force-150-MPH-air-speed-all-purpose-Leaf-Blower/1933662356?classType=REGULAR&from=/search,Anonymous,,neutral,0.4522,0.5,neutral,roberta,,"Sufficient for the price, however my old one ( purchased from Walmart ) cost less and was a lot more powerful. l only use this blower for screen porch and driveway duty so its good enough , but any job requiring more power then l would definitely look elsewhere.",,False,0
1933662356,,https://www.walmart.com/ip/Hyper-Tough-Corded-Electric-Blower-7-Amp-330-CFM-blowing-force-150-MPH-air-speed-all-purpose-Leaf-Blower/1933662356?classType=REGULAR&from=/search,Anonymous,,neutral,0.4706,0.5,neutral,roberta,,It was nice but I wanted a cordless blower. I guess I just didn't read it clearly enough,,False,0
1933662356,,https://www.walmart.com/ip/Hyper-Tough-Corded-Electric-Blower-7-Amp-330-CFM-blowing-force-150-MPH-air-speed-all-purpose-Leaf-Blower/1933662356?classType=REGULAR&from=/search,Anonymous,,neutral,0.7473,0.5,neutral,roberta,,"The shipping makes it the same price as other stores, without the shipping......",,False,0
3974923398,,https://www.walmart.com/ip/Senix-20V-Cordless-Jobsite-Leaf-Blower-180-MPH-at-75-CFM/3974923398?classType=VARIANT&from=/search,Anonymous,,neutral,0.5269,0.5,neutral,roberta,,Lighr weight for senior with weak arms yet powerful for my needs,,False,0
5420254621,,https://www.walmart.com/ip/SEYVUM-20V-Cordless-Leaf-Blower-with-two-Batteries-and-Charger-150MPH-320CFM-Electric-Leaf-Blower-for-Lawn-Care-Patio-Garden-Cleaning-Lightweight/5420254621?classType=VARIANT&from=/search,Anonymous,,neutral,0.5079,0.5,neutral,roberta,,charger power pack no electrical chords needed no gas dies the job comes with 2batteries doesnt last long,,False,0
5420254621,,https://www.walmart.com/ip/SEYVUM-20V-Cordless-Leaf-Blower-with-two-Batteries-and-Charger-150MPH-320CFM-Electric-Leaf-Blower-for-Lawn-Care-Patio-Garden-Cleaning-Lightweight/5420254621?classType=VARIANT&from=/search,Anonymous,,neutral,0.4051,0.5,neutral,roberta,,I got this item cuz I'm not a person that wants to rake a yard super friendly super easy to use lightweight extremely strong blowing power clears off my porch and the surrounding area of leaves even wet ones,,False,0
5420254621,,https://www.walmart.com/ip/SEYVUM-20V-Cordless-Leaf-Blower-with-two-Batteries-and-Charger-150MPH-320CFM-Electric-Leaf-Blower-for-Lawn-Care-Patio-Garden-Cleaning-Lightweight/5420254621?classType=VARIANT&from=/search,Anonymous,,neutral,0.4993,0.5,neutral,roberta,,It's light convenient does the job but not that powerful and batteries don't last long but easy to access and accomplish something,,False,0
5420254621,,https://www.walmart.com/ip/SEYVUM-20V-Cordless-Leaf-Blower-with-two-Batteries-and-Charger-150MPH-320CFM-Electric-Leaf-Blower-for-Lawn-Care-Patio-Garden-Cleaning-Lightweight/5420254621?classType=VARIANT&from=/search,Anonymous,,neutral,0.5489,0.5,neutral,roberta,use it for work,"use it for work , recharge both batteries before use the next day , i wish i had a extra charging cord, to charge extra battery , it last over 25 mintues or more , if you use both batteries,",,False,0
5420254621,,https://www.walmart.com/ip/SEYVUM-20V-Cordless-Leaf-Blower-with-two-Batteries-and-Charger-150MPH-320CFM-Electric-Leaf-Blower-for-Lawn-Care-Patio-Garden-Cleaning-Lightweight/5420254621?classType=VARIANT&from=/search,Anonymous,,neutral,0.4984,0.5,neutral,roberta,ADEQUATE,"This leaf blower is adequate for the job but it does not seem to have the power as claimed. Also, it's good that it comes with 2 batteries as the battery does not last as long when used on high power.",,False,0
5420254621,,https://www.walmart.com/ip/SEYVUM-20V-Cordless-Leaf-Blower-with-two-Batteries-and-Charger-150MPH-320CFM-Electric-Leaf-Blower-for-Lawn-Care-Patio-Garden-Cleaning-Lightweight/5420254621?classType=VARIANT&from=/search,Anonymous,,neutral,0.5564,0.5,neutral,roberta,,Doesn't last very long but you get what you pay for.,,False,0
5420254621,,https://www.walmart.com/ip/SEYVUM-20V-Cordless-Leaf-Blower-with-two-Batteries-and-Charger-150MPH-320CFM-Electric-Leaf-Blower-for-Lawn-Care-Patio-Garden-Cleaning-Lightweight/5420254621?classType=VARIANT&from=/search,Anonymous,,neutral,0.8161,0.5,neutral,roberta,Not yet,Haven't used enough to form an opinion. Used for a couple of minutes.,,False,0
5420254621,,https://www.walmart.com/ip/SEYVUM-20V-Cordless-Leaf-Blower-with-two-Batteries-and-Charger-150MPH-320CFM-Electric-Leaf-Blower-for-Lawn-Care-Patio-Garden-Cleaning-Lightweight/5420254621?classType=VARIANT&from=/search,Anonymous,,neutral,0.5079,0.5,neutral,roberta,Expand Buying Options,"I actually wanted a Ryobi blower. This blower was not a Ryobi but the closest to it that I thought I could get delivered in Hilo. As it turned out, I was able to get a Ryobi delivered to a store in my town. Please consider offering Ryobi products at Wal-mart.",,False,0
5420254621,,https://www.walmart.com/ip/SEYVUM-20V-Cordless-Leaf-Blower-with-two-Batteries-and-Charger-150MPH-320CFM-Electric-Leaf-Blower-for-Lawn-Care-Patio-Garden-Cleaning-Lightweight/5420254621?classType=VARIANT&from=/search,Anonymous,,neutral,0.4665,0.5,neutral,roberta,,It looks nice and easy to hold. But doesn't have the power even on high speed to move much. Will probably return and buy something stronger.,,False,0
5420254621,,https://www.walmart.com/ip/SEYVUM-20V-Cordless-Leaf-Blower-with-two-Batteries-and-Charger-150MPH-320CFM-Electric-Leaf-Blower-for-Lawn-Care-Patio-Garden-Cleaning-Lightweight/5420254621?classType=VARIANT&from=/search,Anonymous,,neutral,0.4529,0.5,neutral,roberta,,On time. its a gift so I cant rate its quality or its effectiveness.,,False,0
5420254621,,https://www.walmart.com/ip/SEYVUM-20V-Cordless-Leaf-Blower-with-two-Batteries-and-Charger-150MPH-320CFM-Electric-Leaf-Blower-for-Lawn-Care-Patio-Garden-Cleaning-Lightweight/5420254621?classType=VARIANT&from=/search,Anonymous,,neutral,0.598,0.5,neutral,roberta,,is small portable and exactly what I need to blow the lace off the deck and the nuts,,False,0
5420254621,,https://www.walmart.com/ip/SEYVUM-20V-Cordless-Leaf-Blower-with-two-Batteries-and-Charger-150MPH-320CFM-Electric-Leaf-Blower-for-Lawn-Care-Patio-Garden-Cleaning-Lightweight/5420254621?classType=VARIANT&from=/search,Anonymous,,neutral,0.5577,0.5,neutral,roberta,SEYVUM 20V Cordless Leaf Blower,SEYVUM 20V Cordless Leaf Blower NOT for blowing leaves. Needs more power.,,False,0
13828308350,,https://www.walmart.com/ip/BAOKALER-Cordless-Leaf-Blower-160MPH-20V-Handheld-Electric-Leaf-Blowers-with-2-Battery-Lightweight-Battery-Powered-Leaf-Blower/13828308350?classType=VARIANT&from=/search,Anonymous,,neutral,0.477,0.5,neutral,roberta,,Was not powerful enough to for me to move lite snow,,False,0
13828308350,,https://www.walmart.com/ip/BAOKALER-Cordless-Leaf-Blower-160MPH-20V-Handheld-Electric-Leaf-Blowers-with-2-Battery-Lightweight-Battery-Powered-Leaf-Blower/13828308350?classType=VARIANT&from=/search,Anonymous,,neutral,0.5651,0.5,neutral,roberta,convenient,Easy to use bu not as powerful as I expected,,False,0
13847567806,,https://www.walmart.com/ip/ZEGJAW-Electric-Leaf-Blower-Corded-7-AMP-Leaf-Blowers-155MPH-350CFM-Small-Handheld-Lawn-Blower-Lightweight-Portable-for-Lawn-Care/13847567806?classType=REGULAR&from=/search,Anonymous,,neutral,0.5271,0.5,neutral,roberta,,my grandson got wet in the rain trying to blow leaves wit new blower 😂😂😂,,False,0
5385439087,,https://www.walmart.com/ip/SENIX-X6-60V-Brushless-810CFM-Cordless-Leaf-Blower-4Ah-Battery-and-Charger-Included/5385439087?classType=VARIANT&adsRedirect=true,Anonymous,,neutral,0.7255,0.5,neutral,roberta,More than expected,"This replaces personal strength and time consumption sweeping of areas such as patios, garage, cleaning around bordering edges of lawn where mowing left grass clippings. A variety of places and uses of this super power leaf blower and pleased at time it can be used so far without losing power.",,False,0
5385439087,,https://www.walmart.com/ip/SENIX-X6-60V-Brushless-810CFM-Cordless-Leaf-Blower-4Ah-Battery-and-Charger-Included/5385439087?classType=VARIANT&adsRedirect=true,Anonymous,,neutral,0.717,0.5,neutral,roberta,Has a battery thats heavey lasts 30min.,kind of heavey had to switch hands often for comfort,,False,0
5385439087,,https://www.walmart.com/ip/SENIX-X6-60V-Brushless-810CFM-Cordless-Leaf-Blower-4Ah-Battery-and-Charger-Included/5385439087?classType=VARIANT&adsRedirect=true,Anonymous,,neutral,0.5774,0.5,neutral,roberta,,Powerful enough to move heavy wet leaves late in fall. Just to what we needed.,,False,0
5454879851,,https://www.walmart.com/ip/Hyper-Tough-20V-Max-1-5AH-70-Piece-Project-Kit-with-Cordless-Drill-Battery-Charger/5454879851?classType=REGULAR&athbdg=L1300&adsRedirect=true,Anonymous,,neutral,0.5032,0.5,neutral,roberta,,Package was missing the hammer and measuring device. But overall the rest of the items in good working order.,,False,0
5454879851,,https://www.walmart.com/ip/Hyper-Tough-20V-Max-1-5AH-70-Piece-Project-Kit-with-Cordless-Drill-Battery-Charger/5454879851?classType=REGULAR&athbdg=L1300&adsRedirect=true,Anonymous,,neutral,0.8785,0.5,neutral,roberta,,Got additional pieces with the set for the same price as the one without the extra pieces.,,False,0
5454879851,,https://www.walmart.com/ip/Hyper-Tough-20V-Max-1-5AH-70-Piece-Project-Kit-with-Cordless-Drill-Battery-Charger/5454879851?classType=REGULAR&athbdg=L1300&adsRedirect=true,Anonymous,,neutral,0.4947,0.5,neutral,roberta,starter tool kit,"[This review was collected as part of a promotion.] I received this item for free in exchange for my honest review. The Hyper tough 70 piece project kit comes with a cordless drill, battery, charger, some basic tools and driver bits. It seems fine. For a small handheld drill, it did the job as I was drilling some holes in pvc. The torque seemed fine for this sized drill. It's not going to do much more than basic household projects. It's not as heavy as some of the other drills I've owned, and it feels pretty well-balanced with the battery connected. The other tools also seem to be in the ""fine"" category. You aren't going to be framing anything with the hammer but if you need to hang a picture it'll work. The needle nose pliers didn't quite cut the wire I tried, the blades need some filing. It however does close with some decent force at the plier end. The tape measure housing is cheap plastic, but seems accurate in measurements. A really nice addition that this comes with is a ratcheting screwdriver. Soap box time: Calling a tool set ""70 piece"" when 60 of those pieces are driver bits kind of drives me crazy. It's not like it came with 70 tools, yes there are 70 pieces (including the carry case) but it always seems misleading to me for some reason. The battery charger. It works, it's fine. I've seen this a lot in cordless drills and it always ends up being a failure point. The wire between the wall adapter and the charging block is 24 awg. It's very thin. It doesn't need to be thick for the electrical properties, but it will be the first thing to break. When you go to fix it, stripping and splicing that thin a wire can be difficult. I wish manufacturers would at least put 20 awg on it. When it breaks, which it will with even normal wear and tear, you're not going to be able to fix it as they just want you to buy another 70 piece project kit. That being said, this would be something you'd give to your niece as she moves into her first apartment in college.",,False,0
5454879851,,https://www.walmart.com/ip/Hyper-Tough-20V-Max-1-5AH-70-Piece-Project-Kit-with-Cordless-Drill-Battery-Charger/5454879851?classType=REGULAR&athbdg=L1300&adsRedirect=true,Anonymous,,neutral,0.4264,0.5,neutral,roberta,Just ok,"[This review was collected as part of a promotion.] My review is probably more harsh, as I work in the building industry. The drill was not at all powerful and the tools felt cheap overall. I do like the bag though. I will say that for a general household tool set that you won't often use at the price point, this will be fine. Just not tough enough for every day use.",,False,0
5585860915,,https://www.walmart.com/ip/Hyper-Tough-20V-Max-Brushless-Cordless-Drill-Driver-with-1-5Ah-Lithium-Ion-Battery-and-Charger/5585860915?classType=REGULAR&athbdg=L1600&adsRedirect=true,Anonymous,,neutral,0.4796,0.5,neutral,roberta,,order went fine....the drill i bought is fine but who ever they used to ship my drill left the package outside of my buisness after we were closed at night time...luckily it wasnt stolen,,False,0
5585860915,,https://www.walmart.com/ip/Hyper-Tough-20V-Max-Brushless-Cordless-Drill-Driver-with-1-5Ah-Lithium-Ion-Battery-and-Charger/5585860915?classType=REGULAR&athbdg=L1600&adsRedirect=true,Anonymous,,neutral,0.7905,0.5,neutral,roberta,PACkage placement,Any packages delivered including groceries should always be put on the porch behind the gate. So that nothing gets blown away or taken by the neighbors dog. Not on the stairs.,,False,0
5585860915,,https://www.walmart.com/ip/Hyper-Tough-20V-Max-Brushless-Cordless-Drill-Driver-with-1-5Ah-Lithium-Ion-Battery-and-Charger/5585860915?classType=REGULAR&athbdg=L1600&adsRedirect=true,Anonymous,,neutral,0.6292,0.5,neutral,roberta,,"arrived on time , have not tried yet , it takes 3-5 hours to charge . other than that it seems fine",,False,0
5585860915,,https://www.walmart.com/ip/Hyper-Tough-20V-Max-Brushless-Cordless-Drill-Driver-with-1-5Ah-Lithium-Ion-Battery-and-Charger/5585860915?classType=REGULAR&athbdg=L1600&adsRedirect=true,Anonymous,,neutral,0.3642,0.5,neutral,roberta,Came Used And Incomplete,"I bought this drill 6 days prior to this review. I got it to hang something at a wedding as a surprise! GOOD THING I OPENED THE BOX. It came Used. Which would be fine if it Had All Of The Pieces In The Box! It is missing the actual charger (yeah, the only thing that gives it power to run) and the double ended bit. [SIGH] I feel like the whole World has gone mad when it comes to decency and quality! It Almost Doesn't Exist Anymore!!! Returning. (But now who do I trust? Guess Ace Hardware or Home Depot?) Goodness Gracious.",,False,0
5585860915,,https://www.walmart.com/ip/Hyper-Tough-20V-Max-Brushless-Cordless-Drill-Driver-with-1-5Ah-Lithium-Ion-Battery-and-Charger/5585860915?classType=REGULAR&athbdg=L1600&adsRedirect=true,Anonymous,,neutral,0.4931,0.5,neutral,roberta,,OK but on the lower quality side. Hart brand is much better.,,False,0
5585860915,,https://www.walmart.com/ip/Hyper-Tough-20V-Max-Brushless-Cordless-Drill-Driver-with-1-5Ah-Lithium-Ion-Battery-and-Charger/5585860915?classType=REGULAR&athbdg=L1600&adsRedirect=true,Anonymous,,neutral,0.9026,0.5,neutral,roberta,,does what is designed to do for lite to medium jobs around the house,,False,0
5585860915,,https://www.walmart.com/ip/Hyper-Tough-20V-Max-Brushless-Cordless-Drill-Driver-with-1-5Ah-Lithium-Ion-Battery-and-Charger/5585860915?classType=REGULAR&athbdg=L1600&adsRedirect=true,Anonymous,,neutral,0.6753,0.5,neutral,roberta,,"it would have been nice to have a couple of other drillbits, but serves the purpose purchased for.",,False,0
5585860915,,https://www.walmart.com/ip/Hyper-Tough-20V-Max-Brushless-Cordless-Drill-Driver-with-1-5Ah-Lithium-Ion-Battery-and-Charger/5585860915?classType=REGULAR&athbdg=L1600&adsRedirect=true,Anonymous,,neutral,0.5632,0.5,neutral,roberta,,what's the price thought it was going to be a cheap drill but it certainly does the trick,,False,0
5585860915,,https://www.walmart.com/ip/Hyper-Tough-20V-Max-Brushless-Cordless-Drill-Driver-with-1-5Ah-Lithium-Ion-Battery-and-Charger/5585860915?classType=REGULAR&athbdg=L1600&adsRedirect=true,Anonymous,,neutral,0.3771,0.5,neutral,roberta,,The price had me thinking i was gonna receive something subpar... But no its solid its easy to use and came fully charged ree to go.,,False,0
5585860915,,https://www.walmart.com/ip/Hyper-Tough-20V-Max-Brushless-Cordless-Drill-Driver-with-1-5Ah-Lithium-Ion-Battery-and-Charger/5585860915?classType=REGULAR&athbdg=L1600&adsRedirect=true,Anonymous,,neutral,0.3878,0.5,neutral,roberta,nice and compact,"nice compact design, but battery is weak, need a long term review to see how it lasts",,False,0
5585860915,,https://www.walmart.com/ip/Hyper-Tough-20V-Max-Brushless-Cordless-Drill-Driver-with-1-5Ah-Lithium-Ion-Battery-and-Charger/5585860915?classType=REGULAR&athbdg=L1600&adsRedirect=true,Anonymous,,neutral,0.5309,0.5,neutral,roberta,,"not enough power, but drill is good for little jobs",,False,0
5585860915,,https://www.walmart.com/ip/Hyper-Tough-20V-Max-Brushless-Cordless-Drill-Driver-with-1-5Ah-Lithium-Ion-Battery-and-Charger/5585860915?classType=REGULAR&athbdg=L1600&adsRedirect=true,Anonymous,,neutral,0.4698,0.5,neutral,roberta,It's fine,"[This review was collected as part of a promotion.] It is a good beginner drill. It doesn't have enough torque for high impact drilling, it would be fine for easy little projects but will not hold up for bigger projects.",,False,0
5585860915,,https://www.walmart.com/ip/Hyper-Tough-20V-Max-Brushless-Cordless-Drill-Driver-with-1-5Ah-Lithium-Ion-Battery-and-Charger/5585860915?classType=REGULAR&athbdg=L1600&adsRedirect=true,Anonymous,,neutral,0.5702,0.5,neutral,roberta,Works for a few kinths,Charger or battery does not work,,False,0
42540322,,https://www.walmart.com/ip/BLACK-DECKER-20V-MAX-Matrix-Cordless-Drill-Driver/42540322?classType=REGULAR&adsRedirect=true,Anonymous,,neutral,0.5227,0.5,neutral,roberta,Long time owner of one.,"As someone on a budget, this filled the need. I have used mine mostly for carpentry and have many of the attachments. Other than the standard drill, I made considerable use of the circular saw and impact heads, but also used the router, jig saw and tire inflator (bike tires). This is my second one and it is a newer style than the original. It will do most light and moderate jobs well, but has its limits. The batteries are not the best quality but clones are available on the net. It is a decent tool system for someone who wants one tool for many jobs. I wish it was more durable, but you get what you pay for. I have started investing in other brands such as Dewalt and Ridgid which are very well made. Something that disappointed me about the Matrix is that it uses a sealed, carbon brushed motor. One of the brushes wore out on mine and stopped working. I disassembled it in hope to replace the brushes or motor. I contacted Black and Decker and was given a website that handles all their repairs. After many attempts and very laggy website, I spoke to a real person who told me that even though Black and Decker has them as the repair ""go to"", they mostly repair Dewalt. They checked their system and found that you can not get replacement parts for a Matrix. You must buy an entire new unit. I did find the manufacturer of the motor but they are in China and their entire site is in Chinese. Their motors do not have the special gear attached to them like the B",,False,0
42540322,,https://www.walmart.com/ip/BLACK-DECKER-20V-MAX-Matrix-Cordless-Drill-Driver/42540322?classType=REGULAR&adsRedirect=true,Anonymous,,neutral,0.7498,0.5,neutral,roberta,Matrix Drill,Replaced with a similar model. Havent used it yet. Time will tell... Some minor changes from previous model like a light now built in.,,False,0
42540322,,https://www.walmart.com/ip/BLACK-DECKER-20V-MAX-Matrix-Cordless-Drill-Driver/42540322?classType=REGULAR&adsRedirect=true,Anonymous,,neutral,0.7503,0.5,neutral,roberta,Unclear Marketing,Attached product manuals #2 #3 and #4 are identical. #1 is japanese. Can anyone tell me if there is a functional difference between the orange BDCDMT120 and the white? I see them listed for different prices.,,False,0
42540322,,https://www.walmart.com/ip/BLACK-DECKER-20V-MAX-Matrix-Cordless-Drill-Driver/42540322?classType=REGULAR&adsRedirect=true,Anonymous,,neutral,0.6267,0.5,neutral,roberta,Battery charger,"Hello, is the charger suitable for 220v? it only says 110v, thanks is the LCS1620 type 2",,False,0
42540322,,https://www.walmart.com/ip/BLACK-DECKER-20V-MAX-Matrix-Cordless-Drill-Driver/42540322?classType=REGULAR&adsRedirect=true,Anonymous,,neutral,0.5125,0.5,neutral,roberta,No,"Won't hold a charge longer than 20 minutes, then you have to put back on charger,",,False,0
14541671918,,https://www.walmart.com/ip/Cordless-Drill-Set-12V-Power-Drill-Set-Electric-Screwdriver-Driver-Tool-Kit-for-Women-3-8-Keyless-Chuck-1-Battery-Charger-with-Storage-bag/14541671918?classType=VARIANT&from=/search,Anonymous,,neutral,0.5024,0.5,neutral,roberta,mo directions,"hpoefully this drill will work. theres no directions port gor charger in on batterie. so dont put it in till charged. doesnt say how long it should take ? probably should have charged it over night. son in law comming to do some work. hopefully it will be ready, he lives out of state. wouldnt say this is great for women. hard to snap in batterie pack. and is heavy. Husband need help, so hopefully. men in the family can use it. will see!!!! they wont have to bring there drill/ screw drivers since they live out of state. i bought my own tools. husband cant find his. lol",,False,0
14541671918,,https://www.walmart.com/ip/Cordless-Drill-Set-12V-Power-Drill-Set-Electric-Screwdriver-Driver-Tool-Kit-for-Women-3-8-Keyless-Chuck-1-Battery-Charger-with-Storage-bag/14541671918?classType=VARIANT&from=/search,Anonymous,,neutral,0.5238,0.5,neutral,roberta,Well made,"If you are unfamiliar with power tools, the instructions included with this drill don't tell you how to use the drill. There are operating instructions for an electric wrench, electric grinder, electric hammer, a cutting machine, a hairdryer, a chainsaw and a reciprocating saw. But the directions for the drill, nonexistent. So, I haven't used it yet, because I have to get someone to explain it to me first. But it seems sturdy and it seems well-made and it has come with all its pieces and parts.",,False,0
14541671918,,https://www.walmart.com/ip/Cordless-Drill-Set-12V-Power-Drill-Set-Electric-Screwdriver-Driver-Tool-Kit-for-Women-3-8-Keyless-Chuck-1-Battery-Charger-with-Storage-bag/14541671918?classType=VARIANT&from=/search,Anonymous,,neutral,0.3944,0.5,neutral,roberta,Nice looking drill,"Just opened my package today, thought I would charge it up so I can use it soon, but I am unable to use it soon because I didn't realize I had to buy a battery charger the battery, I thought everything was in the box was all I needed. Now I need to shop for a battery charger to charge the battery to be able to use the drill. If I had known, I would have bought a battery charger the same day I bought the drill. I hope the charger I buy doesn't need additional components to be able to work and hope it works with the drill I bought. It's a little frustrating, I have to buy something to be able to get the drill to work.",,False,0
14541671918,,https://www.walmart.com/ip/Cordless-Drill-Set-12V-Power-Drill-Set-Electric-Screwdriver-Driver-Tool-Kit-for-Women-3-8-Keyless-Chuck-1-Battery-Charger-with-Storage-bag/14541671918?classType=VARIANT&from=/search,Anonymous,,neutral,0.656,0.5,neutral,roberta,,This drill doesn't have the ability to hold the drill bit. It still works as long as you keep reinserting the bit,,False,0
14541671918,,https://www.walmart.com/ip/Cordless-Drill-Set-12V-Power-Drill-Set-Electric-Screwdriver-Driver-Tool-Kit-for-Women-3-8-Keyless-Chuck-1-Battery-Charger-with-Storage-bag/14541671918?classType=VARIANT&from=/search,Anonymous,,neutral,0.5429,0.5,neutral,roberta,,"Seems to work well but it was supposed to come with a pink carry bag, and it came with a black one that didn't look like the quality of the pink one",,False,0
14541671918,,https://www.walmart.com/ip/Cordless-Drill-Set-12V-Power-Drill-Set-Electric-Screwdriver-Driver-Tool-Kit-for-Women-3-8-Keyless-Chuck-1-Battery-Charger-with-Storage-bag/14541671918?classType=VARIANT&from=/search,Anonymous,,neutral,0.3993,0.5,neutral,roberta,,i might just be dumb but none of the pieces fit into the hole/stay snugly ? super cute though,,False,0
5736802951,,https://www.walmart.com/ip/HART-20-Volt-Cordless-4-Tool-Combo-Kit-HPCK412B/5736802951?classType=REGULAR&adsRedirect=true,Anonymous,,neutral,0.4746,0.5,neutral,roberta,,i like the light weight of the tool the only thing i a disappointed about is the color. White is hard to keep clean. Yet i shall try.,,False,0
5736802951,,https://www.walmart.com/ip/HART-20-Volt-Cordless-4-Tool-Combo-Kit-HPCK412B/5736802951?classType=REGULAR&adsRedirect=true,Anonymous,,neutral,0.4839,0.5,neutral,roberta,Just a thot,The only suggestion I'd like to add for the company to consider is they should add a couple of pockets to the bag so customers can add a few things so it makes it easier to carry everything needed for whatever they are working on. Otherwise this was a great buy.,,False,0
5736802951,,https://www.walmart.com/ip/HART-20-Volt-Cordless-4-Tool-Combo-Kit-HPCK412B/5736802951?classType=REGULAR&adsRedirect=true,Anonymous,,neutral,0.6582,0.5,neutral,roberta,,"Been using this brand for a while. Needed some more power tools, figured I would get them again.",,False,0
1960826618,,https://www.walmart.com/ip/Pink-Tool-Set-205-Piece-Home-Tool-Kit-3-6V-Electric-Screwdriver-Universal-Sockets-Tools-Pink-Tool-Kit-Storage-Tool-Bag-Tool-Sets-Women-Gift-Home-Repa/1960826618?classType=VARIANT&from=/search,Anonymous,,neutral,0.6165,0.5,neutral,roberta,,It has everything you need to from a drill all the bits screw driver manual and electrical and they even have a magnet so you're screw driver bits want fall out,,False,0
1960826618,,https://www.walmart.com/ip/Pink-Tool-Set-205-Piece-Home-Tool-Kit-3-6V-Electric-Screwdriver-Universal-Sockets-Tools-Pink-Tool-Kit-Storage-Tool-Bag-Tool-Sets-Women-Gift-Home-Repa/1960826618?classType=VARIANT&from=/search,Anonymous,,neutral,0.4939,0.5,neutral,roberta,For My Little Girl/Young Woman,"I bought my daughter a toys tool box similar to this when she was a little girl of about 5. Well now driving and a young woman of 20 I saw this and knew it would still be a hit as she takes to the road for her Christmas break. I know she isn't a mechanic or carpenter, but now have the confidence she will have some tools should she or a helper need them. Also the pink handles tools are a good deterrent to any guys thinking of stealing them. Other females I don't think would stoop that low😊",,False,0
1960826618,,https://www.walmart.com/ip/Pink-Tool-Set-205-Piece-Home-Tool-Kit-3-6V-Electric-Screwdriver-Universal-Sockets-Tools-Pink-Tool-Kit-Storage-Tool-Bag-Tool-Sets-Women-Gift-Home-Repa/1960826618?classType=VARIANT&from=/search,Anonymous,,neutral,0.4348,0.5,neutral,roberta,perfect for small hands you want to stop telling m,perfect for small people like me who have big jobs to do,,False,0
1960826618,,https://www.walmart.com/ip/Pink-Tool-Set-205-Piece-Home-Tool-Kit-3-6V-Electric-Screwdriver-Universal-Sockets-Tools-Pink-Tool-Kit-Storage-Tool-Bag-Tool-Sets-Women-Gift-Home-Repa/1960826618?classType=VARIANT&from=/search,Anonymous,,neutral,0.5564,0.5,neutral,roberta,,Very cheaply tools. I don't recommend them for anything but maybe hanging up curtain rods and putting up wall decor.,,False,0
1960826618,,https://www.walmart.com/ip/Pink-Tool-Set-205-Piece-Home-Tool-Kit-3-6V-Electric-Screwdriver-Universal-Sockets-Tools-Pink-Tool-Kit-Storage-Tool-Bag-Tool-Sets-Women-Gift-Home-Repa/1960826618?classType=VARIANT&from=/search,Anonymous,,neutral,0.4621,0.5,neutral,roberta,tools,I think women that fix things themselves should have this!,,False,0
1960826618,,https://www.walmart.com/ip/Pink-Tool-Set-205-Piece-Home-Tool-Kit-3-6V-Electric-Screwdriver-Universal-Sockets-Tools-Pink-Tool-Kit-Storage-Tool-Bag-Tool-Sets-Women-Gift-Home-Repa/1960826618?classType=VARIANT&from=/search,Anonymous,,neutral,0.5114,0.5,neutral,roberta,Cheap,I most of these are cheaply built. I guess you get what you pay for,,False,0
1469992460,,https://www.walmart.com/ip/20V-Cordless-Drill-Electric-Power-Drill-Set-1-Battery-Charger-3-8-Keyless-Chuck-2-Variable-Speed-LED-Light-266-In-lb-Torque-25-1-Position-34pcs-Drill/1469992460?classType=VARIANT&from=/search,Anonymous,,neutral,0.6338,0.5,neutral,roberta,,works just fine except you got to bang on the battery to get it to go on to the drill to work sometimes the drill quit sometimes it won't I don't have a receipt otherwise I would return it and exchange it for another one,,False,0
1469992460,,https://www.walmart.com/ip/20V-Cordless-Drill-Electric-Power-Drill-Set-1-Battery-Charger-3-8-Keyless-Chuck-2-Variable-Speed-LED-Light-266-In-lb-Torque-25-1-Position-34pcs-Drill/1469992460?classType=VARIANT&from=/search,Anonymous,,neutral,0.4981,0.5,neutral,roberta,Almost a good drill,"Seems like a pretty solid drill, but the drill bits are soft. I stripped out two Phillips head bits the first time I use them unscrewing a couple of hat hooks. They weren't even anchored. I ended up having to unscrew them the last way by hand. The drill seems to have a lot of torque, probably more than its drill bits can handle. Also, the light only comes on when you're pressing the trigger on the drill. Which isn't that helpful. And you can't store it with the battery or a drillbit on it. You have to disassemble the whole thing to get it back in its case.",,False,0
1469992460,,https://www.walmart.com/ip/20V-Cordless-Drill-Electric-Power-Drill-Set-1-Battery-Charger-3-8-Keyless-Chuck-2-Variable-Speed-LED-Light-266-In-lb-Torque-25-1-Position-34pcs-Drill/1469992460?classType=VARIANT&from=/search,Anonymous,,neutral,0.5837,0.5,neutral,roberta,Cordless drill review,"I’m a single woman and don’t know much about drills so I got this thinking it would be fine. This drill is okay for soft jobs around the house like dry wall. But when I used it to put a fence board back up and needed some grit, it locked up and the driver bit broke in half. I’ve since tried to use it and it locks up when it needs more power. The driver bits will fall out and not stay in place as well. I guess I got what I paid for. Lesson learned.",,False,0
1469992460,,https://www.walmart.com/ip/20V-Cordless-Drill-Electric-Power-Drill-Set-1-Battery-Charger-3-8-Keyless-Chuck-2-Variable-Speed-LED-Light-266-In-lb-Torque-25-1-Position-34pcs-Drill/1469992460?classType=VARIANT&from=/search,Anonymous,,neutral,0.4463,0.5,neutral,roberta,No meaningful instructions included.,"Seems to be a decent drill. A comfortable grip. Decent power. sturdy case. A myriad of bits and attachments. Budget some time to figure it out as the ""instructions"" are abysmal.",,False,0
1469992460,,https://www.walmart.com/ip/20V-Cordless-Drill-Electric-Power-Drill-Set-1-Battery-Charger-3-8-Keyless-Chuck-2-Variable-Speed-LED-Light-266-In-lb-Torque-25-1-Position-34pcs-Drill/1469992460?classType=VARIANT&from=/search,Anonymous,,neutral,0.4728,0.5,neutral,roberta,Quality,Bought it to fix the fence looked pretty good at first then when i went out to fix it i was unscrewing the old rusty screws and after attempting to unscrew the 4th screw from the fence the front end of the drill just came off and i had to put it back into place to finish fixing the fence after that i just figured i would return it and i pressed the trigger a few times to play around with it to see if the front end would come off again and i noticed sparks on the inside of it when i stopped pressing the trigger,,False,0
1469992460,,https://www.walmart.com/ip/20V-Cordless-Drill-Electric-Power-Drill-Set-1-Battery-Charger-3-8-Keyless-Chuck-2-Variable-Speed-LED-Light-266-In-lb-Torque-25-1-Position-34pcs-Drill/1469992460?classType=VARIANT&from=/search,Anonymous,,neutral,0.7415,0.5,neutral,roberta,,"They are Christmas presents, so no one has used yet",,False,0
1469992460,,https://www.walmart.com/ip/20V-Cordless-Drill-Electric-Power-Drill-Set-1-Battery-Charger-3-8-Keyless-Chuck-2-Variable-Speed-LED-Light-266-In-lb-Torque-25-1-Position-34pcs-Drill/1469992460?classType=VARIANT&from=/search,Anonymous,,neutral,0.5692,0.5,neutral,roberta,Not Used Yet,Haven't used it yet charged well and appears to have great speed and torque,,False,0
1469992460,,https://www.walmart.com/ip/20V-Cordless-Drill-Electric-Power-Drill-Set-1-Battery-Charger-3-8-Keyless-Chuck-2-Variable-Speed-LED-Light-266-In-lb-Torque-25-1-Position-34pcs-Drill/1469992460?classType=VARIANT&from=/search,Anonymous,,neutral,0.8218,0.5,neutral,roberta,the drill is week,"the drill is week, will return it",,False,0
1469992460,,https://www.walmart.com/ip/20V-Cordless-Drill-Electric-Power-Drill-Set-1-Battery-Charger-3-8-Keyless-Chuck-2-Variable-Speed-LED-Light-266-In-lb-Torque-25-1-Position-34pcs-Drill/1469992460?classType=VARIANT&from=/search,Anonymous,,neutral,0.5619,0.5,neutral,roberta,bits fall out easy. making your job and you would,buts shouldn't fall out while in the middle of the job.,,False,0
1231437908,,https://www.walmart.com/ip/Energizer-Vision-HD-300-Lumen-LED-Headlamps-Batteries-Included-2-Pack/1231437908?adsRedirect=true,Anonymous,,neutral,0.6715,0.5,neutral,roberta,Purpose for headlamp,I use this headlamp for biking because someone kept stealing the bike lit that was attached to my front handlebar no matter where I went; when I was done shopping or whatever %26 I was ready to turn the bike light that was attached to the handlebars on %26 it was gone so after that happened about 4 times I could see that this energizer headlamp was what I needed cuz it went with me when I went shopping etc. This headlamp gives more light than a medium priced bike light %26 the straps can be easily adjusted to fit around my head;,,False,0
1231437908,,https://www.walmart.com/ip/Energizer-Vision-HD-300-Lumen-LED-Headlamps-Batteries-Included-2-Pack/1231437908?adsRedirect=true,Anonymous,,neutral,0.7348,0.5,neutral,roberta,,Have not actually used it only opened it check batteries and brightness. Remove batteries and placed them in emergency kits. Will review more once used.,,False,0
1231437908,,https://www.walmart.com/ip/Energizer-Vision-HD-300-Lumen-LED-Headlamps-Batteries-Included-2-Pack/1231437908?adsRedirect=true,Anonymous,,neutral,0.69,0.5,neutral,roberta,Hat light,My husband wears these to do work outside after dark. He has them in all colors.,,False,0
331424275,,https://www.walmart.com/ip/Energizer-Vision-Ultra-HD-550-Lumen-LED-Headlamp/331424275?adsRedirect=true,Anonymous,,neutral,0.5899,0.5,neutral,roberta,the one i got is gad,"constant blinking with red light while on normal bright, the one i got is not 550 lumens",,False,0
331424275,,https://www.walmart.com/ip/Energizer-Vision-Ultra-HD-550-Lumen-LED-Headlamp/331424275?adsRedirect=true,Anonymous,,neutral,0.6418,0.5,neutral,roberta,Don't think twice before buying this,"[This review was collected as part of a promotion.] If you think that you don't need this, then you're certainly wrong. I was also thinking so before this. The headlamp comes with the lamp, the adjustable belt and three AAA batteries so that you don't have to buy it separately. Also it's fun to install the batteries by opening the back of the lamp and then putting the lamp into the belt, the headlamp bas plastic back with cut on both sides to insert belt. The headlamp has 7 modes of light and when fully lit, it's so bright that if it falls on your eyes, you would be blinded for some moments. The red light on bottom is low battery indicator as well. It has green light mode too. I use it for dog walking at night, camping trips and to work on some DIY/tool works for home.",,False,0
331424275,,https://www.walmart.com/ip/Energizer-Vision-Ultra-HD-550-Lumen-LED-Headlamp/331424275?adsRedirect=true,Anonymous,,neutral,0.7582,0.5,neutral,roberta,,"Haven't used it yet, got it for my boyfriend so he can use at night for cooking out on the grill",,False,0
331424275,,https://www.walmart.com/ip/Energizer-Vision-Ultra-HD-550-Lumen-LED-Headlamp/331424275?adsRedirect=true,Anonymous,,neutral,0.5827,0.5,neutral,roberta,Heard lite with red bulb,Little hard to turn off/on when wearing on your head.,,False,0
208162081,,https://www.walmart.com/ip/LitezAll-Rechargeable-ULTAC2-1000-Lumen-LED-Flashlight-with-Battery-Meter/208162081?classType=VARIANT&athbdg=L1600&adsRedirect=true,Anonymous,,neutral,0.4481,0.5,neutral,roberta,Very Bright Light,Flashlight is very lightweight. The only drawback is the neon green button cover - it appears it would go back on but it doesn't. This on and of itself is no big deal though.,,False,0
208162081,,https://www.walmart.com/ip/LitezAll-Rechargeable-ULTAC2-1000-Lumen-LED-Flashlight-with-Battery-Meter/208162081?classType=VARIANT&athbdg=L1600&adsRedirect=true,Anonymous,,neutral,0.4088,0.5,neutral,roberta,,Not perfect but decently priced. Not really used yet. Hopefully the battery life is as indicated. I rarely give perfect ratings. Always room for improvement,,False,0
208162081,,https://www.walmart.com/ip/LitezAll-Rechargeable-ULTAC2-1000-Lumen-LED-Flashlight-with-Battery-Meter/208162081?classType=VARIANT&athbdg=L1600&adsRedirect=true,Anonymous,,neutral,0.594,0.5,neutral,roberta,,"Decent flashlight. I just needed to get a slightly small one sin c e i need to carry it around w me. Make suee the front is s c rewes on tight, as the front rim and clear plate do come apart i guess for cleaning.",,False,0
208162081,,https://www.walmart.com/ip/LitezAll-Rechargeable-ULTAC2-1000-Lumen-LED-Flashlight-with-Battery-Meter/208162081?classType=VARIANT&athbdg=L1600&adsRedirect=true,Anonymous,,neutral,0.4905,0.5,neutral,roberta,You get what you pay for !,"Well you get what you pay for, because after about 60 secs it automatically dims to a much lower lumen but it's ok for $15. But it would have been nice if it didn't diminish in brightness.",,False,0
208162081,,https://www.walmart.com/ip/LitezAll-Rechargeable-ULTAC2-1000-Lumen-LED-Flashlight-with-Battery-Meter/208162081?classType=VARIANT&athbdg=L1600&adsRedirect=true,Anonymous,,neutral,0.5852,0.5,neutral,roberta,,"The green piece that covers the power switch, and UBS easily falls off.",,False,0
208162081,,https://www.walmart.com/ip/LitezAll-Rechargeable-ULTAC2-1000-Lumen-LED-Flashlight-with-Battery-Meter/208162081?classType=VARIANT&athbdg=L1600&adsRedirect=true,Anonymous,,neutral,0.7839,0.5,neutral,roberta,,light weight and three didnt brightness. bought 2 more,,False,0
208162081,,https://www.walmart.com/ip/LitezAll-Rechargeable-ULTAC2-1000-Lumen-LED-Flashlight-with-Battery-Meter/208162081?classType=VARIANT&athbdg=L1600&adsRedirect=true,Anonymous,,neutral,0.5844,0.5,neutral,roberta,,"Haven't used long and often enough to have a really valid opinion, but first use had beam intensity decrease after a few minutes.",,False,0
208162081,,https://www.walmart.com/ip/LitezAll-Rechargeable-ULTAC2-1000-Lumen-LED-Flashlight-with-Battery-Meter/208162081?classType=VARIANT&athbdg=L1600&adsRedirect=true,Anonymous,,neutral,0.5902,0.5,neutral,roberta,,"Gives a BRIGHT light! The only drawback is charging cord is only about 3 inches long. If plugs are high on wall, you will have to find something to set flashlight on as it charges.",,False,0
208162081,,https://www.walmart.com/ip/LitezAll-Rechargeable-ULTAC2-1000-Lumen-LED-Flashlight-with-Battery-Meter/208162081?classType=VARIANT&athbdg=L1600&adsRedirect=true,Anonymous,,neutral,0.5533,0.5,neutral,roberta,,Flashlight was needed for my son he hasn't combined about it,,False,0
208162081,,https://www.walmart.com/ip/LitezAll-Rechargeable-ULTAC2-1000-Lumen-LED-Flashlight-with-Battery-Meter/208162081?classType=VARIANT&athbdg=L1600&adsRedirect=true,Anonymous,,neutral,0.4235,0.5,neutral,roberta,,Really cheap feeling it's bright and all but just looking I'm feeling,,False,0
208162081,,https://www.walmart.com/ip/LitezAll-Rechargeable-ULTAC2-1000-Lumen-LED-Flashlight-with-Battery-Meter/208162081?classType=VARIANT&athbdg=L1600&adsRedirect=true,Anonymous,,neutral,0.5404,0.5,neutral,roberta,Honest pros cons review,"Pros: Holds charge for a while, multiple settings. Super bright on highest setting, shows current charge level Cons: for $14.97 I think it should be better. This is a $9.99 flashlight. It’s very big",,False,0
208162081,,https://www.walmart.com/ip/LitezAll-Rechargeable-ULTAC2-1000-Lumen-LED-Flashlight-with-Battery-Meter/208162081?classType=VARIANT&athbdg=L1600&adsRedirect=true,Anonymous,,neutral,0.6249,0.5,neutral,roberta,Bright Light - Can't Change Size of Light Field,"Pros: -Rechargeable -Very bright light -Varying brightness levels Cons: -While the light is bright, you cannot reduce or expand the light size. You have one bright light spot, which you cannot change. Summary: Great, inexpensive LED light. It is very bright, but you cannot expand or reduce the light field size. It works great, but you need to be aware of the above.",,False,0
208162081,,https://www.walmart.com/ip/LitezAll-Rechargeable-ULTAC2-1000-Lumen-LED-Flashlight-with-Battery-Meter/208162081?classType=VARIANT&athbdg=L1600&adsRedirect=true,Anonymous,,neutral,0.4985,0.5,neutral,roberta,,"Fine for my purpose, but not as sturdy as I thought it should be for the price.",,False,0
208162081,,https://www.walmart.com/ip/LitezAll-Rechargeable-ULTAC2-1000-Lumen-LED-Flashlight-with-Battery-Meter/208162081?classType=VARIANT&athbdg=L1600&adsRedirect=true,Anonymous,,neutral,0.4679,0.5,neutral,roberta,Walmart,when i picked it up. it as a gift. i had to go for another one. hopefully it is no broke. i am disable. and i had to go inside to inside. That is why i do pick up. Thats a complaint.,,False,0
208162081,,https://www.walmart.com/ip/LitezAll-Rechargeable-ULTAC2-1000-Lumen-LED-Flashlight-with-Battery-Meter/208162081?classType=VARIANT&athbdg=L1600&adsRedirect=true,Anonymous,,neutral,0.8657,0.5,neutral,roberta,,needs to be a place in app to show if you are current on subscription payment.,,False,0
208162081,,https://www.walmart.com/ip/LitezAll-Rechargeable-ULTAC2-1000-Lumen-LED-Flashlight-with-Battery-Meter/208162081?classType=VARIANT&athbdg=L1600&adsRedirect=true,Anonymous,,neutral,0.475,0.5,neutral,roberta,Very very surprising,I am a flashlight geek according to my family. I picked this up when my local Walmart was out of the model I went to buy. For the price I thought why not. Extremely light weight. At $15 I thought it would be a decent light to throw in the glove box for general purposes. I absolutely did not expect this light to be as powerful as it is. It is as close to my Ryobi hand held spotlight as any other light I have in my “collection”. My new “go to” light above many other of my lights costing much more than this one. I'll use it for a month or two to check the durability and if there are no issues I will buy at least 4 more.,,False,0
208162081,,https://www.walmart.com/ip/LitezAll-Rechargeable-ULTAC2-1000-Lumen-LED-Flashlight-with-Battery-Meter/208162081?classType=VARIANT&athbdg=L1600&adsRedirect=true,Anonymous,,neutral,0.5877,0.5,neutral,roberta,Junk,Pos worked fine when I got home opened it it charged it and turned it on like 3 times foe maybe 10 mins in total then placed it back on the charger for a couple hours anf when it got good and dark took it outside to see how well it worked and it wouldn't come on. Took it back inside and looked it over and saw the led ( cad) had come apart what a pos.,,False,0
208162081,,https://www.walmart.com/ip/LitezAll-Rechargeable-ULTAC2-1000-Lumen-LED-Flashlight-with-Battery-Meter/208162081?classType=VARIANT&athbdg=L1600&adsRedirect=true,Anonymous,,neutral,0.6567,0.5,neutral,roberta,,"All good, except associates on cell phones on floor talking to friends and them using the handicapped/ baby changing bathrooms,when the regular restrooms are empty",,False,0
208162081,,https://www.walmart.com/ip/LitezAll-Rechargeable-ULTAC2-1000-Lumen-LED-Flashlight-with-Battery-Meter/208162081?classType=VARIANT&athbdg=L1600&adsRedirect=true,Anonymous,,neutral,0.4969,0.5,neutral,roberta,See in the dark.,This is the second LitezAll I have bought. I needed a strong and bright beam to see across the pasture at night and this light does that. I am thinking about getting a third.,,False,0
208162081,,https://www.walmart.com/ip/LitezAll-Rechargeable-ULTAC2-1000-Lumen-LED-Flashlight-with-Battery-Meter/208162081?classType=VARIANT&athbdg=L1600&adsRedirect=true,Anonymous,,neutral,0.5125,0.5,neutral,roberta,EXTREMELY BRIGHT…,Adjustable light levels- Light Weight and RECHARGEABLE!,,False,0
806680128,,https://www.walmart.com/ip/Energizer-TAC-300-LED-Flashlight/806680128?classType=VARIANT&from=/search,Anonymous,,neutral,0.9202,0.5,neutral,roberta,C Battery,My question is how do you charge the C Battery up?,,False,0
806680128,,https://www.walmart.com/ip/Energizer-TAC-300-LED-Flashlight/806680128?classType=VARIANT&from=/search,Anonymous,,neutral,0.5312,0.5,neutral,roberta,it's just a flashlight.,"and batteries, puts the on button....😀",,False,0
806680128,,https://www.walmart.com/ip/Energizer-TAC-300-LED-Flashlight/806680128?classType=VARIANT&from=/search,Anonymous,,neutral,0.5857,0.5,neutral,roberta,Heavy Duty Mag Lite,[This review was collected as part of a promotion.] the Energizer Tac 300 with removable clip offers lighting from 50 lumens on the low setting and 5hrs life to a 300 Lumens on the high setting with 2 hrs of usage. It is water resistant and may be seen up to 100 meters of distance.,,False,0
806680128,,https://www.walmart.com/ip/Energizer-TAC-300-LED-Flashlight/806680128?classType=VARIANT&from=/search,Anonymous,,neutral,0.4697,0.5,neutral,roberta,Lights up like the 4th of July,"[This review was collected as part of a promotion.] This sucker packs a punch,son. I thought being small would be easy for me to carry as I forage early in the morning and at night. Most flashlights are fine and I keep a uv light for mushrooms. I took this out last night and dang near lit up the whole forest. The hubby said it was like a beacon of light from the middle of the trees,lol.",,False,0
806680128,,https://www.walmart.com/ip/Energizer-TAC-300-LED-Flashlight/806680128?classType=VARIANT&from=/search,Anonymous,,neutral,0.5616,0.5,neutral,roberta,Use battery 😗,I bought these for the Lumens as replacement for filament bulbs and for long lasting brightness and long term usage. So far in testing at night compared to 1000 lumens vs 2000 lumens you can see more range with the bigger lumens capacity. I still have the 1000 flashlights and until they no longer functions then I will go the route of getting the 2000 lumens flashlights. I haven't tested the heat from the lens but I know from the 1000 lumens they do get hot if you cover the lens. But I like it comes with a small strap a nice feature but could get entangle if it's with other stuff or backpack. But I like the the Lumens so far and until I find another that is 3000 lumens or higher I think 2000 lumens will be my go to. I do like it comes in two pack a nice value a different buy it someone wants to save and have piece of mind when using in dark places.,,False,0
806680128,,https://www.walmart.com/ip/Energizer-TAC-300-LED-Flashlight/806680128?classType=VARIANT&from=/search,Anonymous,,neutral,0.6409,0.5,neutral,roberta,Compact & Bright,[This review was collected as part of a promotion.] My dog has to take frequent bathroom breaks often during the night time hours and I need a flashlight that will shine very bright in an area that has very limited lighting. The Energizer TAC 300 is very small so that I can tuck it into my jacket and always know where it is when needed. It provides 300 lumens & provides me with enough of a beam to allow me to safely see outdoors. It does include a removable clip which personally I do not use. The push button is easily located and works quite well with 3 modes of lighting. I like the compact size with the powerful beam so will most likely be purchasing more of this product to keep inside automobiles.,,False,0
490460373,,https://www.walmart.com/ip/90000-Lumens-Powerful-Flashlight-USB-Rechargeable-Waterproof-XHP70-Searchlight-Super-Bright-5-Modes-LED-Flashlight-Zoom-Bar-Torch-Hiking-Hunting-Camp/490460373?classType=REGULAR&from=/search,Anonymous,,neutral,0.4997,0.5,neutral,roberta,,"Flashlight includes a battery you can recharge that does not work. The batteries you can use instead are over the counter, but do work. So not a total loss.",,False,0
490460373,,https://www.walmart.com/ip/90000-Lumens-Powerful-Flashlight-USB-Rechargeable-Waterproof-XHP70-Searchlight-Super-Bright-5-Modes-LED-Flashlight-Zoom-Bar-Torch-Hiking-Hunting-Camp/490460373?classType=REGULAR&from=/search,Anonymous,,neutral,0.7333,0.5,neutral,roberta,,"it comes with an option, batties ,3- AAA,or the charging the batty that comes with. lets hope u dont have any problems with hand strength. cause its to difficult to put the cap on the flashlight with this method..the brighten of the light is there tho, now to see how long the batteries will last..",,False,0
490460373,,https://www.walmart.com/ip/90000-Lumens-Powerful-Flashlight-USB-Rechargeable-Waterproof-XHP70-Searchlight-Super-Bright-5-Modes-LED-Flashlight-Zoom-Bar-Torch-Hiking-Hunting-Camp/490460373?classType=REGULAR&from=/search,Anonymous,,neutral,0.4598,0.5,neutral,roberta,"Light decent, included battery not",Battery didn't work even after a full charge and it said 3/4 when I tried it. Using the regular battery. Also small led indicator lights stay on slightly which over time would drain the power. It is a decent light and didn't cost much so it's hit and miss.,,False,0
490460373,,https://www.walmart.com/ip/90000-Lumens-Powerful-Flashlight-USB-Rechargeable-Waterproof-XHP70-Searchlight-Super-Bright-5-Modes-LED-Flashlight-Zoom-Bar-Torch-Hiking-Hunting-Camp/490460373?classType=REGULAR&from=/search,Anonymous,,neutral,0.4889,0.5,neutral,roberta,this flashlight is not 90000 lumen,"this is not a 90000 lumens flashlight, may be 1000 lumen",,False,0
490460373,,https://www.walmart.com/ip/90000-Lumens-Powerful-Flashlight-USB-Rechargeable-Waterproof-XHP70-Searchlight-Super-Bright-5-Modes-LED-Flashlight-Zoom-Bar-Torch-Hiking-Hunting-Camp/490460373?classType=REGULAR&from=/search,Anonymous,,neutral,0.6822,0.5,neutral,roberta,Bright flashlight,Bright flashlight and optional battery or charging battery included. Adjustable wide or narrow coverage.,,False,0
490460373,,https://www.walmart.com/ip/90000-Lumens-Powerful-Flashlight-USB-Rechargeable-Waterproof-XHP70-Searchlight-Super-Bright-5-Modes-LED-Flashlight-Zoom-Bar-Torch-Hiking-Hunting-Camp/490460373?classType=REGULAR&from=/search,Anonymous,,neutral,0.734,0.5,neutral,roberta,,didn't know won't blue battery for when it's came still have it,,False,0
490460373,,https://www.walmart.com/ip/90000-Lumens-Powerful-Flashlight-USB-Rechargeable-Waterproof-XHP70-Searchlight-Super-Bright-5-Modes-LED-Flashlight-Zoom-Bar-Torch-Hiking-Hunting-Camp/490460373?classType=REGULAR&from=/search,Anonymous,,neutral,0.6236,0.5,neutral,roberta,For the guy who wants a smaller flashlight.,Stocking stuffer for the per half of guys in the family. Because guys like flashlights Rechargeable. .,,False,0
490460373,,https://www.walmart.com/ip/90000-Lumens-Powerful-Flashlight-USB-Rechargeable-Waterproof-XHP70-Searchlight-Super-Bright-5-Modes-LED-Flashlight-Zoom-Bar-Torch-Hiking-Hunting-Camp/490460373?classType=REGULAR&from=/search,Anonymous,,neutral,0.4122,0.5,neutral,roberta,,This flash light provides a excellent lighting but the battery does not last long and takes a long time to recharge,,False,0
490460373,,https://www.walmart.com/ip/90000-Lumens-Powerful-Flashlight-USB-Rechargeable-Waterproof-XHP70-Searchlight-Super-Bright-5-Modes-LED-Flashlight-Zoom-Bar-Torch-Hiking-Hunting-Camp/490460373?classType=REGULAR&from=/search,Anonymous,,neutral,0.4686,0.5,neutral,roberta,,I like that it was cheap but it was nowhere near the Lum said it was,,False,0
490460373,,https://www.walmart.com/ip/90000-Lumens-Powerful-Flashlight-USB-Rechargeable-Waterproof-XHP70-Searchlight-Super-Bright-5-Modes-LED-Flashlight-Zoom-Bar-Torch-Hiking-Hunting-Camp/490460373?classType=REGULAR&from=/search,Anonymous,,neutral,0.5841,0.5,neutral,roberta,Bright but will battery last?,Jury still out...Tim will tell if battery dies early or needs recharging too often.,,False,0
490460373,,https://www.walmart.com/ip/90000-Lumens-Powerful-Flashlight-USB-Rechargeable-Waterproof-XHP70-Searchlight-Super-Bright-5-Modes-LED-Flashlight-Zoom-Bar-Torch-Hiking-Hunting-Camp/490460373?classType=REGULAR&from=/search,Anonymous,,neutral,0.4947,0.5,neutral,roberta,iPhone light x2,"3 starts cause it's a flashlight. It is not 90,000 lumens more like 9,000 Confusion lots of twist and turns not one and done lights on.",,False,0
490460373,,https://www.walmart.com/ip/90000-Lumens-Powerful-Flashlight-USB-Rechargeable-Waterproof-XHP70-Searchlight-Super-Bright-5-Modes-LED-Flashlight-Zoom-Bar-Torch-Hiking-Hunting-Camp/490460373?classType=REGULAR&from=/search,Anonymous,,neutral,0.5312,0.5,neutral,roberta,,I like it I was gonna buy another but the price went up when I was going to buy another and there was some smoke coming out of the light I don’t know if I can take it back to Walmart so I can get another I took a picture where it smoky coming out of it,,False,0
490460373,,https://www.walmart.com/ip/90000-Lumens-Powerful-Flashlight-USB-Rechargeable-Waterproof-XHP70-Searchlight-Super-Bright-5-Modes-LED-Flashlight-Zoom-Bar-Torch-Hiking-Hunting-Camp/490460373?classType=REGULAR&from=/search,Anonymous,,neutral,0.5214,0.5,neutral,roberta,,"It's very brite but for the size it should be brighter and def not 90,000 lumens",,False,0
490460373,,https://www.walmart.com/ip/90000-Lumens-Powerful-Flashlight-USB-Rechargeable-Waterproof-XHP70-Searchlight-Super-Bright-5-Modes-LED-Flashlight-Zoom-Bar-Torch-Hiking-Hunting-Camp/490460373?classType=REGULAR&from=/search,Anonymous,,neutral,0.5972,0.5,neutral,roberta,emergency light,requires batteries for it to work. thought being a rechargable meant it could use batteries or not....but without batteries it only worked while pluged in. still it produces a nice light. light weight,,False,0
490460373,,https://www.walmart.com/ip/90000-Lumens-Powerful-Flashlight-USB-Rechargeable-Waterproof-XHP70-Searchlight-Super-Bright-5-Modes-LED-Flashlight-Zoom-Bar-Torch-Hiking-Hunting-Camp/490460373?classType=REGULAR&from=/search,Anonymous,,neutral,0.4479,0.5,neutral,roberta,It's okay.,"It's a nice flashlight but it's no brighter than my 6,000 lumen flashlight.",,False,0
490460373,,https://www.walmart.com/ip/90000-Lumens-Powerful-Flashlight-USB-Rechargeable-Waterproof-XHP70-Searchlight-Super-Bright-5-Modes-LED-Flashlight-Zoom-Bar-Torch-Hiking-Hunting-Camp/490460373?classType=REGULAR&from=/search,Anonymous,,neutral,0.767,0.5,neutral,roberta,Return to sender,The bulb stays on when charging. It won't stay on during use.,,False,0
490460373,,https://www.walmart.com/ip/90000-Lumens-Powerful-Flashlight-USB-Rechargeable-Waterproof-XHP70-Searchlight-Super-Bright-5-Modes-LED-Flashlight-Zoom-Bar-Torch-Hiking-Hunting-Camp/490460373?classType=REGULAR&from=/search,Anonymous,,neutral,0.4935,0.5,neutral,roberta,,dead out of the case had to send back for replacement hopefully second one will perform well.,,False,0
490460373,,https://www.walmart.com/ip/90000-Lumens-Powerful-Flashlight-USB-Rechargeable-Waterproof-XHP70-Searchlight-Super-Bright-5-Modes-LED-Flashlight-Zoom-Bar-Torch-Hiking-Hunting-Camp/490460373?classType=REGULAR&from=/search,Anonymous,,neutral,0.6661,0.5,neutral,roberta,,"Small size, but powerful. Havent used yet, to see how it recharges.",,False,0
490460373,,https://www.walmart.com/ip/90000-Lumens-Powerful-Flashlight-USB-Rechargeable-Waterproof-XHP70-Searchlight-Super-Bright-5-Modes-LED-Flashlight-Zoom-Bar-Torch-Hiking-Hunting-Camp/490460373?classType=REGULAR&from=/search,Anonymous,,neutral,0.7228,0.5,neutral,roberta,just a regular flashlight!,Not the lumens that is listed in description. just a regular flashlight with led power!,,False,0
490460373,,https://www.walmart.com/ip/90000-Lumens-Powerful-Flashlight-USB-Rechargeable-Waterproof-XHP70-Searchlight-Super-Bright-5-Modes-LED-Flashlight-Zoom-Bar-Torch-Hiking-Hunting-Camp/490460373?classType=REGULAR&from=/search,Anonymous,,neutral,0.5562,0.5,neutral,roberta,Not 90k lumens and blue light,No where near 90k lumens and it’s blue light not white that’s all I know about it so far,,False,0
490460373,,https://www.walmart.com/ip/90000-Lumens-Powerful-Flashlight-USB-Rechargeable-Waterproof-XHP70-Searchlight-Super-Bright-5-Modes-LED-Flashlight-Zoom-Bar-Torch-Hiking-Hunting-Camp/490460373?classType=REGULAR&from=/search,Anonymous,,neutral,0.5309,0.5,neutral,roberta,,"It worked for 3 months, I used it rarely, maybe 10 times. It stopped charging and light was flickering.",,False,0
871134872,,https://www.walmart.com/ip/Rechargeable-Spotlight-Super-Bright-135000-Lumen-LED-Flashlight-Handheld-spotlight-Long-Lasting-Large-Flashlight-Searchlight-IP65-Waterproof-Side-lig/871134872?classType=VARIANT&from=/search,Anonymous,,neutral,0.6888,0.5,neutral,roberta,,Item is light and brightness is satisfactory for the value.,,False,0
5419660475,,https://www.walmart.com/ip/LED-Tactical-Flashlight-2000-Lumens-Torch-Metal-Mini-Powerful-Handheld-Military-Grade-Zoomable-Waterproof-Outdoor-Camping-Emergencies-4-Pack/5419660475?classType=VARIANT&from=/search,Anonymous,,neutral,0.6011,0.5,neutral,roberta,,"When I went to but the batteries in, a spring, a brass piece, and the part that holds it together came flying apart as I pulled it out of the flash lite. After searching I found the 3 parts. I guess I will see it I can glue it together, if not I will have 3 working flashlights instead of 4. So remember, you get what you pay for, it is not worth my time to send them back.",,False,0
5419660475,,https://www.walmart.com/ip/LED-Tactical-Flashlight-2000-Lumens-Torch-Metal-Mini-Powerful-Handheld-Military-Grade-Zoomable-Waterproof-Outdoor-Camping-Emergencies-4-Pack/5419660475?classType=VARIANT&from=/search,Anonymous,,neutral,0.4419,0.5,neutral,roberta,,it doesn't put out as much light as I thought it would. still a good little flashlight,,False,0
1083497281,,https://www.walmart.com/ip/Swiss-Tech-Steigern-2000-Lumen-LED-Rechargeable-Flashlight-IPX7-Waterproof-Digital-Focusing/1083497281?classType=VARIANT&from=/search,Anonymous,,neutral,0.4654,0.5,neutral,roberta,Powerful,"Powerful. I question the 30 battery life on the 2,000 lumen setting though.",,False,0
1083497281,,https://www.walmart.com/ip/Swiss-Tech-Steigern-2000-Lumen-LED-Rechargeable-Flashlight-IPX7-Waterproof-Digital-Focusing/1083497281?classType=VARIANT&from=/search,Anonymous,,neutral,0.5736,0.5,neutral,roberta,Flash Light,I needed a flash light that was powerful enough for me to see my entire backyard. We have coyotes and need to see if any are around when we go out at night.,,False,0
1916713095,,https://www.walmart.com/ip/Rechargeable-Flashlight-High-Lumens-120000-Lumens-XHP70-2-Super-Bright-Powerful-Tactical-LED-Flashlights-Zoomable-5-Modes-Waterproof-Flashlight-Emerg/1916713095?classType=VARIANT&from=/search,Anonymous,,neutral,0.4773,0.5,neutral,roberta,"Really, Really Bright","The light is indeed as bright as the picture shows. Note though, it is heavy, and awkward in the hand. If you are looking for an easy to hold and use for work around the home, perhaps not the best. If you are looking for a really, really bright light to illuminate a big area, this is the one",,False,0
1916713095,,https://www.walmart.com/ip/Rechargeable-Flashlight-High-Lumens-120000-Lumens-XHP70-2-Super-Bright-Powerful-Tactical-LED-Flashlights-Zoomable-5-Modes-Waterproof-Flashlight-Emerg/1916713095?classType=VARIANT&from=/search,Anonymous,,neutral,0.4985,0.5,neutral,roberta,Bright light that needs just a bit of redesign,The light is certainly as bright (or brighter) as advertised. I think a charger should have been included. The rechargeable battery runs down quickly on high beam but recharges quickly. Having to press the on/off/mode switch 5 times to turn the light off is a nuisance and causes unnecessary wear on the switch I'm certain. Altogether a good light at a good price but requires a bit of redesign.,,False,0
595749589,,https://www.walmart.com/ip/COAST-PX22-100-Lumen-Alkaline-Power-IP54-Rated-LED-Flashlight-1-41-oz/595749589?classType=VARIANT&athbdg=L1600&from=/search,Anonymous,,neutral,0.6358,0.5,neutral,roberta,Compact size to use at home or outdoor activities.,"I read the dimensions before I placed the order. It's small. But it meets what I need. This is only for me to use at home. Most of the time, I use it to look for items in the corners. Or sometime I brought it with me when I went out for run with my kids. They like to check the woods along the greenways.",,False,0
595749589,,https://www.walmart.com/ip/COAST-PX22-100-Lumen-Alkaline-Power-IP54-Rated-LED-Flashlight-1-41-oz/595749589?classType=VARIANT&athbdg=L1600&from=/search,Anonymous,,neutral,0.524,0.5,neutral,roberta,Compact and bright for it's size,"I can't speak to durability long term, but it seems pretty solidly built. Since it uses one AAA battery, replacements are cheap and readily available. It you want a rechargeable battery, you can just buy rechargeable batteries instead of buying something with a proprietary battery that will eventually wear out. Seems to put out a lot of light for it's size, but I don't know how long the battery will last. It's one drawback, is that the switch button sticks out, so it can accidentally be turned on. It might also crack and compromise the flashlight's water resistance.",,False,0
595749589,,https://www.walmart.com/ip/COAST-PX22-100-Lumen-Alkaline-Power-IP54-Rated-LED-Flashlight-1-41-oz/595749589?classType=VARIANT&athbdg=L1600&from=/search,Anonymous,,neutral,0.4226,0.5,neutral,roberta,,"it was stolen but i used it constantly for a week or so its very tiny which worked out for me as most nights i end up with it in my mouth as i wrestle with a cat or two trying to get them inside and not eaten. great light, perfect amount of lumen, so-so on battery life but i havent been happy with that in products for a while.",,False,0
595749589,,https://www.walmart.com/ip/COAST-PX22-100-Lumen-Alkaline-Power-IP54-Rated-LED-Flashlight-1-41-oz/595749589?classType=VARIANT&athbdg=L1600&from=/search,Anonymous,,neutral,0.5118,0.5,neutral,roberta,,"Sturdy, quality mechanism. Not my first Coast flashlight.",,False,0
